ISO-10303-21;
HEADER;
FILE_DESCRIPTION (( 'STEP AP214' ),
    '1' );
FILE_NAME ('KCDX-5S-N.STEP',
    '2024-01-29T02:23:43',
    ( '' ),
    ( '' ),
    'SwSTEP 2.0',
    'SolidWorks 2023',
    '' );
FILE_SCHEMA (( 'AUTOMOTIVE_DESIGN' ));
ENDSEC;

DATA;
#1 = CARTESIAN_POINT ( 'NONE',  ( 0.000000000000000000, 4.638380150999999785, 0.000000000000000000 ) ) ;
#2 = CARTESIAN_POINT ( 'NONE',  ( 0.000000000000000000, 1.000000000000000000, -11.95000000000000107 ) ) ;
#3 = EDGE_CURVE ( 'NONE', #3134, #7109, #2015, .T. ) ;
#4 = ADVANCED_FACE ( 'NONE', ( #4410 ), #1965, .F. ) ;
#5 = VERTEX_POINT ( 'NONE', #6316 ) ;
#6 = CARTESIAN_POINT ( 'NONE',  ( 5.500000000000000000, -2.000000000000000000, -3.149999999999999911 ) ) ;
#7 = ORIENTED_EDGE ( 'NONE', *, *, #3129, .F. ) ;
#8 = VERTEX_POINT ( 'NONE', #879 ) ;
#9 = DIRECTION ( 'NONE',  ( 1.000000000000000000, 0.000000000000000000, 0.000000000000000000 ) ) ;
#10 = FACE_OUTER_BOUND ( 'NONE', #877, .T. ) ;
#11 = EDGE_CURVE ( 'NONE', #5549, #2318, #2712, .T. ) ;
#12 = ORIENTED_EDGE ( 'NONE', *, *, #1564, .T. ) ;
#13 = DIRECTION ( 'NONE',  ( 0.9135454592513384542, -0.4067366394625165915, 0.000000000000000000 ) ) ;
#14 = EDGE_LOOP ( 'NONE', ( #7807, #536, #3115, #6829 ) ) ;
#15 = SURFACE_SIDE_STYLE ('',( #4125 ) ) ;
#16 = ORIENTED_EDGE ( 'NONE', *, *, #4812, .F. ) ;
#17 = UNCERTAINTY_MEASURE_WITH_UNIT (LENGTH_MEASURE( 1.000000000000000082E-05 ), #475, 'distance_accuracy_value', 'NONE');
#18 = ORIENTED_EDGE ( 'NONE', *, *, #4495, .T. ) ;
#19 = DIRECTION ( 'NONE',  ( 0.7880107533181683888, -0.6156614756949899681, 0.000000000000000000 ) ) ;
#20 = DIRECTION ( 'NONE',  ( 0.000000000000000000, 0.000000000000000000, 1.000000000000000000 ) ) ;
#21 = CIRCLE ( 'NONE', #3339, 1.000000000000000000 ) ;
#22 = EDGE_CURVE ( 'NONE', #6142, #3431, #6940, .T. ) ;
#23 = ORIENTED_EDGE ( 'NONE', *, *, #5260, .T. ) ;
#24 = PRESENTATION_STYLE_ASSIGNMENT (( #4760 ) ) ;
#25 = CARTESIAN_POINT ( 'NONE',  ( 0.3500000000000000333, -1.300000000000000044, -13.00000000000000178 ) ) ;
#26 = AXIS2_PLACEMENT_3D ( 'NONE', #7808, #1140, #5938 ) ;
#27 = VERTEX_POINT ( 'NONE', #2275 ) ;
#28 = STYLED_ITEM ( 'NONE', ( #5780 ), #7583 ) ;
#29 = DIRECTION ( 'NONE',  ( -0.000000000000000000, -1.000000000000000000, -0.000000000000000000 ) ) ;
#30 = DIRECTION ( 'NONE',  ( 0.000000000000000000, 1.000000000000000000, 0.000000000000000000 ) ) ;
#31 = STYLED_ITEM ( 'NONE', ( #4368 ), #846 ) ;
#32 = VECTOR ( 'NONE', #4997, 1000.000000000000227 ) ;
#33 = EDGE_CURVE ( 'NONE', #6164, #3127, #812, .T. ) ;
#34 = FACE_OUTER_BOUND ( 'NONE', #1016, .T. ) ;
#35 = EDGE_LOOP ( 'NONE', ( #5001, #2274, #6872, #3283 ) ) ;
#36 = CARTESIAN_POINT ( 'NONE',  ( 1.574999999832216169, 6.779999999367755770, -11.90000000000000036 ) ) ;
#37 = SURFACE_STYLE_USAGE ( .BOTH. , #7277 ) ;
#38 = COLOUR_RGB ( '',0.7529411764705882248, 0.7529411764705882248, 0.7529411764705882248 ) ;
#39 = DIRECTION ( 'NONE',  ( 0.1718749999592381894, -0.9851187666413688815, 0.000000000000000000 ) ) ;
#40 = CARTESIAN_POINT ( 'NONE',  ( 5.350000005000004499, 0.000000000000000000, -6.675000000000002487 ) ) ;
#41 = CARTESIAN_POINT ( 'NONE',  ( -0.3500000000000000333, 1.000000000000000000, -11.95000000000000107 ) ) ;
#42 = ORIENTED_EDGE ( 'NONE', *, *, #5011, .F. ) ;
#43 = AXIS2_PLACEMENT_3D ( 'NONE', #3773, #919, #3931 ) ;
#44 = VERTEX_POINT ( 'NONE', #3966 ) ;
#45 = ORIENTED_EDGE ( 'NONE', *, *, #6646, .F. ) ;
#46 = LINE ( 'NONE', #3637, #4228 ) ;
#47 = EDGE_CURVE ( 'NONE', #2971, #4946, #4561, .T. ) ;
#48 = DIRECTION ( 'NONE',  ( 1.000000000000000000, 0.000000000000000000, 0.000000000000000000 ) ) ;
#49 = EDGE_CURVE ( 'NONE', #2738, #3107, #2724, .T. ) ;
#50 =( GEOMETRIC_REPRESENTATION_CONTEXT ( 3 ) GLOBAL_UNCERTAINTY_ASSIGNED_CONTEXT ( ( #1817 ) ) GLOBAL_UNIT_ASSIGNED_CONTEXT ( ( #1186, #78, #3001 ) ) REPRESENTATION_CONTEXT ( 'NONE', 'WORKASPACE' ) );
#51 = ORIENTED_EDGE ( 'NONE', *, *, #7690, .T. ) ;
#52 = LINE ( 'NONE', #5033, #236 ) ;
#53 = EDGE_LOOP ( 'NONE', ( #6856, #7453, #5143, #1826 ) ) ;
#54 = EDGE_CURVE ( 'NONE', #2710, #1049, #6011, .T. ) ;
#55 = EDGE_CURVE ( 'NONE', #1691, #5830, #3437, .T. ) ;
#56 = EDGE_LOOP ( 'NONE', ( #5686, #3797, #1362, #23 ) ) ;
#57 = SURFACE_STYLE_FILL_AREA ( #1968 ) ;
#58 = SURFACE_SIDE_STYLE ('',( #679 ) ) ;
#59 = DIRECTION ( 'NONE',  ( 0.000000000000000000, 1.000000000000000000, 0.000000000000000000 ) ) ;
#60 = COLOUR_RGB ( '',0.7529411764705882248, 0.7529411764705882248, 0.7529411764705882248 ) ;
#61 = CARTESIAN_POINT ( 'NONE',  ( 9.725000000000001421, 0.000000000000000000, -0.9500000000000000666 ) ) ;
#62 = ORIENTED_EDGE ( 'NONE', *, *, #2130, .T. ) ;
#63 = DIRECTION ( 'NONE',  ( 0.000000000000000000, 1.000000000000000000, 0.000000000000000000 ) ) ;
#64 =( NAMED_UNIT ( * ) SI_UNIT ( $, .STERADIAN. ) SOLID_ANGLE_UNIT ( ) );
#65 = LINE ( 'NONE', #2525, #4449 ) ;
#66 = STYLED_ITEM ( 'NONE', ( #3617 ), #2817 ) ;
#67 = EDGE_CURVE ( 'NONE', #6307, #675, #7584, .T. ) ;
#68 = ORIENTED_EDGE ( 'NONE', *, *, #1200, .F. ) ;
#69 =( NAMED_UNIT ( * ) SI_UNIT ( $, .STERADIAN. ) SOLID_ANGLE_UNIT ( ) );
#70 =( NAMED_UNIT ( * ) PLANE_ANGLE_UNIT ( ) SI_UNIT ( $, .RADIAN. ) );
#71 = AXIS2_PLACEMENT_3D ( 'NONE', #3385, #270, #6847 ) ;
#72 = FILL_AREA_STYLE ('',( #6601 ) ) ;
#73 = FACE_OUTER_BOUND ( 'NONE', #1773, .T. ) ;
#74 = ORIENTED_EDGE ( 'NONE', *, *, #5556, .T. ) ;
#75 = DIRECTION ( 'NONE',  ( -0.000000000000000000, -0.4170690758590134273, 0.9088747911357804021 ) ) ;
#76 = CIRCLE ( 'NONE', #989, 0.4999999999999987232 ) ;
#77 = AXIS2_PLACEMENT_3D ( 'NONE', #3293, #5645, #2016 ) ;
#78 =( NAMED_UNIT ( * ) PLANE_ANGLE_UNIT ( ) SI_UNIT ( $, .RADIAN. ) );
#79 = EDGE_CURVE ( 'NONE', #7551, #262, #4627, .T. ) ;
#80 = CARTESIAN_POINT ( 'NONE',  ( 7.149999999999999467, 2.899999999999999911, -12.62500000000000000 ) ) ;
#81 = LINE ( 'NONE', #198, #2538 ) ;
#82 = AXIS2_PLACEMENT_3D ( 'NONE', #6282, #3219, #839 ) ;
#83 = VERTEX_POINT ( 'NONE', #2163 ) ;
#84 = STYLED_ITEM ( 'NONE', ( #5322 ), #3702 ) ;
#85 = ORIENTED_EDGE ( 'NONE', *, *, #618, .T. ) ;
#86 = ORIENTED_EDGE ( 'NONE', *, *, #22, .T. ) ;
#87 = EDGE_LOOP ( 'NONE', ( #4553, #7124, #6187, #4530 ) ) ;
#88 = CARTESIAN_POINT ( 'NONE',  ( 0.3000000000000000444, 5.198380150999999394, -10.25000000000000000 ) ) ;
#89 = EDGE_CURVE ( 'NONE', #7423, #7792, #6983, .T. ) ;
#90 = VERTEX_POINT ( 'NONE', #950 ) ;
#91 =( GEOMETRIC_REPRESENTATION_CONTEXT ( 3 ) GLOBAL_UNCERTAINTY_ASSIGNED_CONTEXT ( ( #2980 ) ) GLOBAL_UNIT_ASSIGNED_CONTEXT ( ( #2954, #4063, #1831 ) ) REPRESENTATION_CONTEXT ( 'NONE', 'WORKASPACE' ) );
#92 = VERTEX_POINT ( 'NONE', #4078 ) ;
#93 = UNCERTAINTY_MEASURE_WITH_UNIT (LENGTH_MEASURE( 1.000000000000000082E-05 ), #784, 'distance_accuracy_value', 'NONE');
#94 = ORIENTED_EDGE ( 'NONE', *, *, #4545, .T. ) ;
#95 = DIRECTION ( 'NONE',  ( -0.000000000000000000, -0.000000000000000000, 1.000000000000000000 ) ) ;
#96 = CARTESIAN_POINT ( 'NONE',  ( -5.000000000000000000, 10.79999999830000057, -13.35000000000000320 ) ) ;
#97 = LINE ( 'NONE', #3768, #6332 ) ;
#98 = ADVANCED_FACE ( 'NONE', ( #5873 ), #2780, .F. ) ;
#99 = ADVANCED_FACE ( 'NONE', ( #5840 ), #5226, .T. ) ;
#100 = VERTEX_POINT ( 'NONE', #7059 ) ;
#101 = LINE ( 'NONE', #4421, #7035 ) ;
#102 = LINE ( 'NONE', #4464, #2547 ) ;
#103 = MECHANICAL_DESIGN_GEOMETRIC_PRESENTATION_REPRESENTATION (  '', ( #489 ), #2929 ) ;
#104 = ORIENTED_EDGE ( 'NONE', *, *, #3644, .F. ) ;
#105 =( LENGTH_UNIT ( ) NAMED_UNIT ( * ) SI_UNIT ( .MILLI., .METRE. ) );
#106 = DIRECTION ( 'NONE',  ( -0.4067366430846897085, -0.9135454576386430325, 0.000000000000000000 ) ) ;
#107 = CARTESIAN_POINT ( 'NONE',  ( -4.500000000000000888, -0.01000000000000000194, -3.000000000000000000 ) ) ;
#108 =( NAMED_UNIT ( * ) SI_UNIT ( $, .STERADIAN. ) SOLID_ANGLE_UNIT ( ) );
#109 = VECTOR ( 'NONE', #947, 1000.000000000000000 ) ;
#110 = EDGE_CURVE ( 'NONE', #5315, #3183, #1643, .T. ) ;
#111 = DIRECTION ( 'NONE',  ( 0.000000000000000000, 1.000000000000000000, 0.000000000000000000 ) ) ;
#112 = LINE ( 'NONE', #652, #4422 ) ;
#113 = DIRECTION ( 'NONE',  ( 1.000000000000000000, 0.000000000000000000, 0.000000000000000000 ) ) ;
#114 = EDGE_LOOP ( 'NONE', ( #278, #396, #6563, #7170 ) ) ;
#115 = VERTEX_POINT ( 'NONE', #1065 ) ;
#116 = DIRECTION ( 'NONE',  ( -0.000000000000000000, -1.000000000000000000, -0.000000000000000000 ) ) ;
#117 = VECTOR ( 'NONE', #1222, 1000.000000000000227 ) ;
#118 = DIRECTION ( 'NONE',  ( 0.000000000000000000, -0.000000000000000000, 1.000000000000000000 ) ) ;
#119 = CARTESIAN_POINT ( 'NONE',  ( 4.349999999999999645, 1.699000000000000288, -15.50000000000000000 ) ) ;
#120 = DIRECTION ( 'NONE',  ( -0.000000000000000000, -0.000000000000000000, -1.000000000000000000 ) ) ;
#121 = DIRECTION ( 'NONE',  ( 0.6156614747073918537, -0.7880107540897646201, 0.000000000000000000 ) ) ;
#122 = AXIS2_PLACEMENT_3D ( 'NONE', #119, #5501, #4896 ) ;
#123 = ORIENTED_EDGE ( 'NONE', *, *, #6140, .F. ) ;
#124 = VERTEX_POINT ( 'NONE', #2901 ) ;
#125 = ORIENTED_EDGE ( 'NONE', *, *, #4504, .T. ) ;
#126 = LINE ( 'NONE', #245, #1055 ) ;
#127 =( GEOMETRIC_REPRESENTATION_CONTEXT ( 3 ) GLOBAL_UNCERTAINTY_ASSIGNED_CONTEXT ( ( #4081 ) ) GLOBAL_UNIT_ASSIGNED_CONTEXT ( ( #3902, #2248, #5319 ) ) REPRESENTATION_CONTEXT ( 'NONE', 'WORKASPACE' ) );
#128 = VERTEX_POINT ( 'NONE', #5308 ) ;
#129 = CIRCLE ( 'NONE', #4588, 0.7999999999999999334 ) ;
#130 = DIRECTION ( 'NONE',  ( 0.000000000000000000, -0.000000000000000000, 1.000000000000000000 ) ) ;
#131 = ORIENTED_EDGE ( 'NONE', *, *, #6975, .T. ) ;
#132 = PRESENTATION_STYLE_ASSIGNMENT (( #6825 ) ) ;
#133 = EDGE_CURVE ( 'NONE', #614, #3091, #7735, .T. ) ;
#134 = ORIENTED_EDGE ( 'NONE', *, *, #5031, .F. ) ;
#135 = ORIENTED_EDGE ( 'NONE', *, *, #1236, .F. ) ;
#136 = LINE ( 'NONE', #6082, #3862 ) ;
#137 = LINE ( 'NONE', #3252, #4991 ) ;
#138 = DIRECTION ( 'NONE',  ( -0.7658042757547681711, -0.6430737214625668052, -0.000000000000000000 ) ) ;
#139 = CARTESIAN_POINT ( 'NONE',  ( 10.25000000000000000, 19.50000000000000000, -0.8500000000000000888 ) ) ;
#140 = ORIENTED_EDGE ( 'NONE', *, *, #4955, .T. ) ;
#141 = CARTESIAN_POINT ( 'NONE',  ( -9.199999999999999289, 10.44500000000000028, -11.90000000000000036 ) ) ;
#142 = DIRECTION ( 'NONE',  ( 1.000000000000000000, 0.000000000000000000, 0.000000000000000000 ) ) ;
#143 = DIRECTION ( 'NONE',  ( 0.000000000000000000, 0.000000000000000000, 1.000000000000000000 ) ) ;
#144 = EDGE_LOOP ( 'NONE', ( #4337, #1316, #5499, #5953 ) ) ;
#145 = PLANE ( 'NONE',  #7654 ) ;
#146 = DIRECTION ( 'NONE',  ( -0.6427876098746131417, -0.7660444429611652506, 0.000000000000000000 ) ) ;
#147 = EDGE_CURVE ( 'NONE', #5254, #6142, #46, .T. ) ;
#148 = PRODUCT_DEFINITION_FORMATION_WITH_SPECIFIED_SOURCE ( 'ANY', '', #4749, .NOT_KNOWN. ) ;
#149 = EDGE_CURVE ( 'NONE', #3297, #5630, #7774, .T. ) ;
#150 = LINE ( 'NONE', #6291, #7682 ) ;
#151 = SURFACE_STYLE_FILL_AREA ( #3191 ) ;
#152 = CARTESIAN_POINT ( 'NONE',  ( 7.150000008799999307, 10.44500000000000028, -11.90000000000000036 ) ) ;
#153 = AXIS2_PLACEMENT_3D ( 'NONE', #5188, #7022, #3996 ) ;
#154 = FACE_OUTER_BOUND ( 'NONE', #1929, .T. ) ;
#155 = VECTOR ( 'NONE', #3698, 1000.000000000000000 ) ;
#156 = DIRECTION ( 'NONE',  ( -0.000000000000000000, -0.000000000000000000, -1.000000000000000000 ) ) ;
#157 = ORIENTED_EDGE ( 'NONE', *, *, #2240, .T. ) ;
#158 = FACE_OUTER_BOUND ( 'NONE', #5431, .T. ) ;
#159 = EDGE_CURVE ( 'NONE', #2969, #3892, #2353, .T. ) ;
#160 = LINE ( 'NONE', #6261, #431 ) ;
#161 =( GEOMETRIC_REPRESENTATION_CONTEXT ( 3 ) GLOBAL_UNCERTAINTY_ASSIGNED_CONTEXT ( ( #4957 ) ) GLOBAL_UNIT_ASSIGNED_CONTEXT ( ( #357, #2159, #2229 ) ) REPRESENTATION_CONTEXT ( 'NONE', 'WORKASPACE' ) );
#162 = LINE ( 'NONE', #5021, #3141 ) ;
#163 = EDGE_LOOP ( 'NONE', ( #1421, #6080, #1350, #2313, #3215, #6929, #1112, #4312 ) ) ;
#164 = VERTEX_POINT ( 'NONE', #7175 ) ;
#165 = CARTESIAN_POINT ( 'NONE',  ( 0.000000000000000000, 10.00000000000000000, -1.700000000000000178 ) ) ;
#166 = VECTOR ( 'NONE', #7548, 1000.000000000000000 ) ;
#167 = EDGE_LOOP ( 'NONE', ( #6286, #1138, #7266, #6486, #5383, #3353, #1824, #1278, #6697, #361 ) ) ;
#168 = LINE ( 'NONE', #2011, #7209 ) ;
#169 = ORIENTED_EDGE ( 'NONE', *, *, #2045, .T. ) ;
#170 = FILL_AREA_STYLE ('',( #6276 ) ) ;
#171 = UNCERTAINTY_MEASURE_WITH_UNIT (LENGTH_MEASURE( 1.000000000000000082E-05 ), #2948, 'distance_accuracy_value', 'NONE');
#172 = VECTOR ( 'NONE', #1935, 1000.000000000000114 ) ;
#173 = ORIENTED_EDGE ( 'NONE', *, *, #6289, .T. ) ;
#174 = DIRECTION ( 'NONE',  ( 0.000000000000000000, 0.000000000000000000, -1.000000000000000000 ) ) ;
#175 = DIRECTION ( 'NONE',  ( -1.000000000000000000, -0.000000000000000000, -0.000000000000000000 ) ) ;
#176 = FILL_AREA_STYLE ('',( #3144 ) ) ;
#177 = EDGE_CURVE ( 'NONE', #4913, #7063, #3013, .T. ) ;
#178 = AXIS2_PLACEMENT_3D ( 'NONE', #7268, #4219, #6754 ) ;
#179 = VERTEX_POINT ( 'NONE', #4164 ) ;
#180 = DIRECTION ( 'NONE',  ( 0.000000000000000000, 0.000000000000000000, 1.000000000000000000 ) ) ;
#181 = LINE ( 'NONE', #2136, #3173 ) ;
#182 = VERTEX_POINT ( 'NONE', #7290 ) ;
#183 = LINE ( 'NONE', #3302, #1727 ) ;
#184 = CARTESIAN_POINT ( 'NONE',  ( 9.199999999999999289, 2.899999999999999911, -12.62500000000000000 ) ) ;
#185 = VECTOR ( 'NONE', #5239, 1000.000000000000000 ) ;
#186 = FILL_AREA_STYLE ('',( #1462 ) ) ;
#187 = CARTESIAN_POINT ( 'NONE',  ( -1.496206600999999914, 7.358516468999998672, 0.000000000000000000 ) ) ;
#188 = ADVANCED_FACE ( 'NONE', ( #7858 ), #3055, .F. ) ;
#189 = FACE_OUTER_BOUND ( 'NONE', #2459, .T. ) ;
#190 = VECTOR ( 'NONE', #2739, 1000.000000000000000 ) ;
#191 = CARTESIAN_POINT ( 'NONE',  ( -1.350000002600000082, 15.69209978751075951, -10.25000000000000000 ) ) ;
#192 = ORIENTED_EDGE ( 'NONE', *, *, #7696, .T. ) ;
#193 = DIRECTION ( 'NONE',  ( -0.7547095800460229542, -0.6560590291938338536, 0.000000000000000000 ) ) ;
#194 = DIRECTION ( 'NONE',  ( 0.000000000000000000, -0.000000000000000000, 1.000000000000000000 ) ) ;
#195 = DIRECTION ( 'NONE',  ( -1.000000000000000000, 0.000000000000000000, 0.000000000000000000 ) ) ;
#196 = DIRECTION ( 'NONE',  ( 0.6977825095495630014, 0.7163096881703568952, 0.000000000000000000 ) ) ;
#197 = DIRECTION ( 'NONE',  ( 0.000000000000000000, 0.000000000000000000, 1.000000000000000000 ) ) ;
#198 = CARTESIAN_POINT ( 'NONE',  ( 4.064953970000000361, 8.789611119499999958, -10.25000000000000000 ) ) ;
#199 = EDGE_CURVE ( 'NONE', #6707, #164, #1151, .T. ) ;
#200 = ORIENTED_EDGE ( 'NONE', *, *, #1802, .F. ) ;
#201 = ADVANCED_FACE ( 'NONE', ( #5990 ), #1885, .F. ) ;
#202 = COLOUR_RGB ( '',0.7529411764705882248, 0.7529411764705882248, 0.7529411764705882248 ) ;
#203 = ORIENTED_EDGE ( 'NONE', *, *, #1701, .F. ) ;
#204 = STYLED_ITEM ( 'NONE', ( #4488 ), #3323 ) ;
#205 = ORIENTED_EDGE ( 'NONE', *, *, #4717, .F. ) ;
#206 = CARTESIAN_POINT ( 'NONE',  ( 3.500000000000000000, 10.00000000000000000, -10.25000000000000000 ) ) ;
#207 = CARTESIAN_POINT ( 'NONE',  ( -1.700000000000000178, 2.704782775500000458, -10.25000000000000000 ) ) ;
#208 = VECTOR ( 'NONE', #7156, 1000.000000000000000 ) ;
#209 =( GEOMETRIC_REPRESENTATION_CONTEXT ( 3 ) GLOBAL_UNCERTAINTY_ASSIGNED_CONTEXT ( ( #501 ) ) GLOBAL_UNIT_ASSIGNED_CONTEXT ( ( #4637, #4052, #4680 ) ) REPRESENTATION_CONTEXT ( 'NONE', 'WORKASPACE' ) );
#210 = DIRECTION ( 'NONE',  ( -1.000000000000000000, 0.000000000000000000, 0.000000000000000000 ) ) ;
#211 = EDGE_CURVE ( 'NONE', #2396, #745, #21, .T. ) ;
#212 = ORIENTED_EDGE ( 'NONE', *, *, #7790, .T. ) ;
#213 = DIRECTION ( 'NONE',  ( 0.000000000000000000, 0.000000000000000000, 1.000000000000000000 ) ) ;
#214 = PRESENTATION_LAYER_ASSIGNMENT (  '', '', ( #3523 ) ) ;
#215 = CARTESIAN_POINT ( 'NONE',  ( 7.850000000133332101, 0.9999999996080000120, -13.35000000013333299 ) ) ;
#216 = DIRECTION ( 'NONE',  ( 1.000000000000000000, 0.000000000000000000, 0.000000000000000000 ) ) ;
#217 = DIRECTION ( 'NONE',  ( 0.000000000000000000, 0.000000000000000000, 1.000000000000000000 ) ) ;
#218 = CARTESIAN_POINT ( 'NONE',  ( 5.649999999500000314, 0.000000000000000000, -3.149999999399999862 ) ) ;
#219 = COLOUR_RGB ( '',0.7529411764705882248, 0.7529411764705882248, 0.7529411764705882248 ) ;
#220 = ORIENTED_EDGE ( 'NONE', *, *, #582, .T. ) ;
#221 = DIRECTION ( 'NONE',  ( 0.6427876130084041462, -0.7660444403316024609, 0.000000000000000000 ) ) ;
#222 = DIRECTION ( 'NONE',  ( 0.000000000000000000, 0.000000000000000000, 1.000000000000000000 ) ) ;
#223 = DIRECTION ( 'NONE',  ( 0.000000000000000000, 0.000000000000000000, -1.000000000000000000 ) ) ;
#224 = EDGE_LOOP ( 'NONE', ( #6245, #4701, #7571, #3842, #7341, #7353, #1240, #497 ) ) ;
#225 = PRODUCT_DEFINITION ( 'UNKNOWN', '', #148, #6317 ) ;
#226 = SURFACE_SIDE_STYLE ('',( #1982 ) ) ;
#227 = LINE ( 'NONE', #775, #7569 ) ;
#228 = DIRECTION ( 'NONE',  ( 0.000000000000000000, -0.000000000000000000, 1.000000000000000000 ) ) ;
#229 = AXIS2_PLACEMENT_3D ( 'NONE', #3258, #1458, #2681 ) ;
#230 =( LENGTH_UNIT ( ) NAMED_UNIT ( * ) SI_UNIT ( .MILLI., .METRE. ) );
#231 = CARTESIAN_POINT ( 'NONE',  ( 7.849999999999999645, 2.900000001531334082, -13.35000000026666811 ) ) ;
#232 = VERTEX_POINT ( 'NONE', #1407 ) ;
#233 = EDGE_CURVE ( 'NONE', #5567, #1927, #3838, .T. ) ;
#234 = CARTESIAN_POINT ( 'NONE',  ( 0.8750000000000001110, 3.079437395499999841, -5.816465462000000031 ) ) ;
#235 = CARTESIAN_POINT ( 'NONE',  ( 0.000000000000000000, 2.899999999999999911, -11.90000000000000036 ) ) ;
#236 = VECTOR ( 'NONE', #7335, 1000.000000000000114 ) ;
#237 = LINE ( 'NONE', #6262, #1169 ) ;
#238 = EDGE_CURVE ( 'NONE', #6621, #1324, #126, .T. ) ;
#239 = LINE ( 'NONE', #5790, #4288 ) ;
#240 = CARTESIAN_POINT ( 'NONE',  ( 0.000000000000000000, 8.376549286320582155, -13.95000000000000107 ) ) ;
#241 = VERTEX_POINT ( 'NONE', #3798 ) ;
#242 = ORIENTED_EDGE ( 'NONE', *, *, #6377, .T. ) ;
#243 = EDGE_LOOP ( 'NONE', ( #2764, #3559, #7537, #2478 ) ) ;
#244 = CARTESIAN_POINT ( 'NONE',  ( 2.152319812999999638, 7.372648519000000178, -13.35000000000000320 ) ) ;
#245 = CARTESIAN_POINT ( 'NONE',  ( 7.849999999999999645, 0.6002500000000002833, -13.00000000075000095 ) ) ;
#246 = EDGE_CURVE ( 'NONE', #5630, #7363, #5495, .T. ) ;
#247 = EDGE_CURVE ( 'NONE', #6815, #6425, #7459, .T. ) ;
#248 = STYLED_ITEM ( 'NONE', ( #574 ), #6589 ) ;
#249 = ORIENTED_EDGE ( 'NONE', *, *, #2144, .F. ) ;
#250 = ORIENTED_EDGE ( 'NONE', *, *, #6347, .T. ) ;
#251 =( NAMED_UNIT ( * ) SI_UNIT ( $, .STERADIAN. ) SOLID_ANGLE_UNIT ( ) );
#252 = ORIENTED_EDGE ( 'NONE', *, *, #4909, .T. ) ;
#253 = AXIS2_PLACEMENT_3D ( 'NONE', #926, #3976, #2031 ) ;
#254 = SURFACE_SIDE_STYLE ('',( #7469 ) ) ;
#255 =( LENGTH_UNIT ( ) NAMED_UNIT ( * ) SI_UNIT ( .MILLI., .METRE. ) );
#256 = DIRECTION ( 'NONE',  ( 0.000000000000000000, -0.000000000000000000, 1.000000000000000000 ) ) ;
#257 = MECHANICAL_DESIGN_GEOMETRIC_PRESENTATION_REPRESENTATION (  '', ( #3960 ), #3071 ) ;
#258 = ORIENTED_EDGE ( 'NONE', *, *, #3825, .T. ) ;
#259 = CARTESIAN_POINT ( 'NONE',  ( 3.279816455999999825, 10.76910285800000189, -10.25000000000000000 ) ) ;
#260 = CARTESIAN_POINT ( 'NONE',  ( -0.3500000000000000333, 0.3999999999999999667, -13.00000000000000355 ) ) ;
#261 = CARTESIAN_POINT ( 'NONE',  ( 7.150000000000000355, 0.3999999973200000780, -13.00000000050000004 ) ) ;
#262 = VERTEX_POINT ( 'NONE', #6269 ) ;
#263 = LINE ( 'NONE', #2722, #5764 ) ;
#264 = SURFACE_STYLE_USAGE ( .BOTH. , #3973 ) ;
#265 = SURFACE_STYLE_USAGE ( .BOTH. , #774 ) ;
#266 = EDGE_CURVE ( 'NONE', #6192, #5640, #2586, .T. ) ;
#267 = LINE ( 'NONE', #5129, #1781 ) ;
#268 = SURFACE_STYLE_FILL_AREA ( #6921 ) ;
#269 = DIRECTION ( 'NONE',  ( 0.000000000000000000, -0.000000000000000000, 1.000000000000000000 ) ) ;
#270 = DIRECTION ( 'NONE',  ( -1.000000000000000000, 0.000000000000000000, 0.000000000000000000 ) ) ;
#271 = EDGE_LOOP ( 'NONE', ( #7815, #4041, #6713, #5557 ) ) ;
#272 = ORIENTED_EDGE ( 'NONE', *, *, #2805, .F. ) ;
#273 = CARTESIAN_POINT ( 'NONE',  ( 7.859999999999998543, 0.000000000000000000, -4.400000000000000355 ) ) ;
#274 = CARTESIAN_POINT ( 'NONE',  ( 0.000000000000000000, 8.125000000089720231, -13.35000000032535183 ) ) ;
#275 = DIRECTION ( 'NONE',  ( 1.000000000000000000, 0.000000000000000000, 0.000000000000000000 ) ) ;
#276 = AXIS2_PLACEMENT_3D ( 'NONE', #1499, #4425, #3817 ) ;
#277 = EDGE_CURVE ( 'NONE', #90, #6865, #1718, .T. ) ;
#278 = ORIENTED_EDGE ( 'NONE', *, *, #6481, .T. ) ;
#279 = VERTEX_POINT ( 'NONE', #5593 ) ;
#280 = ORIENTED_EDGE ( 'NONE', *, *, #7644, .T. ) ;
#281 = DIRECTION ( 'NONE',  ( 1.000000000000000000, 0.000000000000000000, 0.000000000000000000 ) ) ;
#282 = CARTESIAN_POINT ( 'NONE',  ( -1.350000000000000089, 14.19999999999999929, -5.950000000000000178 ) ) ;
#283 =( GEOMETRIC_REPRESENTATION_CONTEXT ( 3 ) GLOBAL_UNCERTAINTY_ASSIGNED_CONTEXT ( ( #676 ) ) GLOBAL_UNIT_ASSIGNED_CONTEXT ( ( #678, #4996, #1372 ) ) REPRESENTATION_CONTEXT ( 'NONE', 'WORKASPACE' ) );
#284 = ORIENTED_EDGE ( 'NONE', *, *, #7068, .T. ) ;
#285 = EDGE_CURVE ( 'NONE', #5720, #2283, #7419, .T. ) ;
#286 = ORIENTED_EDGE ( 'NONE', *, *, #2168, .T. ) ;
#287 = EDGE_CURVE ( 'NONE', #3188, #640, #6227, .T. ) ;
#288 = PRESENTATION_STYLE_ASSIGNMENT (( #2014 ) ) ;
#289 = VERTEX_POINT ( 'NONE', #2088 ) ;
#290 = FILL_AREA_STYLE ('',( #3328 ) ) ;
#291 = CARTESIAN_POINT ( 'NONE',  ( -0.3000000000000000444, 4.638380150999999785, 0.000000000000000000 ) ) ;
#292 = VERTEX_POINT ( 'NONE', #4401 ) ;
#293 = EDGE_CURVE ( 'NONE', #179, #6072, #1526, .T. ) ;
#294 = EDGE_CURVE ( 'NONE', #1807, #4552, #681, .T. ) ;
#295 = LINE ( 'NONE', #7028, #7484 ) ;
#296 = ORIENTED_EDGE ( 'NONE', *, *, #4659, .F. ) ;
#297 = CARTESIAN_POINT ( 'NONE',  ( -0.3500000000000000333, 1.000000000000000000, -11.97499999999999964 ) ) ;
#298 = CARTESIAN_POINT ( 'NONE',  ( 0.8000000000000000444, 6.500000000000000888, 0.000000000000000000 ) ) ;
#299 = LINE ( 'NONE', #6400, #3623 ) ;
#300 = PLANE ( 'NONE',  #4698 ) ;
#301 = COLOUR_RGB ( '',0.7529411764705882248, 0.7529411764705882248, 0.7529411764705882248 ) ;
#302 = CARTESIAN_POINT ( 'NONE',  ( -3.534155546000000037, 10.25370469200000123, -12.82499999999999929 ) ) ;
#303 = ADVANCED_FACE ( 'NONE', ( #2052 ), #3284, .F. ) ;
#304 = DIRECTION ( 'NONE',  ( -1.000000000000000000, 0.000000000000000000, 0.000000000000000000 ) ) ;
#305 = ORIENTED_EDGE ( 'NONE', *, *, #3181, .T. ) ;
#306 = ORIENTED_EDGE ( 'NONE', *, *, #1271, .T. ) ;
#307 = CARTESIAN_POINT ( 'NONE',  ( 7.900000000000000355, 10.00000000175000103, -1.700000000000000178 ) ) ;
#308 =( NAMED_UNIT ( * ) SI_UNIT ( $, .STERADIAN. ) SOLID_ANGLE_UNIT ( ) );
#309 = DIRECTION ( 'NONE',  ( 0.000000000000000000, 0.000000000000000000, -1.000000000000000000 ) ) ;
#310 = VECTOR ( 'NONE', #6338, 1000.000000000000000 ) ;
#311 = ORIENTED_EDGE ( 'NONE', *, *, #7450, .F. ) ;
#312 = CARTESIAN_POINT ( 'NONE',  ( -0.3000000000000000444, 5.758380150999999891, -10.25000000000000000 ) ) ;
#313 = ORIENTED_EDGE ( 'NONE', *, *, #2212, .F. ) ;
#314 = DIRECTION ( 'NONE',  ( 0.000000000000000000, -1.000000000000000000, 0.000000000000000000 ) ) ;
#315 = ORIENTED_EDGE ( 'NONE', *, *, #7188, .F. ) ;
#316 = CARTESIAN_POINT ( 'NONE',  ( 0.000000000000000000, 6.500000000000000888, 0.000000000000000000 ) ) ;
#317 = AXIS2_PLACEMENT_3D ( 'NONE', #6448, #1712, #2261 ) ;
#318 = VECTOR ( 'NONE', #1356, 1000.000000000000000 ) ;
#319 = VECTOR ( 'NONE', #4225, 1000.000000000000000 ) ;
#320 = EDGE_LOOP ( 'NONE', ( #5799, #2958, #2004, #1268 ) ) ;
#321 = CARTESIAN_POINT ( 'NONE',  ( 0.000000000000000000, 6.500000000000000888, -10.25000000000000000 ) ) ;
#322 = DIRECTION ( 'NONE',  ( -0.000000000000000000, 0.000000000000000000, -1.000000000000000000 ) ) ;
#323 = UNCERTAINTY_MEASURE_WITH_UNIT (LENGTH_MEASURE( 1.000000000000000082E-05 ), #2177, 'distance_accuracy_value', 'NONE');
#324 = EDGE_CURVE ( 'NONE', #4290, #3100, #4448, .T. ) ;
#325 = FACE_OUTER_BOUND ( 'NONE', #1737, .T. ) ;
#326 = MECHANICAL_DESIGN_GEOMETRIC_PRESENTATION_REPRESENTATION (  '', ( #3774 ), #6562 ) ;
#327 = EDGE_CURVE ( 'NONE', #279, #4017, #1445, .T. ) ;
#328 = DIRECTION ( 'NONE',  ( -1.000000000000000000, 0.000000000000000000, 0.000000000000000000 ) ) ;
#329 = SURFACE_SIDE_STYLE ('',( #1578 ) ) ;
#330 = ORIENTED_EDGE ( 'NONE', *, *, #3861, .F. ) ;
#331 = COLOUR_RGB ( '',0.7529411764705882248, 0.7529411764705882248, 0.7529411764705882248 ) ;
#332 = DIRECTION ( 'NONE',  ( -0.9135454576386430325, -0.4067366430846897085, 0.000000000000000000 ) ) ;
#333 = PLANE ( 'NONE',  #4251 ) ;
#334 = ORIENTED_EDGE ( 'NONE', *, *, #1629, .T. ) ;
#335 = DIRECTION ( 'NONE',  ( 1.000000000000000000, 0.000000000000000000, 0.000000000000000000 ) ) ;
#336 = CARTESIAN_POINT ( 'NONE',  ( -0.8750000000000002220, 2.200000000076873796, -3.900000000601713701 ) ) ;
#337 = CARTESIAN_POINT ( 'NONE',  ( -5.650000000200000372, 2.200000000875000250, 0.000000000000000000 ) ) ;
#338 = DIRECTION ( 'NONE',  ( -1.000000000000000000, 0.000000000000000000, 0.000000000000000000 ) ) ;
#339 = AXIS2_PLACEMENT_3D ( 'NONE', #2571, #655, #1300 ) ;
#340 = EDGE_CURVE ( 'NONE', #6185, #4017, #3128, .T. ) ;
#341 = VECTOR ( 'NONE', #7137, 1000.000000000000000 ) ;
#342 = DIRECTION ( 'NONE',  ( 0.000000000000000000, 0.000000000000000000, 1.000000000000000000 ) ) ;
#343 = PRESENTATION_STYLE_ASSIGNMENT (( #1744 ) ) ;
#344 = DIRECTION ( 'NONE',  ( 1.000000000000000000, 0.000000000000000000, 0.000000000000000000 ) ) ;
#345 = CIRCLE ( 'NONE', #6210, 0.2999999999999999334 ) ;
#346 = EDGE_LOOP ( 'NONE', ( #4566, #4807, #1444, #3920 ) ) ;
#347 = CARTESIAN_POINT ( 'NONE',  ( 3.517539112000000578, 5.953534134499999908, 0.000000000000000000 ) ) ;
#348 = CARTESIAN_POINT ( 'NONE',  ( 4.882530848999998341, 8.717721982999997010, 2.891205793294678326E-16 ) ) ;
#349 = CARTESIAN_POINT ( 'NONE',  ( -7.859999999250000258, -4.065758146820641628E-17, -4.400000000062501471 ) ) ;
#350 = ADVANCED_FACE ( 'NONE', ( #1961 ), #4361, .T. ) ;
#351 = DIRECTION ( 'NONE',  ( 1.000000000000000000, 0.000000000000000000, 0.000000000000000000 ) ) ;
#352 = MECHANICAL_DESIGN_GEOMETRIC_PRESENTATION_REPRESENTATION (  '', ( #2922 ), #3538 ) ;
#353 = ORIENTED_EDGE ( 'NONE', *, *, #4808, .F. ) ;
#354 = LINE ( 'NONE', #7722, #1235 ) ;
#355 = ORIENTED_EDGE ( 'NONE', *, *, #3563, .F. ) ;
#356 = DIRECTION ( 'NONE',  ( -0.6156614756949898570, -0.7880107533181684998, -0.000000000000000000 ) ) ;
#357 =( LENGTH_UNIT ( ) NAMED_UNIT ( * ) SI_UNIT ( .MILLI., .METRE. ) );
#358 = VECTOR ( 'NONE', #2532, 1000.000000000000000 ) ;
#359 = DIRECTION ( 'NONE',  ( -0.7880107533181683888, -0.6156614756949899681, 0.000000000000000000 ) ) ;
#360 = ORIENTED_EDGE ( 'NONE', *, *, #654, .F. ) ;
#361 = ORIENTED_EDGE ( 'NONE', *, *, #54, .T. ) ;
#362 = VERTEX_POINT ( 'NONE', #6488 ) ;
#363 = MECHANICAL_DESIGN_GEOMETRIC_PRESENTATION_REPRESENTATION (  '', ( #5334 ), #3190 ) ;
#364 = CARTESIAN_POINT ( 'NONE',  ( 6.460000000000000853, 1.000000000000000000, -13.35000000000000142 ) ) ;
#365 = EDGE_CURVE ( 'NONE', #1266, #5822, #3921, .T. ) ;
#366 = ORIENTED_EDGE ( 'NONE', *, *, #390, .T. ) ;
#367 = MECHANICAL_DESIGN_GEOMETRIC_PRESENTATION_REPRESENTATION (  '', ( #516 ), #1692 ) ;
#368 = FILL_AREA_STYLE_COLOUR ( '', #6855 ) ;
#369 = CARTESIAN_POINT ( 'NONE',  ( 0.3500000000000000333, 0.000000000000000000, -11.95000000000000107 ) ) ;
#370 = DIRECTION ( 'NONE',  ( 0.7163096844966350130, 0.6977825133208278574, -0.000000000000000000 ) ) ;
#371 = ORIENTED_EDGE ( 'NONE', *, *, #2214, .T. ) ;
#372 = LINE ( 'NONE', #6432, #6250 ) ;
#373 = PLANE ( 'NONE',  #3438 ) ;
#374 = CARTESIAN_POINT ( 'NONE',  ( -1.350000000000000089, 14.19999999999999929, -11.90000000000000036 ) ) ;
#375 = PRESENTATION_STYLE_ASSIGNMENT (( #5158 ) ) ;
#376 = DIRECTION ( 'NONE',  ( 0.000000000000000000, 1.000000000000000000, 0.000000000000000000 ) ) ;
#377 = VECTOR ( 'NONE', #6584, 1000.000000000000000 ) ;
#378 = DIRECTION ( 'NONE',  ( -0.7547095817585613986, 0.6560590272237836196, 0.000000000000000000 ) ) ;
#379 =( BOUNDED_CURVE ( )  B_SPLINE_CURVE ( 3, ( #2793, #4010, #463, #1697 ),
 .UNSPECIFIED., .F., .T. ) 
 B_SPLINE_CURVE_WITH_KNOTS ( ( 4, 4 ),
 ( 2.871015846564971460E-19, 0.002109925405768181550 ),
 .UNSPECIFIED. ) 
 CURVE ( )  GEOMETRIC_REPRESENTATION_ITEM ( )  RATIONAL_B_SPLINE_CURVE ( ( 0.9594150823098014369, 0.3198050274366003309, 0.3198050274366003309, 0.9594150823098014369 ) ) 
 REPRESENTATION_ITEM ( '' )  );
#380 = CARTESIAN_POINT ( 'NONE',  ( -7.149999999999999467, -3.549500000000000099, -13.75000000000000000 ) ) ;
#381 = SURFACE_STYLE_USAGE ( .BOTH. , #2916 ) ;
#382 =( NAMED_UNIT ( * ) PLANE_ANGLE_UNIT ( ) SI_UNIT ( $, .RADIAN. ) );
#383 = ADVANCED_FACE ( 'NONE', ( #942 ), #3322, .F. ) ;
#384 = ADVANCED_FACE ( 'NONE', ( #2775 ), #6415, .F. ) ;
#385 = DIRECTION ( 'NONE',  ( -0.7547095804522769846, -0.6560590287264919107, -0.000000000000000000 ) ) ;
#386 = CARTESIAN_POINT ( 'NONE',  ( -9.199999999999999289, 9.750000000000000000, -13.35000000000000320 ) ) ;
#387 = CARTESIAN_POINT ( 'NONE',  ( 4.143671233050060465, 2.899999999066615874, -13.35000000026666811 ) ) ;
#388 = CARTESIAN_POINT ( 'NONE',  ( -9.200000003999999620, 19.50000000000000000, -0.8500000000000001998 ) ) ;
#389 = EDGE_LOOP ( 'NONE', ( #86, #3802, #1017, #3714, #7501, #252, #453, #7122, #1796 ) ) ;
#390 = EDGE_CURVE ( 'NONE', #44, #7468, #7618, .T. ) ;
#391 = VERTEX_POINT ( 'NONE', #7687 ) ;
#392 = DIRECTION ( 'NONE',  ( 0.000000000000000000, 0.000000000000000000, -1.000000000000000000 ) ) ;
#393 = CARTESIAN_POINT ( 'NONE',  ( 2.296206600999999736, 7.358516468999998672, -10.25000000000000000 ) ) ;
#394 =( NAMED_UNIT ( * ) SI_UNIT ( $, .STERADIAN. ) SOLID_ANGLE_UNIT ( ) );
#395 = ORIENTED_EDGE ( 'NONE', *, *, #3891, .T. ) ;
#396 = ORIENTED_EDGE ( 'NONE', *, *, #4821, .T. ) ;
#397 = PRESENTATION_LAYER_ASSIGNMENT (  '', '', ( #3849 ) ) ;
#398 = EDGE_CURVE ( 'NONE', #241, #6987, #685, .T. ) ;
#399 = CARTESIAN_POINT ( 'NONE',  ( 2.038726124993086142, 7.627784118768505373, -13.35000000065111969 ) ) ;
#400 = ORIENTED_EDGE ( 'NONE', *, *, #4870, .F. ) ;
#401 = VECTOR ( 'NONE', #1500, 1000.000000000000114 ) ;
#402 = CARTESIAN_POINT ( 'NONE',  ( 7.149999999999999467, -3.000000000000000000, -12.50000000000000000 ) ) ;
#403 = UNCERTAINTY_MEASURE_WITH_UNIT (LENGTH_MEASURE( 1.000000000000000082E-05 ), #5089, 'distance_accuracy_value', 'NONE');
#404 = FACE_OUTER_BOUND ( 'NONE', #6848, .T. ) ;
#405 = CIRCLE ( 'NONE', #5890, 7.000000000000000000 ) ;
#406 = DIRECTION ( 'NONE',  ( 0.000000000000000000, -0.000000000000000000, 1.000000000000000000 ) ) ;
#407 = STYLED_ITEM ( 'NONE', ( #2443 ), #7620 ) ;
#408 = EDGE_LOOP ( 'NONE', ( #4076, #3269, #4523, #1601, #3796, #2512, #6457, #5906 ) ) ;
#409 = DIRECTION ( 'NONE',  ( -1.000000000000000000, -0.000000000000000000, -0.000000000000000000 ) ) ;
#410 = UNCERTAINTY_MEASURE_WITH_UNIT (LENGTH_MEASURE( 1.000000000000000082E-05 ), #4790, 'distance_accuracy_value', 'NONE');
#411 = VECTOR ( 'NONE', #1057, 1000.000000000000000 ) ;
#412 = ORIENTED_EDGE ( 'NONE', *, *, #7878, .F. ) ;
#413 = DIRECTION ( 'NONE',  ( -0.000000000000000000, -0.000000000000000000, -1.000000000000000000 ) ) ;
#414 = CARTESIAN_POINT ( 'NONE',  ( 0.000000000000000000, 10.00000000000000000, 0.000000000000000000 ) ) ;
#415 = SURFACE_STYLE_FILL_AREA ( #4599 ) ;
#416 = DIRECTION ( 'NONE',  ( -1.000000000000000000, -0.000000000000000000, -0.000000000000000000 ) ) ;
#417 = DIRECTION ( 'NONE',  ( 0.000000000000000000, 0.000000000000000000, 1.000000000000000000 ) ) ;
#418 = CARTESIAN_POINT ( 'NONE',  ( -4.409724396000000546, 8.348325096999998252, 2.891205793294678326E-16 ) ) ;
#419 = VECTOR ( 'NONE', #4122, 1000.000000000000114 ) ;
#420 = DIRECTION ( 'NONE',  ( 1.000000000000000000, -0.000000000000000000, -0.000000000000000000 ) ) ;
#421 = FILL_AREA_STYLE ('',( #2366 ) ) ;
#422 = CARTESIAN_POINT ( 'NONE',  ( -7.849999999999999645, 0.000000000000000000, -13.35000000000000320 ) ) ;
#423 = ADVANCED_FACE ( 'NONE', ( #4695 ), #1635, .T. ) ;
#424 = PLANE ( 'NONE',  #2931 ) ;
#425 = CARTESIAN_POINT ( 'NONE',  ( 6.023238063499999129, 0.000000000000000000, -13.35000000000000320 ) ) ;
#426 = CARTESIAN_POINT ( 'NONE',  ( 0.000000000000000000, 10.00000000000000000, -11.90000000000000036 ) ) ;
#427 = CARTESIAN_POINT ( 'NONE',  ( -7.900000000000000355, 10.00000000012968471, -1.700000000000000178 ) ) ;
#428 = DIRECTION ( 'NONE',  ( -0.4067366430118496967, 0.9135454576710734242, 0.000000000000000000 ) ) ;
#429 = CARTESIAN_POINT ( 'NONE',  ( 3.331394880999999142, 4.724402555999999365, -11.90000000000000036 ) ) ;
#430 = CYLINDRICAL_SURFACE ( 'NONE', #2530, 0.7999999999999999334 ) ;
#431 = VECTOR ( 'NONE', #195, 1000.000000000000000 ) ;
#432 = DIRECTION ( 'NONE',  ( -0.6977825096479766120, -0.7163096880744886930, 0.000000000000000000 ) ) ;
#433 = LINE ( 'NONE', #567, #5154 ) ;
#434 = VERTEX_POINT ( 'NONE', #36 ) ;
#435 = VERTEX_POINT ( 'NONE', #4110 ) ;
#436 = FILL_AREA_STYLE_COLOUR ( '', #7265 ) ;
#437 = LINE ( 'NONE', #4152, #2123 ) ;
#438 = FACE_OUTER_BOUND ( 'NONE', #1449, .T. ) ;
#439 = VECTOR ( 'NONE', #2236, 1000.000000000000000 ) ;
#440 = CARTESIAN_POINT ( 'NONE',  ( 4.349999999999999645, 1.699000000000000288, -15.50000000000000000 ) ) ;
#441 = EDGE_CURVE ( 'NONE', #4984, #5451, #6687, .T. ) ;
#442 = EDGE_CURVE ( 'NONE', #6020, #4290, #7162, .T. ) ;
#443 = SURFACE_STYLE_USAGE ( .BOTH. , #1721 ) ;
#444 = DIRECTION ( 'NONE',  ( 0.000000000000000000, 1.000000000000000000, 0.000000000000000000 ) ) ;
#445 = ORIENTED_EDGE ( 'NONE', *, *, #2092, .T. ) ;
#446 = AXIS2_PLACEMENT_3D ( 'NONE', #5325, #1009, #3423 ) ;
#447 = LINE ( 'NONE', #985, #2377 ) ;
#448 = EDGE_LOOP ( 'NONE', ( #1363, #4167, #3736, #7649 ) ) ;
#449 = CARTESIAN_POINT ( 'NONE',  ( -2.296206600999999736, 7.358516468999998672, -10.25000000000000000 ) ) ;
#450 = CYLINDRICAL_SURFACE ( 'NONE', #3346, 0.4999999999999987232 ) ;
#451 = PRESENTATION_LAYER_ASSIGNMENT (  '', '', ( #3506 ) ) ;
#452 = EDGE_CURVE ( 'NONE', #6865, #4357, #2472, .T. ) ;
#453 = ORIENTED_EDGE ( 'NONE', *, *, #1527, .T. ) ;
#454 = CARTESIAN_POINT ( 'NONE',  ( -4.624063636156027002, 1.821020992383996839, -15.50000000000000000 ) ) ;
#455 = CARTESIAN_POINT ( 'NONE',  ( -5.000000000000000000, 13.70000000000000107, -13.35000000000000320 ) ) ;
#456 = DIRECTION ( 'NONE',  ( -0.000000000000000000, -1.000000000000000000, -0.000000000000000000 ) ) ;
#457 = DIRECTION ( 'NONE',  ( 0.7880107534842413219, 0.6156614754824262237, 0.000000000000000000 ) ) ;
#458 = AXIS2_PLACEMENT_3D ( 'NONE', #1272, #1998, #6063 ) ;
#459 = COLOUR_RGB ( '',0.7529411764705882248, 0.7529411764705882248, 0.7529411764705882248 ) ;
#460 = ORIENTED_EDGE ( 'NONE', *, *, #5568, .F. ) ;
#461 = PLANE ( 'NONE',  #792 ) ;
#462 = FILL_AREA_STYLE_COLOUR ( '', #3462 ) ;
#463 = CARTESIAN_POINT ( 'NONE',  ( 1.350000000329933947, 10.67500000008972094, -13.35000000000000142 ) ) ;
#464 = COLOUR_RGB ( '',0.7529411764705882248, 0.7529411764705882248, 0.7529411764705882248 ) ;
#465 = VECTOR ( 'NONE', #6093, 1000.000000000000000 ) ;
#466 = ORIENTED_EDGE ( 'NONE', *, *, #5618, .F. ) ;
#467 = CARTESIAN_POINT ( 'NONE',  ( 0.3500000054999993782, 0.000000000000000000, -6.675000000000001599 ) ) ;
#468 = ORIENTED_EDGE ( 'NONE', *, *, #3986, .T. ) ;
#469 = LINE ( 'NONE', #3980, #854 ) ;
#470 = AXIS2_PLACEMENT_3D ( 'NONE', #6790, #222, #7547 ) ;
#471 = SURFACE_SIDE_STYLE ('',( #4768 ) ) ;
#472 =( NAMED_UNIT ( * ) PLANE_ANGLE_UNIT ( ) SI_UNIT ( $, .RADIAN. ) );
#473 = SURFACE_SIDE_STYLE ('',( #4102 ) ) ;
#474 = VECTOR ( 'NONE', #2658, 1000.000000000000114 ) ;
#475 =( LENGTH_UNIT ( ) NAMED_UNIT ( * ) SI_UNIT ( .MILLI., .METRE. ) );
#476 =( NAMED_UNIT ( * ) SI_UNIT ( $, .STERADIAN. ) SOLID_ANGLE_UNIT ( ) );
#477 = ADVANCED_FACE ( 'NONE', ( #2340 ), #5980, .F. ) ;
#478 = LINE ( 'NONE', #2335, #7579 ) ;
#479 = ORIENTED_EDGE ( 'NONE', *, *, #2598, .F. ) ;
#480 = ORIENTED_EDGE ( 'NONE', *, *, #5159, .T. ) ;
#481 =( NAMED_UNIT ( * ) PLANE_ANGLE_UNIT ( ) SI_UNIT ( $, .RADIAN. ) );
#482 = EDGE_CURVE ( 'NONE', #3127, #2814, #5769, .T. ) ;
#483 = CARTESIAN_POINT ( 'NONE',  ( 3.331394880999999142, 4.724402555999999365, -13.35000000079999971 ) ) ;
#484 = COLOUR_RGB ( '',0.7529411764705882248, 0.7529411764705882248, 0.7529411764705882248 ) ;
#485 = DIRECTION ( 'NONE',  ( 0.7547095800460229542, -0.6560590291938338536, 0.000000000000000000 ) ) ;
#486 = FACE_OUTER_BOUND ( 'NONE', #5665, .T. ) ;
#487 = CARTESIAN_POINT ( 'NONE',  ( 0.8750000000000001110, 2.965828046499999981, -6.168309641500001383 ) ) ;
#488 = ORIENTED_EDGE ( 'NONE', *, *, #3806, .F. ) ;
#489 = STYLED_ITEM ( 'NONE', ( #1751 ), #5777 ) ;
#490 = CARTESIAN_POINT ( 'NONE',  ( 1.280121114999999810, 10.64006055699999997, -13.66820397600000092 ) ) ;
#491 = LINE ( 'NONE', #399, #5022 ) ;
#492 = ORIENTED_EDGE ( 'NONE', *, *, #7212, .F. ) ;
#493 = EDGE_CURVE ( 'NONE', #6390, #2235, #2961, .T. ) ;
#494 = UNCERTAINTY_MEASURE_WITH_UNIT (LENGTH_MEASURE( 1.000000000000000082E-05 ), #644, 'distance_accuracy_value', 'NONE');
#495 = EDGE_CURVE ( 'NONE', #6991, #1921, #1715, .T. ) ;
#496 = VECTOR ( 'NONE', #2437, 1000.000000000000000 ) ;
#497 = ORIENTED_EDGE ( 'NONE', *, *, #7741, .F. ) ;
#498 = CARTESIAN_POINT ( 'NONE',  ( -7.500000000000000000, -3.000000000000000000, -12.00000000000000000 ) ) ;
#499 = CARTESIAN_POINT ( 'NONE',  ( 0.000000000000000000, 9.322002499000001663, -13.29009995000000011 ) ) ;
#500 = AXIS2_PLACEMENT_3D ( 'NONE', #259, #1693, #2824 ) ;
#501 = UNCERTAINTY_MEASURE_WITH_UNIT (LENGTH_MEASURE( 1.000000000000000082E-05 ), #4637, 'distance_accuracy_value', 'NONE');
#502 = EDGE_CURVE ( 'NONE', #6815, #3654, #4738, .T. ) ;
#503 = ORIENTED_EDGE ( 'NONE', *, *, #1006, .T. ) ;
#504 = CARTESIAN_POINT ( 'NONE',  ( -4.624063636999999005, 1.821020992999999866, -13.70000000000000107 ) ) ;
#505 = DIRECTION ( 'NONE',  ( 0.000000000000000000, 0.000000000000000000, 1.000000000000000000 ) ) ;
#506 = LINE ( 'NONE', #4292, #4868 ) ;
#507 = FACE_OUTER_BOUND ( 'NONE', #4751, .T. ) ;
#508 = CARTESIAN_POINT ( 'NONE',  ( 4.500000000000000888, -0.01000000000000000194, -3.149999999999999911 ) ) ;
#509 = ORIENTED_EDGE ( 'NONE', *, *, #527, .F. ) ;
#510 = CARTESIAN_POINT ( 'NONE',  ( 7.849999999999999645, -3.000000000000000000, -12.50000000000000000 ) ) ;
#511 = PRESENTATION_STYLE_ASSIGNMENT (( #1743 ) ) ;
#512 =( LENGTH_UNIT ( ) NAMED_UNIT ( * ) SI_UNIT ( .MILLI., .METRE. ) );
#513 =( NAMED_UNIT ( * ) SI_UNIT ( $, .STERADIAN. ) SOLID_ANGLE_UNIT ( ) );
#514 = EDGE_CURVE ( 'NONE', #3402, #6425, #6508, .T. ) ;
#515 = ORIENTED_EDGE ( 'NONE', *, *, #7690, .F. ) ;
#516 = STYLED_ITEM ( 'NONE', ( #6292 ), #6925 ) ;
#517 = CARTESIAN_POINT ( 'NONE',  ( -3.749999999670064810, 11.87499999991027977, -13.35000000000000142 ) ) ;
#518 = CARTESIAN_POINT ( 'NONE',  ( 0.3500000000000000333, 0.4000000000000003553, -13.75000000000000000 ) ) ;
#519 = CARTESIAN_POINT ( 'NONE',  ( -0.3000000000000000444, 4.638380150999999785, 0.000000000000000000 ) ) ;
#520 = COLOUR_RGB ( '',0.7529411764705882248, 0.7529411764705882248, 0.7529411764705882248 ) ;
#521 = LINE ( 'NONE', #1181, #990 ) ;
#522 = CARTESIAN_POINT ( 'NONE',  ( 0.000000000000000000, -3.000000000000000000, -13.00000000000000178 ) ) ;
#523 = CARTESIAN_POINT ( 'NONE',  ( -3.291126238000000370, 5.756716425999998776, 2.891205793294678326E-16 ) ) ;
#524 = ORIENTED_EDGE ( 'NONE', *, *, #1358, .F. ) ;
#525 = CARTESIAN_POINT ( 'NONE',  ( 0.000000000000000000, 10.00000000000000000, -11.90000000000000036 ) ) ;
#526 = DIRECTION ( 'NONE',  ( -1.000000000000000000, 0.000000000000000000, 0.000000000000000000 ) ) ;
#527 = EDGE_CURVE ( 'NONE', #7248, #3544, #2381, .T. ) ;
#528 =( NAMED_UNIT ( * ) SI_UNIT ( $, .STERADIAN. ) SOLID_ANGLE_UNIT ( ) );
#529 = DIRECTION ( 'NONE',  ( 0.000000000000000000, 0.000000000000000000, 1.000000000000000000 ) ) ;
#530 = ORIENTED_EDGE ( 'NONE', *, *, #266, .T. ) ;
#531 = DIRECTION ( 'NONE',  ( -1.000000000000000000, 0.000000000000000000, 0.000000000000000000 ) ) ;
#532 = VERTEX_POINT ( 'NONE', #1797 ) ;
#533 = CARTESIAN_POINT ( 'NONE',  ( 3.819878884999999169, 11.90993944300000074, -13.66820397600000092 ) ) ;
#534 = EDGE_LOOP ( 'NONE', ( #7293, #1253, #6239, #7016 ) ) ;
#535 = EDGE_CURVE ( 'NONE', #2426, #1189, #4191, .T. ) ;
#536 = ORIENTED_EDGE ( 'NONE', *, *, #3120, .T. ) ;
#537 = DIRECTION ( 'NONE',  ( 0.000000000000000000, 1.000000000000000000, 0.000000000000000000 ) ) ;
#538 = EDGE_CURVE ( 'NONE', #1027, #4858, #2648, .T. ) ;
#539 = CIRCLE ( 'NONE', #3851, 0.5000000000000004441 ) ;
#540 = VERTEX_POINT ( 'NONE', #7276 ) ;
#541 = DIRECTION ( 'NONE',  ( -0.000000000000000000, -0.000000000000000000, -1.000000000000000000 ) ) ;
#542 = CARTESIAN_POINT ( 'NONE',  ( 7.859999999999998543, 1.000000000000000000, -4.400000000000001243 ) ) ;
#543 = SURFACE_STYLE_FILL_AREA ( #3021 ) ;
#544 = ORIENTED_EDGE ( 'NONE', *, *, #3265, .T. ) ;
#545 = ORIENTED_EDGE ( 'NONE', *, *, #5725, .T. ) ;
#546 = DIRECTION ( 'NONE',  ( 0.000000000000000000, 0.000000000000000000, 1.000000000000000000 ) ) ;
#547 = DIRECTION ( 'NONE',  ( 1.000000000000000000, 0.000000000000000000, 0.000000000000000000 ) ) ;
#548 = DIRECTION ( 'NONE',  ( -1.000000000000000000, 0.000000000000000000, 0.000000000000000000 ) ) ;
#549 = VECTOR ( 'NONE', #7242, 1000.000000000000000 ) ;
#550 = VECTOR ( 'NONE', #6043, 1000.000000000000000 ) ;
#551 =( NAMED_UNIT ( * ) SI_UNIT ( $, .STERADIAN. ) SOLID_ANGLE_UNIT ( ) );
#552 = DIRECTION ( 'NONE',  ( 1.000000000000000000, 0.000000000000000000, 0.000000000000000000 ) ) ;
#553 = ADVANCED_FACE ( 'NONE', ( #1875 ), #4270, .F. ) ;
#554 = ADVANCED_FACE ( 'NONE', ( #7406 ), #6727, .F. ) ;
#555 = EDGE_LOOP ( 'NONE', ( #2642, #7721, #1979, #6231 ) ) ;
#556 = DIRECTION ( 'NONE',  ( -0.6977825135039713578, -0.7163096843182283902, 0.000000000000000000 ) ) ;
#557 = PRESENTATION_LAYER_ASSIGNMENT (  '', '', ( #31 ) ) ;
#558 = CARTESIAN_POINT ( 'NONE',  ( -0.8750000000000001110, 3.079437395499999841, -5.816465462000000031 ) ) ;
#559 = ORIENTED_EDGE ( 'NONE', *, *, #6125, .T. ) ;
#560 = DIRECTION ( 'NONE',  ( 1.000000000000000000, 0.000000000000000000, 0.000000000000000000 ) ) ;
#561 = FACE_OUTER_BOUND ( 'NONE', #5209, .T. ) ;
#562 = CARTESIAN_POINT ( 'NONE',  ( -9.200000000000001066, 9.750000000000000000, -1.700000000400000433 ) ) ;
#563 = STYLED_ITEM ( 'NONE', ( #511 ), #1154 ) ;
#564 = DIRECTION ( 'NONE',  ( 1.000000000000000000, 0.000000000000000000, 0.000000000000000000 ) ) ;
#565 = EDGE_CURVE ( 'NONE', #6266, #7329, #6135, .T. ) ;
#566 = PLANE ( 'NONE',  #1003 ) ;
#567 = CARTESIAN_POINT ( 'NONE',  ( 5.649999998000002854, 0.000000000000000000, -6.675000000000001599 ) ) ;
#568 = ORIENTED_EDGE ( 'NONE', *, *, #5886, .F. ) ;
#569 = AXIS2_PLACEMENT_3D ( 'NONE', #1637, #4696, #1716 ) ;
#570 = EDGE_LOOP ( 'NONE', ( #7299, #7289, #4023, #2477, #4156, #6419, #1051, #2905, #1209, #4786, #3430, #2429 ) ) ;
#571 = DIRECTION ( 'NONE',  ( 0.000000000000000000, 0.000000000000000000, 1.000000000000000000 ) ) ;
#572 = CARTESIAN_POINT ( 'NONE',  ( -6.460000000000000853, 1.000000000000000000, -8.875000000000001776 ) ) ;
#573 = DIRECTION ( 'NONE',  ( 1.000000000000000000, 0.000000000000000000, 0.000000000000000000 ) ) ;
#574 = PRESENTATION_STYLE_ASSIGNMENT (( #4153 ) ) ;
#575 = FACE_OUTER_BOUND ( 'NONE', #2818, .T. ) ;
#576 = CIRCLE ( 'NONE', #2132, 0.7999999999999999334 ) ;
#577 = PLANE ( 'NONE',  #4921 ) ;
#578 = ORIENTED_EDGE ( 'NONE', *, *, #482, .F. ) ;
#579 = CARTESIAN_POINT ( 'NONE',  ( -2.807010003877127957, 10.39970597315727119, 0.000000000000000000 ) ) ;
#580 = ORIENTED_EDGE ( 'NONE', *, *, #4382, .T. ) ;
#581 = ORIENTED_EDGE ( 'NONE', *, *, #5604, .T. ) ;
#582 = EDGE_CURVE ( 'NONE', #7329, #5872, #3161, .T. ) ;
#583 = UNCERTAINTY_MEASURE_WITH_UNIT (LENGTH_MEASURE( 1.000000000000000082E-05 ), #5135, 'distance_accuracy_value', 'NONE');
#584 = VECTOR ( 'NONE', #5871, 1000.000000000000000 ) ;
#585 = LINE ( 'NONE', #3639, #6439 ) ;
#586 = CARTESIAN_POINT ( 'NONE',  ( -4.624063636999999005, 1.821020992999999866, -15.50000000000000000 ) ) ;
#587 = ORIENTED_EDGE ( 'NONE', *, *, #7253, .T. ) ;
#588 = CARTESIAN_POINT ( 'NONE',  ( -4.909916627500002129, 2.899999999999999911, -11.90000000000000036 ) ) ;
#589 = CARTESIAN_POINT ( 'NONE',  ( -3.310004910999999606, 11.65500245600000362, -13.95000000000000107 ) ) ;
#590 = ORIENTED_EDGE ( 'NONE', *, *, #607, .F. ) ;
#591 = PLANE ( 'NONE',  #6220 ) ;
#592 = EDGE_CURVE ( 'NONE', #3092, #5104, #3271, .T. ) ;
#593 = VERTEX_POINT ( 'NONE', #1994 ) ;
#594 = UNCERTAINTY_MEASURE_WITH_UNIT (LENGTH_MEASURE( 1.000000000000000082E-05 ), #4472, 'distance_accuracy_value', 'NONE');
#595 = VERTEX_POINT ( 'NONE', #7319 ) ;
#596 = PRESENTATION_STYLE_ASSIGNMENT (( #7785 ) ) ;
#597 = DIRECTION ( 'NONE',  ( 0.000000000000000000, 0.000000000000000000, 1.000000000000000000 ) ) ;
#598 = DIRECTION ( 'NONE',  ( -1.000000000000000000, 0.000000000000000000, 0.000000000000000000 ) ) ;
#599 = EDGE_CURVE ( 'NONE', #540, #292, #7364, .T. ) ;
#600 = VECTOR ( 'NONE', #1431, 1000.000000000000000 ) ;
#601 = ORIENTED_EDGE ( 'NONE', *, *, #327, .T. ) ;
#602 = CIRCLE ( 'NONE', #4435, 1.000000000000000000 ) ;
#603 = CARTESIAN_POINT ( 'NONE',  ( 0.3500000013749998695, 1.084202172485504434E-16, -12.00000000000000000 ) ) ;
#604 = VECTOR ( 'NONE', #5758, 1000.000000000000000 ) ;
#605 = SURFACE_STYLE_USAGE ( .BOTH. , #4177 ) ;
#606 = ORIENTED_EDGE ( 'NONE', *, *, #2327, .T. ) ;
#607 = EDGE_CURVE ( 'NONE', #5133, #6259, #6219, .T. ) ;
#608 = EDGE_CURVE ( 'NONE', #5095, #6164, #405, .T. ) ;
#609 = CIRCLE ( 'NONE', #5044, 0.8000000000000000444 ) ;
#610 = CARTESIAN_POINT ( 'NONE',  ( -2.935046030000000084, 11.21038888050000182, -10.25000000000000000 ) ) ;
#611 =( NAMED_UNIT ( * ) PLANE_ANGLE_UNIT ( ) SI_UNIT ( $, .RADIAN. ) );
#612 = CARTESIAN_POINT ( 'NONE',  ( 2.998092552999999771, 9.803553087000000943, -13.75000000000000000 ) ) ;
#613 = AXIS2_PLACEMENT_3D ( 'NONE', #2094, #7387, #1376 ) ;
#614 = VERTEX_POINT ( 'NONE', #2536 ) ;
#615 = VECTOR ( 'NONE', #3257, 1000.000000000000000 ) ;
#616 = ORIENTED_EDGE ( 'NONE', *, *, #3897, .F. ) ;
#617 = CARTESIAN_POINT ( 'NONE',  ( 0.000000000000000000, 10.67499999987689385, -13.70448229306427557 ) ) ;
#618 = EDGE_CURVE ( 'NONE', #4214, #4815, #5017, .T. ) ;
#619 = CARTESIAN_POINT ( 'NONE',  ( 7.160000000000000142, 1.000000000000000000, -4.400000000000000355 ) ) ;
#620 = VECTOR ( 'NONE', #1871, 1000.000000000000000 ) ;
#621 = PLANE ( 'NONE',  #6699 ) ;
#622 = VERTEX_POINT ( 'NONE', #4391 ) ;
#623 = DIRECTION ( 'NONE',  ( 0.000000000000000000, 1.000000000000000000, 0.000000000000000000 ) ) ;
#624 = EDGE_LOOP ( 'NONE', ( #865, #3177, #5646, #4657 ) ) ;
#625 = PLANE ( 'NONE',  #3051 ) ;
#626 = EDGE_LOOP ( 'NONE', ( #6298, #5847, #5756, #5924 ) ) ;
#627 = AXIS2_PLACEMENT_3D ( 'NONE', #2836, #7672, #5927 ) ;
#628 = VECTOR ( 'NONE', #804, 1000.000000000000227 ) ;
#629 = ORIENTED_EDGE ( 'NONE', *, *, #4038, .T. ) ;
#630 = LINE ( 'NONE', #4120, #4051 ) ;
#631 = DIRECTION ( 'NONE',  ( -0.000000000000000000, -0.000000000000000000, -1.000000000000000000 ) ) ;
#632 = EDGE_LOOP ( 'NONE', ( #3453, #3012, #3696, #6696, #1279, #787 ) ) ;
#633 = FACE_OUTER_BOUND ( 'NONE', #6412, .T. ) ;
#634 = EDGE_LOOP ( 'NONE', ( #3750, #1442, #2584, #4247, #3880, #3034, #200, #5778 ) ) ;
#635 = VERTEX_POINT ( 'NONE', #6806 ) ;
#636 = CARTESIAN_POINT ( 'NONE',  ( -3.009165872999999713, 6.995626573000000015, -10.25000000000000000 ) ) ;
#637 = AXIS2_PLACEMENT_3D ( 'NONE', #4347, #5014, #3742 ) ;
#638 = DIRECTION ( 'NONE',  ( 0.6560590291938325214, -0.7547095800460240644, 0.000000000000000000 ) ) ;
#639 = ADVANCED_FACE ( 'NONE', ( #1308, #1916 ), #3831, .T. ) ;
#640 = VERTEX_POINT ( 'NONE', #4313 ) ;
#641 = COLOUR_RGB ( '',0.7529411764705882248, 0.7529411764705882248, 0.7529411764705882248 ) ;
#642 = DIRECTION ( 'NONE',  ( 1.000000000000000000, 0.000000000000000000, 0.000000000000000000 ) ) ;
#643 =( LENGTH_UNIT ( ) NAMED_UNIT ( * ) SI_UNIT ( .MILLI., .METRE. ) );
#644 =( LENGTH_UNIT ( ) NAMED_UNIT ( * ) SI_UNIT ( .MILLI., .METRE. ) );
#645 = ORIENTED_EDGE ( 'NONE', *, *, #7416, .F. ) ;
#646 = LINE ( 'NONE', #7309, #7267 ) ;
#647 = SURFACE_SIDE_STYLE ('',( #3657 ) ) ;
#648 = CARTESIAN_POINT ( 'NONE',  ( -7.849999999999999645, 0.6002499999999998392, -13.75000000000000000 ) ) ;
#649 = VECTOR ( 'NONE', #5020, 1000.000000000000000 ) ;
#650 = LINE ( 'NONE', #6798, #2699 ) ;
#651 = FACE_OUTER_BOUND ( 'NONE', #4323, .T. ) ;
#652 = CARTESIAN_POINT ( 'NONE',  ( -0.5250000000000002442, 0.000000000000000000, 0.000000000000000000 ) ) ;
#653 = EDGE_CURVE ( 'NONE', #1846, #4865, #3789, .T. ) ;
#654 = EDGE_CURVE ( 'NONE', #2542, #7692, #6849, .T. ) ;
#655 = DIRECTION ( 'NONE',  ( 1.000000000000000000, -0.000000000000000000, 0.000000000000000000 ) ) ;
#656 = VECTOR ( 'NONE', #5533, 1000.000000000000114 ) ;
#657 = PLANE ( 'NONE',  #637 ) ;
#658 = ORIENTED_EDGE ( 'NONE', *, *, #6670, .F. ) ;
#659 = DIRECTION ( 'NONE',  ( -0.7547095804522768736, -0.6560590287264921328, 0.000000000000000000 ) ) ;
#660 = CARTESIAN_POINT ( 'NONE',  ( 7.160000000000000142, 1.000000000000000000, -11.99999999845000254 ) ) ;
#661 = FACE_OUTER_BOUND ( 'NONE', #827, .T. ) ;
#662 = MECHANICAL_DESIGN_GEOMETRIC_PRESENTATION_REPRESENTATION (  '', ( #7762 ), #3201 ) ;
#663 = EDGE_CURVE ( 'NONE', #6344, #3615, #7794, .T. ) ;
#664 = ORIENTED_EDGE ( 'NONE', *, *, #535, .F. ) ;
#665 = EDGE_CURVE ( 'NONE', #6012, #2204, #5585, .T. ) ;
#666 = FACE_OUTER_BOUND ( 'NONE', #6698, .T. ) ;
#667 = ORIENTED_EDGE ( 'NONE', *, *, #5357, .T. ) ;
#668 = EDGE_LOOP ( 'NONE', ( #1100, #897, #1031, #1702 ) ) ;
#669 = EDGE_LOOP ( 'NONE', ( #6037, #6466, #3256, #7275 ) ) ;
#670 = DIRECTION ( 'NONE',  ( 0.000000000000000000, 0.000000000000000000, 1.000000000000000000 ) ) ;
#671 = CARTESIAN_POINT ( 'NONE',  ( 3.224999998279099778, 8.473809973634120141, -11.90000000000000036 ) ) ;
#672 = ORIENTED_EDGE ( 'NONE', *, *, #514, .T. ) ;
#673 = SURFACE_STYLE_USAGE ( .BOTH. , #4796 ) ;
#674 = ORIENTED_EDGE ( 'NONE', *, *, #2612, .F. ) ;
#675 = VERTEX_POINT ( 'NONE', #4939 ) ;
#676 = UNCERTAINTY_MEASURE_WITH_UNIT (LENGTH_MEASURE( 1.000000000000000082E-05 ), #678, 'distance_accuracy_value', 'NONE');
#677 = EDGE_LOOP ( 'NONE', ( #6528, #6570, #1424, #6066 ) ) ;
#678 =( LENGTH_UNIT ( ) NAMED_UNIT ( * ) SI_UNIT ( .MILLI., .METRE. ) );
#679 = SURFACE_STYLE_FILL_AREA ( #4918 ) ;
#680 = CARTESIAN_POINT ( 'NONE',  ( -2.807010003877127957, 10.39970597315727119, -10.25000000000000000 ) ) ;
#681 = CIRCLE ( 'NONE', #5109, 7.900000000000000355 ) ;
#682 = EDGE_LOOP ( 'NONE', ( #545, #5438, #16, #5584 ) ) ;
#683 = PLANE ( 'NONE',  #43 ) ;
#684 = CARTESIAN_POINT ( 'NONE',  ( -1.350000002600000082, 16.86858791845138938, -10.25000000220000018 ) ) ;
#685 = CIRCLE ( 'NONE', #7145, 0.7999999999999999334 ) ;
#686 = EDGE_LOOP ( 'NONE', ( #7382, #2952, #488, #6633 ) ) ;
#687 = VECTOR ( 'NONE', #2564, 1000.000000000000000 ) ;
#688 = PLANE ( 'NONE',  #3585 ) ;
#689 =( LENGTH_UNIT ( ) NAMED_UNIT ( * ) SI_UNIT ( .MILLI., .METRE. ) );
#690 =( GEOMETRIC_REPRESENTATION_CONTEXT ( 3 ) GLOBAL_UNCERTAINTY_ASSIGNED_CONTEXT ( ( #3685 ) ) GLOBAL_UNIT_ASSIGNED_CONTEXT ( ( #230, #927, #3307 ) ) REPRESENTATION_CONTEXT ( 'NONE', 'WORKASPACE' ) );
#691 = COLOUR_RGB ( '',0.7529411764705882248, 0.7529411764705882248, 0.7529411764705882248 ) ;
#692 =( NAMED_UNIT ( * ) SI_UNIT ( $, .STERADIAN. ) SOLID_ANGLE_UNIT ( ) );
#693 = LINE ( 'NONE', #3114, #7108 ) ;
#694 = EDGE_LOOP ( 'NONE', ( #6367, #1860, #5728, #5026 ) ) ;
#695 = ORIENTED_EDGE ( 'NONE', *, *, #2305, .F. ) ;
#696 = CARTESIAN_POINT ( 'NONE',  ( -3.674999999999999822, 2.200000000000000178, -3.149999999999999911 ) ) ;
#697 = DIRECTION ( 'NONE',  ( -1.000000000000000000, -0.000000000000000000, -0.000000000000000000 ) ) ;
#698 = EDGE_CURVE ( 'NONE', #7570, #2439, #5538, .T. ) ;
#699 = CARTESIAN_POINT ( 'NONE',  ( -7.849999999999999645, -2.999999999999999556, -12.50000000000000000 ) ) ;
#700 = CARTESIAN_POINT ( 'NONE',  ( -9.199999999999999289, 2.899999999999999911, -13.35000000000000320 ) ) ;
#701 = ORIENTED_EDGE ( 'NONE', *, *, #6301, .F. ) ;
#702 = VECTOR ( 'NONE', #548, 1000.000000000000000 ) ;
#703 = ORIENTED_EDGE ( 'NONE', *, *, #452, .F. ) ;
#704 = CARTESIAN_POINT ( 'NONE',  ( 4.499999998999999917, -0.9000000000000000222, -2.849999999999999645 ) ) ;
#705 = EDGE_LOOP ( 'NONE', ( #104, #5388, #1733, #7712, #3093, #5406, #4801 ) ) ;
#706 = ORIENTED_EDGE ( 'NONE', *, *, #7451, .T. ) ;
#707 = DIRECTION ( 'NONE',  ( 1.000000000000000000, -0.000000000000000000, 0.000000000000000000 ) ) ;
#708 = ADVANCED_FACE ( 'NONE', ( #158 ), #5058, .F. ) ;
#709 = VECTOR ( 'NONE', #4728, 1000.000000000000000 ) ;
#710 = ADVANCED_FACE ( 'NONE', ( #6889 ), #6299, .F. ) ;
#711 = DIRECTION ( 'NONE',  ( 1.000000000000000000, -0.000000000000000000, -0.000000000000000000 ) ) ;
#712 = ORIENTED_EDGE ( 'NONE', *, *, #1305, .T. ) ;
#713 =( NAMED_UNIT ( * ) PLANE_ANGLE_UNIT ( ) SI_UNIT ( $, .RADIAN. ) );
#714 = ORIENTED_EDGE ( 'NONE', *, *, #6875, .F. ) ;
#715 = STYLED_ITEM ( 'NONE', ( #2103 ), #2153 ) ;
#716 = ORIENTED_EDGE ( 'NONE', *, *, #2027, .T. ) ;
#717 = VERTEX_POINT ( 'NONE', #5096 ) ;
#718 = CARTESIAN_POINT ( 'NONE',  ( -3.534155546400002290, 10.25370468869000184, -11.90000000000000036 ) ) ;
#719 = CARTESIAN_POINT ( 'NONE',  ( -1.700000000000000178, 2.200000000000000178, 0.000000000000000000 ) ) ;
#720 = PLANE ( 'NONE',  #5526 ) ;
#721 = EDGE_CURVE ( 'NONE', #7675, #7723, #5244, .T. ) ;
#722 = APPLICATION_PROTOCOL_DEFINITION ( 'draft international standard', 'automotive_design', 1998, #5494 ) ;
#723 = AXIS2_PLACEMENT_3D ( 'NONE', #3359, #3285, #5106 ) ;
#724 = DIRECTION ( 'NONE',  ( 0.000000000000000000, 1.000000000000000000, 0.000000000000000000 ) ) ;
#725 = EDGE_LOOP ( 'NONE', ( #3990, #2508, #7250, #3969 ) ) ;
#726 = DIRECTION ( 'NONE',  ( -0.000000000000000000, -0.000000000000000000, -1.000000000000000000 ) ) ;
#727 = DIRECTION ( 'NONE',  ( 1.000000000000000000, -0.000000000000000000, -0.000000000000000000 ) ) ;
#728 = VECTOR ( 'NONE', #5594, 1000.000000000000114 ) ;
#729 = VERTEX_POINT ( 'NONE', #5968 ) ;
#730 = DIRECTION ( 'NONE',  ( 0.000000000000000000, -0.000000000000000000, 1.000000000000000000 ) ) ;
#731 = CARTESIAN_POINT ( 'NONE',  ( -7.083999999999999631, 2.200000000000000178, -10.25000000000000000 ) ) ;
#732 = DIRECTION ( 'NONE',  ( -0.7880107533181703872, 0.6156614756949874145, 0.000000000000000000 ) ) ;
#733 = STYLED_ITEM ( 'NONE', ( #6800 ), #4099 ) ;
#734 = VECTOR ( 'NONE', #5094, 1000.000000000000000 ) ;
#735 = DIRECTION ( 'NONE',  ( 0.000000000000000000, 0.000000000000000000, 1.000000000000000000 ) ) ;
#736 = EDGE_LOOP ( 'NONE', ( #4256, #6685, #3168, #5721 ) ) ;
#737 = ORIENTED_EDGE ( 'NONE', *, *, #285, .F. ) ;
#738 = DIRECTION ( 'NONE',  ( 1.000000000000000000, 0.000000000000000000, 0.000000000000000000 ) ) ;
#739 = DIRECTION ( 'NONE',  ( 0.000000000000000000, 1.000000000000000000, 0.000000000000000000 ) ) ;
#740 = STYLED_ITEM ( 'NONE', ( #3596 ), #3542 ) ;
#741 = SURFACE_STYLE_USAGE ( .BOTH. , #7408 ) ;
#742 = CARTESIAN_POINT ( 'NONE',  ( 0.5250000000000002442, 10.00000000350000207, -1.700000000000000178 ) ) ;
#743 = CARTESIAN_POINT ( 'NONE',  ( 2.296206600999999736, 7.358516468999998672, -10.25000000000000000 ) ) ;
#744 = EDGE_CURVE ( 'NONE', #6987, #4874, #2369, .T. ) ;
#745 = VERTEX_POINT ( 'NONE', #1383 ) ;
#746 = EDGE_CURVE ( 'NONE', #729, #6476, #5848, .T. ) ;
#747 = ORIENTED_EDGE ( 'NONE', *, *, #7367, .F. ) ;
#748 = ORIENTED_EDGE ( 'NONE', *, *, #5516, .T. ) ;
#749 = DIRECTION ( 'NONE',  ( 0.000000000000000000, 1.000000000000000000, 0.000000000000000000 ) ) ;
#750 = CARTESIAN_POINT ( 'NONE',  ( -5.500000000000000000, -3.404123202900000145, -2.849999999999999645 ) ) ;
#751 = VECTOR ( 'NONE', #7198, 1000.000000000000000 ) ;
#752 = COLOUR_RGB ( '',0.7529411764705882248, 0.7529411764705882248, 0.7529411764705882248 ) ;
#753 = ORIENTED_EDGE ( 'NONE', *, *, #1317, .T. ) ;
#754 = VECTOR ( 'NONE', #4884, 1000.000000000000000 ) ;
#755 = DIRECTION ( 'NONE',  ( -0.000000000000000000, -0.000000000000000000, -1.000000000000000000 ) ) ;
#756 = EDGE_CURVE ( 'NONE', #4805, #4551, #5124, .T. ) ;
#757 = EDGE_CURVE ( 'NONE', #3964, #5864, #5957, .T. ) ;
#758 = SURFACE_SIDE_STYLE ('',( #5644 ) ) ;
#759 = EDGE_LOOP ( 'NONE', ( #4278, #5116, #7088, #7857, #1811, #6153, #4543, #7565 ) ) ;
#760 = DIRECTION ( 'NONE',  ( 0.000000000000000000, 0.000000000000000000, 1.000000000000000000 ) ) ;
#761 = CARTESIAN_POINT ( 'NONE',  ( -1.350000000000000089, 14.19999999999999929, 0.000000000000000000 ) ) ;
#762 = CARTESIAN_POINT ( 'NONE',  ( 0.3500000000000000333, 3.640000000000000124, -13.35000000039999968 ) ) ;
#763 = VECTOR ( 'NONE', #2024, 1000.000000000000000 ) ;
#764 = FILL_AREA_STYLE ('',( #7431 ) ) ;
#765 = ORIENTED_EDGE ( 'NONE', *, *, #2613, .F. ) ;
#766 = DIRECTION ( 'NONE',  ( 1.000000000000000000, 0.000000000000000000, 0.000000000000000000 ) ) ;
#767 = LINE ( 'NONE', #1495, #2616 ) ;
#768 = EDGE_CURVE ( 'NONE', #1511, #3466, #7784, .T. ) ;
#769 = PLANE ( 'NONE',  #229 ) ;
#770 = AXIS2_PLACEMENT_3D ( 'NONE', #312, #2771, #4145 ) ;
#771 = FACE_OUTER_BOUND ( 'NONE', #408, .T. ) ;
#772 = ORIENTED_EDGE ( 'NONE', *, *, #3231, .T. ) ;
#773 = FACE_OUTER_BOUND ( 'NONE', #2208, .T. ) ;
#774 = SURFACE_SIDE_STYLE ('',( #5574 ) ) ;
#775 = CARTESIAN_POINT ( 'NONE',  ( -6.460000000000000853, 0.5000000000000000000, -4.400000000000000355 ) ) ;
#776 = FILL_AREA_STYLE_COLOUR ( '', #2084 ) ;
#777 = VECTOR ( 'NONE', #432, 1000.000000000000114 ) ;
#778 = SURFACE_SIDE_STYLE ('',( #4385 ) ) ;
#779 = EDGE_CURVE ( 'NONE', #1040, #2368, #3565, .T. ) ;
#780 = CARTESIAN_POINT ( 'NONE',  ( 0.000000000000000000, -3.000000000089793506, -12.00000000000000000 ) ) ;
#781 = SURFACE_STYLE_USAGE ( .BOTH. , #6684 ) ;
#782 = ORIENTED_EDGE ( 'NONE', *, *, #4775, .T. ) ;
#783 = CARTESIAN_POINT ( 'NONE',  ( -0.3500000000000000333, 6.879999999999999893, -12.82499999999999929 ) ) ;
#784 =( LENGTH_UNIT ( ) NAMED_UNIT ( * ) SI_UNIT ( .MILLI., .METRE. ) );
#785 = DIRECTION ( 'NONE',  ( 0.000000000000000000, -1.000000000000000000, 0.000000000000000000 ) ) ;
#786 = AXIS2_PLACEMENT_3D ( 'NONE', #2840, #7837, #6517 ) ;
#787 = ORIENTED_EDGE ( 'NONE', *, *, #4821, .F. ) ;
#788 = ORIENTED_EDGE ( 'NONE', *, *, #6125, .F. ) ;
#789 = VERTEX_POINT ( 'NONE', #7110 ) ;
#790 = EDGE_CURVE ( 'NONE', #3183, #5757, #6505, .T. ) ;
#791 = ORIENTED_EDGE ( 'NONE', *, *, #6096, .F. ) ;
#792 = AXIS2_PLACEMENT_3D ( 'NONE', #1164, #6545, #3566 ) ;
#793 = DIRECTION ( 'NONE',  ( -1.000000000000000000, 0.000000000000000000, 0.000000000000000000 ) ) ;
#794 = ORIENTED_EDGE ( 'NONE', *, *, #7092, .T. ) ;
#795 = LINE ( 'NONE', #5730, #7304 ) ;
#796 = ORIENTED_EDGE ( 'NONE', *, *, #1188, .F. ) ;
#797 = LINE ( 'NONE', #6868, #2352 ) ;
#798 = LINE ( 'NONE', #2062, #2128 ) ;
#799 = EDGE_CURVE ( 'NONE', #4551, #4948, #6708, .T. ) ;
#800 = ORIENTED_EDGE ( 'NONE', *, *, #1501, .T. ) ;
#801 = LINE ( 'NONE', #3223, #6728 ) ;
#802 = CARTESIAN_POINT ( 'NONE',  ( -4.909916627000000311, 2.899999999999999911, -12.62500000000000000 ) ) ;
#803 = FACE_BOUND ( 'NONE', #6913, .T. ) ;
#804 = DIRECTION ( 'NONE',  ( -0.9135454574892339918, -0.4067366434202677739, -5.275938419950314026E-10 ) ) ;
#805 = ORIENTED_EDGE ( 'NONE', *, *, #266, .F. ) ;
#806 = LINE ( 'NONE', #3228, #2845 ) ;
#807 = LINE ( 'NONE', #2608, #3489 ) ;
#808 = SURFACE_SIDE_STYLE ('',( #1463 ) ) ;
#809 = EDGE_CURVE ( 'NONE', #7055, #2426, #5601, .T. ) ;
#810 = EDGE_CURVE ( 'NONE', #5757, #1145, #136, .T. ) ;
#811 = DIRECTION ( 'NONE',  ( 1.000000000000000000, -1.084202172485504434E-15, 0.000000000000000000 ) ) ;
#812 = CIRCLE ( 'NONE', #935, 7.000000000000000000 ) ;
#813 = DIRECTION ( 'NONE',  ( 0.6156614747073918537, 0.7880107540897646201, 0.000000000000000000 ) ) ;
#814 = VECTOR ( 'NONE', #7748, 1000.000000000000000 ) ;
#815 = CARTESIAN_POINT ( 'NONE',  ( -1.575000000000000844, 6.780000000000000249, -13.35000000000000320 ) ) ;
#816 = DIRECTION ( 'NONE',  ( -1.000000000000000000, 8.673617379884028570E-16, 0.000000000000000000 ) ) ;
#817 = ORIENTED_EDGE ( 'NONE', *, *, #5580, .T. ) ;
#818 = CARTESIAN_POINT ( 'NONE',  ( -4.124294583499999334, -3.000000000000000000, -15.50000000000000000 ) ) ;
#819 = PLANE ( 'NONE',  #2257 ) ;
#820 = PLANE ( 'NONE',  #5667 ) ;
#821 = AXIS2_PLACEMENT_3D ( 'NONE', #1269, #3665, #659 ) ;
#822 = EDGE_CURVE ( 'NONE', #7046, #3879, #3140, .T. ) ;
#823 = VECTOR ( 'NONE', #1373, 1000.000000000000000 ) ;
#824 = CARTESIAN_POINT ( 'NONE',  ( 4.649999999999999467, -3.000000000000000000, -15.00000000000000000 ) ) ;
#825 = CARTESIAN_POINT ( 'NONE',  ( 2.036073077999999814, 8.115041782999998787, -10.25000000000000000 ) ) ;
#826 = ORIENTED_EDGE ( 'NONE', *, *, #2941, .F. ) ;
#827 = EDGE_LOOP ( 'NONE', ( #6606, #2195, #3336, #6618 ) ) ;
#828 = VECTOR ( 'NONE', #2425, 1000.000000000000000 ) ;
#829 = ORIENTED_EDGE ( 'NONE', *, *, #3611, .T. ) ;
#830 = CARTESIAN_POINT ( 'NONE',  ( -5.500000000187499793, 4.099519660370753993E-10, -3.149999999700000330 ) ) ;
#831 = AXIS2_PLACEMENT_3D ( 'NONE', #4085, #370, #1072 ) ;
#832 = ORIENTED_EDGE ( 'NONE', *, *, #1678, .T. ) ;
#833 = CARTESIAN_POINT ( 'NONE',  ( -0.3500000000000000333, 0.4000000000000000222, -13.75000000000000000 ) ) ;
#834 = PLANE ( 'NONE',  #5541 ) ;
#835 = UNCERTAINTY_MEASURE_WITH_UNIT (LENGTH_MEASURE( 1.000000000000000082E-05 ), #3377, 'distance_accuracy_value', 'NONE');
#836 = CIRCLE ( 'NONE', #3993, 0.9999999999999991118 ) ;
#837 = DIRECTION ( 'NONE',  ( -0.6156614754824267788, 0.7880107534842410999, 0.000000000000000000 ) ) ;
#838 = PLANE ( 'NONE',  #5390 ) ;
#839 = DIRECTION ( 'NONE',  ( 0.7880107534842413219, -0.6156614754824262237, 0.000000000000000000 ) ) ;
#840 = AXIS2_PLACEMENT_3D ( 'NONE', #7117, #973, #1089 ) ;
#841 = ADVANCED_FACE ( 'NONE', ( #2553 ), #2594, .F. ) ;
#842 = VERTEX_POINT ( 'NONE', #4959 ) ;
#843 = PLANE ( 'NONE',  #470 ) ;
#844 = CARTESIAN_POINT ( 'NONE',  ( 1.700000000000000178, 2.704782775500000458, 0.000000000000000000 ) ) ;
#845 = LINE ( 'NONE', #7514, #7613 ) ;
#846 = ADVANCED_FACE ( 'NONE', ( #3178 ), #7384, .T. ) ;
#847 = EDGE_LOOP ( 'NONE', ( #3048, #5511, #7225, #4827, #1959, #7328 ) ) ;
#848 = CARTESIAN_POINT ( 'NONE',  ( 9.199999999999999289, 0.000000000000000000, -1.700000000000000178 ) ) ;
#849 = CARTESIAN_POINT ( 'NONE',  ( -7.850000001999999810, 4.750000000000000000, -11.90000000000000036 ) ) ;
#850 = VECTOR ( 'NONE', #376, 1000.000000000000000 ) ;
#851 = DIRECTION ( 'NONE',  ( -0.4067366429429118413, 0.9135454577017666500, 0.000000000000000000 ) ) ;
#852 = PRESENTATION_STYLE_ASSIGNMENT (( #3859 ) ) ;
#853 = LINE ( 'NONE', #302, #1082 ) ;
#854 = VECTOR ( 'NONE', #6406, 1000.000000000000000 ) ;
#855 = DIRECTION ( 'NONE',  ( 0.000000000000000000, 1.000000000000000000, 0.000000000000000000 ) ) ;
#856 = CARTESIAN_POINT ( 'NONE',  ( 7.859999999999998543, 0.5000000000000000000, -13.35000000000000320 ) ) ;
#857 = FACE_OUTER_BOUND ( 'NONE', #3769, .T. ) ;
#858 = ADVANCED_FACE ( 'NONE', ( #4917 ), #3103, .F. ) ;
#859 = EDGE_CURVE ( 'NONE', #5560, #241, #6665, .T. ) ;
#860 = ORIENTED_EDGE ( 'NONE', *, *, #4729, .T. ) ;
#861 = DIRECTION ( 'NONE',  ( 0.6560590291938338536, -0.7547095800460229542, 0.000000000000000000 ) ) ;
#862 = CARTESIAN_POINT ( 'NONE',  ( -5.349999999999998757, 1.698999999589793308, -14.42500000000000071 ) ) ;
#863 = VECTOR ( 'NONE', #7563, 1000.000000000000114 ) ;
#864 =( LENGTH_UNIT ( ) NAMED_UNIT ( * ) SI_UNIT ( .MILLI., .METRE. ) );
#865 = ORIENTED_EDGE ( 'NONE', *, *, #1142, .F. ) ;
#866 = AXIS2_PLACEMENT_3D ( 'NONE', #440, #1800, #1680 ) ;
#867 = VERTEX_POINT ( 'NONE', #3687 ) ;
#868 = AXIS2_PLACEMENT_3D ( 'NONE', #7049, #1634, #4027 ) ;
#869 = ORIENTED_EDGE ( 'NONE', *, *, #5896, .T. ) ;
#870 = LINE ( 'NONE', #5723, #2389 ) ;
#871 = CARTESIAN_POINT ( 'NONE',  ( 7.615804270399999076, 5.393073721970001344, -11.90000000000000036 ) ) ;
#872 = DIRECTION ( 'NONE',  ( -0.000000000000000000, -1.000000000000000000, -0.000000000000000000 ) ) ;
#873 = AXIS2_PLACEMENT_3D ( 'NONE', #5716, #5674, #275 ) ;
#874 = VECTOR ( 'NONE', #6403, 1000.000000000000114 ) ;
#875 = ORIENTED_EDGE ( 'NONE', *, *, #33, .F. ) ;
#876 = CARTESIAN_POINT ( 'NONE',  ( -1.699999996858542639, 3.209565550667545786, -5.125000000000000000 ) ) ;
#877 = EDGE_LOOP ( 'NONE', ( #140, #4031, #5750, #3319, #280, #2850, #5989, #3485 ) ) ;
#878 = CARTESIAN_POINT ( 'NONE',  ( 0.000000000000000000, 0.000000000000000000, -11.90000000280000236 ) ) ;
#879 = CARTESIAN_POINT ( 'NONE',  ( 0.8484612168060809978, 8.566681095223080078, -10.25000000000000178 ) ) ;
#880 =( GEOMETRIC_REPRESENTATION_CONTEXT ( 3 ) GLOBAL_UNCERTAINTY_ASSIGNED_CONTEXT ( ( #5442 ) ) GLOBAL_UNIT_ASSIGNED_CONTEXT ( ( #7472, #5732, #7348 ) ) REPRESENTATION_CONTEXT ( 'NONE', 'WORKASPACE' ) );
#881 =( GEOMETRIC_REPRESENTATION_CONTEXT ( 3 ) GLOBAL_UNCERTAINTY_ASSIGNED_CONTEXT ( ( #7182 ) ) GLOBAL_UNIT_ASSIGNED_CONTEXT ( ( #2868, #1650, #6392 ) ) REPRESENTATION_CONTEXT ( 'NONE', 'WORKASPACE' ) );
#882 = FILL_AREA_STYLE_COLOUR ( '', #2732 ) ;
#883 = SURFACE_STYLE_FILL_AREA ( #176 ) ;
#884 = ORIENTED_EDGE ( 'NONE', *, *, #1562, .T. ) ;
#885 = CARTESIAN_POINT ( 'NONE',  ( -2.556340125106507877, 6.601991155877475315, -6.505213034913026604E-16 ) ) ;
#886 = CARTESIAN_POINT ( 'NONE',  ( 4.649999999999999467, -0.0009999980543347157524, -13.70000000000000107 ) ) ;
#887 = CARTESIAN_POINT ( 'NONE',  ( -0.8750000000000001110, 3.664364033241418461, -8.580182327228049743 ) ) ;
#888 = ORIENTED_EDGE ( 'NONE', *, *, #6008, .F. ) ;
#889 =( NAMED_UNIT ( * ) SI_UNIT ( $, .STERADIAN. ) SOLID_ANGLE_UNIT ( ) );
#890 = ADVANCED_FACE ( 'NONE', ( #3648 ), #7300, .F. ) ;
#891 =( NAMED_UNIT ( * ) SI_UNIT ( $, .STERADIAN. ) SOLID_ANGLE_UNIT ( ) );
#892 = AXIS2_PLACEMENT_3D ( 'NONE', #2393, #2358, #6622 ) ;
#893 = LINE ( 'NONE', #3863, #7075 ) ;
#894 = DIRECTION ( 'NONE',  ( -0.000000000000000000, -0.000000000000000000, -1.000000000000000000 ) ) ;
#895 = PLANE ( 'NONE',  #7090 ) ;
#896 = CARTESIAN_POINT ( 'NONE',  ( -2.700000000000000178, 10.00000000000000000, -10.25000000000000000 ) ) ;
#897 = ORIENTED_EDGE ( 'NONE', *, *, #2903, .F. ) ;
#898 = DIRECTION ( 'NONE',  ( 0.000000000000000000, 0.000000000000000000, 1.000000000000000000 ) ) ;
#899 = ADVANCED_FACE ( 'NONE', ( #3049 ), #2466, .F. ) ;
#900 = EDGE_CURVE ( 'NONE', #164, #6000, #5945, .T. ) ;
#901 = VERTEX_POINT ( 'NONE', #1881 ) ;
#902 = VECTOR ( 'NONE', #7078, 1000.000000000000000 ) ;
#903 = ORIENTED_EDGE ( 'NONE', *, *, #5888, .F. ) ;
#904 = EDGE_LOOP ( 'NONE', ( #4515, #1403, #5844, #5272 ) ) ;
#905 = CARTESIAN_POINT ( 'NONE',  ( 7.000000000000000000, 10.00000000000000000, -10.25000000220000018 ) ) ;
#906 = SURFACE_STYLE_FILL_AREA ( #7050 ) ;
#907 = CARTESIAN_POINT ( 'NONE',  ( 0.3500000000000000333, 5.136324259500000267, -11.90000000000000036 ) ) ;
#908 = VECTOR ( 'NONE', #1399, 1000.000000000000000 ) ;
#909 = EDGE_CURVE ( 'NONE', #4913, #3422, #7814, .T. ) ;
#910 = EDGE_CURVE ( 'NONE', #2058, #5915, #2966, .T. ) ;
#911 = ORIENTED_EDGE ( 'NONE', *, *, #5666, .T. ) ;
#912 = ORIENTED_EDGE ( 'NONE', *, *, #5011, .T. ) ;
#913 = ORIENTED_EDGE ( 'NONE', *, *, #4581, .F. ) ;
#914 = DIRECTION ( 'NONE',  ( 0.000000000000000000, 0.000000000000000000, 1.000000000000000000 ) ) ;
#915 = SURFACE_SIDE_STYLE ('',( #4000 ) ) ;
#916 = AXIS2_PLACEMENT_3D ( 'NONE', #2943, #3527, #5958 ) ;
#917 = ORIENTED_EDGE ( 'NONE', *, *, #822, .T. ) ;
#918 =( LENGTH_UNIT ( ) NAMED_UNIT ( * ) SI_UNIT ( .MILLI., .METRE. ) );
#919 = DIRECTION ( 'NONE',  ( 0.000000000000000000, 0.000000000000000000, -1.000000000000000000 ) ) ;
#920 = CARTESIAN_POINT ( 'NONE',  ( 0.3000000000000000444, 7.241619848854782937, -10.25000000000000000 ) ) ;
#921 = ORIENTED_EDGE ( 'NONE', *, *, #55, .T. ) ;
#922 = CARTESIAN_POINT ( 'NONE',  ( -1.301286965000000073, 8.960316512000002120, -5.125000000000000000 ) ) ;
#923 = FACE_OUTER_BOUND ( 'NONE', #2109, .T. ) ;
#924 = SURFACE_STYLE_FILL_AREA ( #2756 ) ;
#925 = CARTESIAN_POINT ( 'NONE',  ( -0.3500000000000000333, 3.640000000000000124, -13.35000000039999968 ) ) ;
#926 = CARTESIAN_POINT ( 'NONE',  ( 5.000000000000000000, -4.000000000000000000, -3.149999999999999911 ) ) ;
#927 =( NAMED_UNIT ( * ) PLANE_ANGLE_UNIT ( ) SI_UNIT ( $, .RADIAN. ) );
#928 =( NAMED_UNIT ( * ) PLANE_ANGLE_UNIT ( ) SI_UNIT ( $, .RADIAN. ) );
#929 = DIRECTION ( 'NONE',  ( 0.000000000000000000, 0.000000000000000000, -1.000000000000000000 ) ) ;
#930 = VERTEX_POINT ( 'NONE', #579 ) ;
#931 = ORIENTED_EDGE ( 'NONE', *, *, #7102, .T. ) ;
#932 = FACE_OUTER_BOUND ( 'NONE', #2458, .T. ) ;
#933 = LINE ( 'NONE', #3790, #1747 ) ;
#934 = CARTESIAN_POINT ( 'NONE',  ( 0.3500000000000000333, -3.000000000044896975, -12.00000000000000000 ) ) ;
#935 = AXIS2_PLACEMENT_3D ( 'NONE', #987, #6423, #7625 ) ;
#936 = DIRECTION ( 'NONE',  ( -1.000000000000000000, 0.000000000000000000, 0.000000000000000000 ) ) ;
#937 = PRESENTATION_LAYER_ASSIGNMENT (  '', '', ( #1594 ) ) ;
#938 = EDGE_LOOP ( 'NONE', ( #3068, #6931, #4945, #5631 ) ) ;
#939 = ORIENTED_EDGE ( 'NONE', *, *, #3860, .T. ) ;
#940 = ORIENTED_EDGE ( 'NONE', *, *, #4763, .F. ) ;
#941 = DIRECTION ( 'NONE',  ( -0.000000000000000000, -1.000000000000000000, -0.000000000000000000 ) ) ;
#942 = FACE_OUTER_BOUND ( 'NONE', #3877, .T. ) ;
#943 = EDGE_CURVE ( 'NONE', #2405, #5222, #3552, .T. ) ;
#944 = AXIS2_PLACEMENT_3D ( 'NONE', #393, #5257, #5180 ) ;
#945 = AXIS2_PLACEMENT_3D ( 'NONE', #1896, #5905, #4700 ) ;
#946 = ORIENTED_EDGE ( 'NONE', *, *, #1408, .F. ) ;
#947 = DIRECTION ( 'NONE',  ( 1.000000000000000000, 0.000000000000000000, 0.000000000000000000 ) ) ;
#948 = ORIENTED_EDGE ( 'NONE', *, *, #3938, .F. ) ;
#949 = LINE ( 'NONE', #3363, #1750 ) ;
#950 = CARTESIAN_POINT ( 'NONE',  ( 3.279816455840645073, 10.76910285820396673, -10.25000000000000178 ) ) ;
#951 = EDGE_CURVE ( 'NONE', #5046, #3297, #4277, .T. ) ;
#952 = EDGE_CURVE ( 'NONE', #124, #5536, #5430, .T. ) ;
#953 = CARTESIAN_POINT ( 'NONE',  ( 4.064953970000000361, 8.789611119499999958, 0.000000000000000000 ) ) ;
#954 = VECTOR ( 'NONE', #6734, 1000.000000000000000 ) ;
#955 = ORIENTED_EDGE ( 'NONE', *, *, #5556, .F. ) ;
#956 = SURFACE_SIDE_STYLE ('',( #7659 ) ) ;
#957 = LINE ( 'NONE', #2205, #7845 ) ;
#958 = CARTESIAN_POINT ( 'NONE',  ( -4.192989996283762899, 9.600294026751377885, -10.25000000000000000 ) ) ;
#959 = VECTOR ( 'NONE', #59, 1000.000000000000000 ) ;
#960 = FILL_AREA_STYLE ('',( #5878 ) ) ;
#961 = EDGE_CURVE ( 'NONE', #7622, #7872, #6533, .T. ) ;
#962 = EDGE_LOOP ( 'NONE', ( #42, #3196, #5983, #6613 ) ) ;
#963 = DIRECTION ( 'NONE',  ( 1.000000000000000000, 0.000000000000000000, 0.000000000000000000 ) ) ;
#964 = CARTESIAN_POINT ( 'NONE',  ( -1.496206600999999914, 7.358516468999998672, -10.25000000000000000 ) ) ;
#965 = CARTESIAN_POINT ( 'NONE',  ( 4.299999999999999822, 10.00000000000000000, 0.000000000000000000 ) ) ;
#966 = SURFACE_STYLE_USAGE ( .BOTH. , #5703 ) ;
#967 = VECTOR ( 'NONE', #4511, 1000.000000000000000 ) ;
#968 =( NAMED_UNIT ( * ) SI_UNIT ( $, .STERADIAN. ) SOLID_ANGLE_UNIT ( ) );
#969 = DIRECTION ( 'NONE',  ( 0.000000000000000000, 0.000000000000000000, -1.000000000000000000 ) ) ;
#970 = COLOUR_RGB ( '',0.7529411764705882248, 0.7529411764705882248, 0.7529411764705882248 ) ;
#971 = ORIENTED_EDGE ( 'NONE', *, *, #1193, .T. ) ;
#972 = CARTESIAN_POINT ( 'NONE',  ( -10.25000000000000178, 0.000000000000000000, 0.000000000000000000 ) ) ;
#973 = DIRECTION ( 'NONE',  ( 0.000000000000000000, -0.000000000000000000, 1.000000000000000000 ) ) ;
#974 = LINE ( 'NONE', #5825, #1771 ) ;
#975 = COLOUR_RGB ( '',0.7529411764705882248, 0.7529411764705882248, 0.7529411764705882248 ) ;
#976 =( NAMED_UNIT ( * ) PLANE_ANGLE_UNIT ( ) SI_UNIT ( $, .RADIAN. ) );
#977 = DIRECTION ( 'NONE',  ( -0.4067366417239052234, -0.9135454582445033944, 0.000000000000000000 ) ) ;
#978 = ORIENTED_EDGE ( 'NONE', *, *, #54, .F. ) ;
#979 = ORIENTED_EDGE ( 'NONE', *, *, #5171, .F. ) ;
#980 = DIRECTION ( 'NONE',  ( 1.000000000000000000, -0.000000000000000000, 0.000000000000000000 ) ) ;
#981 = VECTOR ( 'NONE', #3937, 1000.000000000000000 ) ;
#982 = EDGE_CURVE ( 'NONE', #1854, #1805, #7853, .T. ) ;
#983 = VECTOR ( 'NONE', #4820, 1000.000000000000000 ) ;
#984 = ORIENTED_EDGE ( 'NONE', *, *, #6062, .F. ) ;
#985 = CARTESIAN_POINT ( 'NONE',  ( 2.935046030000000084, 11.21038888050000182, 0.000000000000000000 ) ) ;
#986 = ORIENTED_EDGE ( 'NONE', *, *, #2212, .T. ) ;
#987 = CARTESIAN_POINT ( 'NONE',  ( 0.000000000000000000, 10.00000000000000000, 0.000000000000000000 ) ) ;
#988 =( NAMED_UNIT ( * ) SI_UNIT ( $, .STERADIAN. ) SOLID_ANGLE_UNIT ( ) );
#989 = AXIS2_PLACEMENT_3D ( 'NONE', #824, #3241, #197 ) ;
#990 = VECTOR ( 'NONE', #3501, 1000.000000000000000 ) ;
#991 = DIRECTION ( 'NONE',  ( -1.000000000000000000, -0.000000000000000000, -0.000000000000000000 ) ) ;
#992 = EDGE_CURVE ( 'NONE', #2852, #2551, #2895, .T. ) ;
#993 = EDGE_CURVE ( 'NONE', #128, #7752, #5304, .T. ) ;
#994 = EDGE_LOOP ( 'NONE', ( #6537, #286, #2827, #2494, #7653, #7058, #6051, #334, #5448 ) ) ;
#995 = AXIS2_PLACEMENT_3D ( 'NONE', #3369, #5193, #1647 ) ;
#996 = FILL_AREA_STYLE ('',( #4003 ) ) ;
#997 = LINE ( 'NONE', #3375, #7670 ) ;
#998 = VECTOR ( 'NONE', #5072, 1000.000000000000000 ) ;
#999 = ORIENTED_EDGE ( 'NONE', *, *, #2481, .F. ) ;
#1000 = LINE ( 'NONE', #3936, #4474 ) ;
#1001 = LINE ( 'NONE', #5850, #4015 ) ;
#1002 = DIRECTION ( 'NONE',  ( 0.000000000000000000, -1.000000000000000000, 0.000000000000000000 ) ) ;
#1003 = AXIS2_PLACEMENT_3D ( 'NONE', #4893, #7238, #5581 ) ;
#1004 = STYLED_ITEM ( 'NONE', ( #3076 ), #4090 ) ;
#1005 = DIRECTION ( 'NONE',  ( -0.000000000000000000, 0.000000000000000000, -1.000000000000000000 ) ) ;
#1006 = EDGE_CURVE ( 'NONE', #2672, #622, #4159, .T. ) ;
#1007 = CARTESIAN_POINT ( 'NONE',  ( 7.149999999999999467, 0.4000000000000000222, -13.75000000000000000 ) ) ;
#1008 = ORIENTED_EDGE ( 'NONE', *, *, #6760, .F. ) ;
#1009 = DIRECTION ( 'NONE',  ( 0.000000000000000000, -0.000000000000000000, 1.000000000000000000 ) ) ;
#1010 = CYLINDRICAL_SURFACE ( 'NONE', #840, 0.7999999999999997113 ) ;
#1011 = DIRECTION ( 'NONE',  ( -0.1718749986839486765, 0.9851187668638704542, 0.000000000000000000 ) ) ;
#1012 = VECTOR ( 'NONE', #6951, 1000.000000000000000 ) ;
#1013 = EDGE_CURVE ( 'NONE', #5640, #2162, #2309, .T. ) ;
#1014 = CARTESIAN_POINT ( 'NONE',  ( -6.459999999925054581, 1.000000000000000000, -13.35000000000000320 ) ) ;
#1015 = SURFACE_SIDE_STYLE ('',( #4614 ) ) ;
#1016 = EDGE_LOOP ( 'NONE', ( #2918, #5527, #4321, #5351, #2540, #772, #4485, #4341, #6274 ) ) ;
#1017 = ORIENTED_EDGE ( 'NONE', *, *, #7253, .F. ) ;
#1018 = FILL_AREA_STYLE_COLOUR ( '', #6017 ) ;
#1019 = VECTOR ( 'NONE', #1572, 1000.000000000000000 ) ;
#1020 = PRESENTATION_LAYER_ASSIGNMENT (  '', '', ( #4818 ) ) ;
#1021 = EDGE_LOOP ( 'NONE', ( #4900, #3579, #2982, #1471 ) ) ;
#1022 = CARTESIAN_POINT ( 'NONE',  ( -0.3500000000000000333, 6.779999998479998347, -12.82499999999999929 ) ) ;
#1023 = ORIENTED_EDGE ( 'NONE', *, *, #6625, .T. ) ;
#1024 = DIRECTION ( 'NONE',  ( 1.000000000000000000, -1.084202172485504828E-15, 0.000000000000000000 ) ) ;
#1025 = MECHANICAL_DESIGN_GEOMETRIC_PRESENTATION_REPRESENTATION (  '', ( #248 ), #5469 ) ;
#1026 = EDGE_CURVE ( 'NONE', #2861, #867, #1722, .T. ) ;
#1027 = VERTEX_POINT ( 'NONE', #3513 ) ;
#1028 = AXIS2_PLACEMENT_3D ( 'NONE', #6678, #6091, #3074 ) ;
#1029 = PRESENTATION_STYLE_ASSIGNMENT (( #7629 ) ) ;
#1030 = DIRECTION ( 'NONE',  ( 0.000000000000000000, 0.000000000000000000, 1.000000000000000000 ) ) ;
#1031 = ORIENTED_EDGE ( 'NONE', *, *, #6097, .F. ) ;
#1032 = PLANE ( 'NONE',  #1850 ) ;
#1033 = CARTESIAN_POINT ( 'NONE',  ( -7.149999999999999467, 0.3999999979900000779, -13.75000000000000000 ) ) ;
#1034 = EDGE_CURVE ( 'NONE', #1304, #2095, #6612, .T. ) ;
#1035 = CIRCLE ( 'NONE', #2203, 5.850000000000000533 ) ;
#1036 = DIRECTION ( 'NONE',  ( 0.000000000000000000, -0.000000000000000000, 1.000000000000000000 ) ) ;
#1037 = PLANE ( 'NONE',  #3535 ) ;
#1038 = CARTESIAN_POINT ( 'NONE',  ( -4.064953970000000361, 8.789611119499999958, -10.25000000000000000 ) ) ;
#1039 = ORIENTED_EDGE ( 'NONE', *, *, #7543, .F. ) ;
#1040 = VERTEX_POINT ( 'NONE', #5343 ) ;
#1041 = LINE ( 'NONE', #6440, #1889 ) ;
#1042 = ADVANCED_FACE ( 'NONE', ( #7770 ), #3632, .F. ) ;
#1043 = EDGE_CURVE ( 'NONE', #5140, #3422, #4234, .T. ) ;
#1044 = DIRECTION ( 'NONE',  ( 0.000000000000000000, 0.000000000000000000, 1.000000000000000000 ) ) ;
#1045 = LINE ( 'NONE', #4686, #3828 ) ;
#1046 = FACE_OUTER_BOUND ( 'NONE', #1632, .T. ) ;
#1047 = FACE_OUTER_BOUND ( 'NONE', #346, .T. ) ;
#1048 = CARTESIAN_POINT ( 'NONE',  ( 2.152319809999999833, 7.372648522000000426, -13.35000000000000320 ) ) ;
#1049 = VERTEX_POINT ( 'NONE', #1230 ) ;
#1050 = DIRECTION ( 'NONE',  ( -1.000000000000000000, -0.000000000000000000, -0.000000000000000000 ) ) ;
#1051 = ORIENTED_EDGE ( 'NONE', *, *, #2568, .T. ) ;
#1052 = CARTESIAN_POINT ( 'NONE',  ( -0.8750000000000001110, 2.965828046499999981, -6.168309641500001383 ) ) ;
#1053 = EDGE_CURVE ( 'NONE', #3934, #7685, #1276, .T. ) ;
#1054 = CARTESIAN_POINT ( 'NONE',  ( 2.678207945000000478, 7.912499770000001043, -13.70000000000000107 ) ) ;
#1055 = VECTOR ( 'NONE', #3170, 1000.000000000000000 ) ;
#1056 = DIRECTION ( 'NONE',  ( 1.000000000000000000, 0.000000000000000000, 0.000000000000000000 ) ) ;
#1057 = DIRECTION ( 'NONE',  ( -0.000000000000000000, -0.000000000000000000, -1.000000000000000000 ) ) ;
#1058 = ORIENTED_EDGE ( 'NONE', *, *, #6229, .F. ) ;
#1059 = CARTESIAN_POINT ( 'NONE',  ( 0.000000000000000000, 11.87200249900000237, -13.29009995000000011 ) ) ;
#1060 = EDGE_LOOP ( 'NONE', ( #4954, #1406, #4995, #765 ) ) ;
#1061 = VECTOR ( 'NONE', #1435, 1000.000000000000000 ) ;
#1062 = CARTESIAN_POINT ( 'NONE',  ( 3.743951986000000787, 6.150351842999999263, 2.891205793294678326E-16 ) ) ;
#1063 = VERTEX_POINT ( 'NONE', #5507 ) ;
#1064 = MECHANICAL_DESIGN_GEOMETRIC_PRESENTATION_REPRESENTATION (  '', ( #28 ), #4364 ) ;
#1065 = CARTESIAN_POINT ( 'NONE',  ( 0.3500000000000000333, 1.000000000000000000, -11.95000000000000107 ) ) ;
#1066 = UNCERTAINTY_MEASURE_WITH_UNIT (LENGTH_MEASURE( 1.000000000000000082E-05 ), #5817, 'distance_accuracy_value', 'NONE');
#1067 = SURFACE_SIDE_STYLE ('',( #7100 ) ) ;
#1068 = MECHANICAL_DESIGN_GEOMETRIC_PRESENTATION_REPRESENTATION (  '', ( #3468 ), #690 ) ;
#1069 = AXIS2_PLACEMENT_3D ( 'NONE', #3440, #2782, #5191 ) ;
#1070 = ORIENTED_EDGE ( 'NONE', *, *, #3710, .T. ) ;
#1071 = DIRECTION ( 'NONE',  ( 0.000000000000000000, 0.000000000000000000, 1.000000000000000000 ) ) ;
#1072 = DIRECTION ( 'NONE',  ( -0.6977825133208278574, 0.7163096844966350130, 0.000000000000000000 ) ) ;
#1073 = CARTESIAN_POINT ( 'NONE',  ( -2.678207945000000478, 7.912499770000001043, -13.35000000079999971 ) ) ;
#1074 = UNCERTAINTY_MEASURE_WITH_UNIT (LENGTH_MEASURE( 1.000000000000000082E-05 ), #1552, 'distance_accuracy_value', 'NONE');
#1075 = STYLED_ITEM ( 'NONE', ( #5528 ), #1211 ) ;
#1076 = EDGE_LOOP ( 'NONE', ( #1184, #7140, #2623, #5508 ) ) ;
#1077 = CARTESIAN_POINT ( 'NONE',  ( 0.3000000000000000444, 7.241619849000000109, -5.125000000000000000 ) ) ;
#1078 = LINE ( 'NONE', #4674, #6366 ) ;
#1079 = CARTESIAN_POINT ( 'NONE',  ( -6.459999998875000315, -4.065758146820641628E-17, -4.400000000062501471 ) ) ;
#1080 = FACE_OUTER_BOUND ( 'NONE', #4197, .T. ) ;
#1081 = ADVANCED_FACE ( 'NONE', ( #666 ), #4320, .F. ) ;
#1082 = VECTOR ( 'NONE', #5784, 1000.000000000000000 ) ;
#1083 = ORIENTED_EDGE ( 'NONE', *, *, #2362, .T. ) ;
#1084 = EDGE_CURVE ( 'NONE', #5757, #3402, #4376, .T. ) ;
#1085 =( NAMED_UNIT ( * ) PLANE_ANGLE_UNIT ( ) SI_UNIT ( $, .RADIAN. ) );
#1086 =( LENGTH_UNIT ( ) NAMED_UNIT ( * ) SI_UNIT ( .MILLI., .METRE. ) );
#1087 = ORIENTED_EDGE ( 'NONE', *, *, #3997, .T. ) ;
#1088 = VECTOR ( 'NONE', #7279, 999.9999999999998863 ) ;
#1089 = DIRECTION ( 'NONE',  ( 1.000000000000000000, 0.000000000000000000, 0.000000000000000000 ) ) ;
#1090 = CARTESIAN_POINT ( 'NONE',  ( 2.038726125046310234, 7.627784118710718708, -13.35000000072555970 ) ) ;
#1091 = DIRECTION ( 'NONE',  ( 0.000000000000000000, 1.000000000000000000, 0.000000000000000000 ) ) ;
#1092 = CYLINDRICAL_SURFACE ( 'NONE', #4662, 1.000000000000000000 ) ;
#1093 = CARTESIAN_POINT ( 'NONE',  ( -7.615804275999998652, 5.393073722000000458, -13.75000000000000000 ) ) ;
#1094 = EDGE_CURVE ( 'NONE', #3431, #5222, #6334, .T. ) ;
#1095 = AXIS2_PLACEMENT_3D ( 'NONE', #1953, #4353, #1354 ) ;
#1096 = EDGE_CURVE ( 'NONE', #3124, #7055, #853, .T. ) ;
#1097 = DIRECTION ( 'NONE',  ( 0.000000000000000000, -0.000000000000000000, 1.000000000000000000 ) ) ;
#1098 = CARTESIAN_POINT ( 'NONE',  ( -4.064953970000000361, 8.789611119499999958, 0.000000000000000000 ) ) ;
#1099 = ORIENTED_EDGE ( 'NONE', *, *, #1043, .F. ) ;
#1100 = ORIENTED_EDGE ( 'NONE', *, *, #7403, .F. ) ;
#1101 = CYLINDRICAL_SURFACE ( 'NONE', #6816, 7.000000000000000000 ) ;
#1102 = DIRECTION ( 'NONE',  ( 1.000000000000000000, 0.000000000000000000, 0.000000000000000000 ) ) ;
#1103 = DIRECTION ( 'NONE',  ( 0.4067366430118495857, -0.9135454576710735353, -0.000000000000000000 ) ) ;
#1104 =( GEOMETRIC_REPRESENTATION_CONTEXT ( 3 ) GLOBAL_UNCERTAINTY_ASSIGNED_CONTEXT ( ( #3061 ) ) GLOBAL_UNIT_ASSIGNED_CONTEXT ( ( #2671, #1574, #2126 ) ) REPRESENTATION_CONTEXT ( 'NONE', 'WORKASPACE' ) );
#1105 =( LENGTH_UNIT ( ) NAMED_UNIT ( * ) SI_UNIT ( .MILLI., .METRE. ) );
#1106 = EDGE_CURVE ( 'NONE', #2323, #1063, #5663, .T. ) ;
#1107 = CARTESIAN_POINT ( 'NONE',  ( 2.998092552999999771, 9.803553087000000943, -12.82499999999999929 ) ) ;
#1108 = EDGE_LOOP ( 'NONE', ( #5509, #6184, #1162, #4857 ) ) ;
#1109 = CARTESIAN_POINT ( 'NONE',  ( 0.000000000000000000, 9.105002455999999356, -13.95000000000000462 ) ) ;
#1110 = VECTOR ( 'NONE', #6941, 1000.000000000000000 ) ;
#1111 = CARTESIAN_POINT ( 'NONE',  ( 9.199999999999999289, 2.899999999999999911, -11.90000000000000036 ) ) ;
#1112 = ORIENTED_EDGE ( 'NONE', *, *, #5060, .T. ) ;
#1113 = AXIS2_PLACEMENT_3D ( 'NONE', #7444, #5053, #969 ) ;
#1114 = ORIENTED_EDGE ( 'NONE', *, *, #6438, .T. ) ;
#1115 = DIRECTION ( 'NONE',  ( 0.000000000000000000, -1.000000000000000000, 0.000000000000000000 ) ) ;
#1116 = FACE_OUTER_BOUND ( 'NONE', #5275, .T. ) ;
#1117 = SURFACE_SIDE_STYLE ('',( #543 ) ) ;
#1118 = PRESENTATION_LAYER_ASSIGNMENT (  '', '', ( #6942 ) ) ;
#1119 = ORIENTED_EDGE ( 'NONE', *, *, #67, .T. ) ;
#1120 = CARTESIAN_POINT ( 'NONE',  ( -2.246835616000000257, 2.899999999999999911, -11.90000000000000036 ) ) ;
#1121 =( NAMED_UNIT ( * ) PLANE_ANGLE_UNIT ( ) SI_UNIT ( $, .RADIAN. ) );
#1122 = CARTESIAN_POINT ( 'NONE',  ( -5.000000000000000000, -4.000000000000000000, -3.149999999999999911 ) ) ;
#1123 = COLOUR_RGB ( '',0.7529411764705882248, 0.7529411764705882248, 0.7529411764705882248 ) ;
#1124 = STYLED_ITEM ( 'NONE', ( #24 ), #3755 ) ;
#1125 = ORIENTED_EDGE ( 'NONE', *, *, #1700, .F. ) ;
#1126 = DIRECTION ( 'NONE',  ( -1.000000000000000000, 8.673617379884028570E-16, 0.000000000000000000 ) ) ;
#1127 = ORIENTED_EDGE ( 'NONE', *, *, #2371, .F. ) ;
#1128 = ADVANCED_FACE ( 'NONE', ( #189 ), #7561, .T. ) ;
#1129 = VECTOR ( 'NONE', #1401, 999.9999999999998863 ) ;
#1130 = AXIS2_PLACEMENT_3D ( 'NONE', #369, #1694, #4084 ) ;
#1131 = LINE ( 'NONE', #7679, #5138 ) ;
#1132 =( NAMED_UNIT ( * ) SI_UNIT ( $, .STERADIAN. ) SOLID_ANGLE_UNIT ( ) );
#1133 = CARTESIAN_POINT ( 'NONE',  ( -4.537760422499999002, 9.159008004999998676, 0.000000000000000000 ) ) ;
#1134 = DIRECTION ( 'NONE',  ( 1.000000000000000000, 0.000000000000000000, 0.000000000000000000 ) ) ;
#1135 = VECTOR ( 'NONE', #1440, 1000.000000000000000 ) ;
#1136 = CARTESIAN_POINT ( 'NONE',  ( 4.500000000000000888, -3.404123204000000236, -3.149999999999999911 ) ) ;
#1137 = CARTESIAN_POINT ( 'NONE',  ( 4.499999999624116676, -3.404123202795854120, -2.849999999999999645 ) ) ;
#1138 = ORIENTED_EDGE ( 'NONE', *, *, #1765, .F. ) ;
#1139 = FACE_OUTER_BOUND ( 'NONE', #1895, .T. ) ;
#1140 = DIRECTION ( 'NONE',  ( 0.000000000000000000, 0.000000000000000000, 1.000000000000000000 ) ) ;
#1141 = VECTOR ( 'NONE', #855, 1000.000000000000000 ) ;
#1142 = EDGE_CURVE ( 'NONE', #3422, #6514, #6962, .T. ) ;
#1143 = SURFACE_SIDE_STYLE ('',( #4071 ) ) ;
#1144 =( NAMED_UNIT ( * ) PLANE_ANGLE_UNIT ( ) SI_UNIT ( $, .RADIAN. ) );
#1145 = VERTEX_POINT ( 'NONE', #5207 ) ;
#1146 = CARTESIAN_POINT ( 'NONE',  ( -2.117469151000000327, 11.28227801699999944, -5.125000000000000000 ) ) ;
#1147 = ORIENTED_EDGE ( 'NONE', *, *, #1943, .F. ) ;
#1148 = AXIS2_PLACEMENT_3D ( 'NONE', #4597, #4564, #7139 ) ;
#1149 = CARTESIAN_POINT ( 'NONE',  ( -0.8750000000000001110, 2.200000000000000178, -6.311788218000001116 ) ) ;
#1150 = ORIENTED_EDGE ( 'NONE', *, *, #5826, .F. ) ;
#1151 = LINE ( 'NONE', #2431, #4486 ) ;
#1152 = PRESENTATION_STYLE_ASSIGNMENT (( #5911 ) ) ;
#1153 = UNCERTAINTY_MEASURE_WITH_UNIT (LENGTH_MEASURE( 1.000000000000000082E-05 ), #6221, 'distance_accuracy_value', 'NONE');
#1154 = ADVANCED_FACE ( 'NONE', ( #5360 ), #4093, .F. ) ;
#1155 = EDGE_CURVE ( 'NONE', #4436, #2351, #5004, .T. ) ;
#1156 = ORIENTED_EDGE ( 'NONE', *, *, #6140, .T. ) ;
#1157 = DIRECTION ( 'NONE',  ( -1.000000000000000000, 0.000000000000000000, 0.000000000000000000 ) ) ;
#1158 = ORIENTED_EDGE ( 'NONE', *, *, #859, .F. ) ;
#1159 = PRESENTATION_STYLE_ASSIGNMENT (( #4798 ) ) ;
#1160 =( GEOMETRIC_REPRESENTATION_CONTEXT ( 3 ) GLOBAL_UNCERTAINTY_ASSIGNED_CONTEXT ( ( #5687 ) ) GLOBAL_UNIT_ASSIGNED_CONTEXT ( ( #918, #5772, #3333 ) ) REPRESENTATION_CONTEXT ( 'NONE', 'WORKASPACE' ) );
#1161 = UNCERTAINTY_MEASURE_WITH_UNIT (LENGTH_MEASURE( 1.000000000000000082E-05 ), #5050, 'distance_accuracy_value', 'NONE');
#1162 = ORIENTED_EDGE ( 'NONE', *, *, #4970, .F. ) ;
#1163 = CARTESIAN_POINT ( 'NONE',  ( 7.149999999999999467, 0.3999999959800001337, -12.82499999999999929 ) ) ;
#1164 = CARTESIAN_POINT ( 'NONE',  ( -2.998092552999999771, 9.803553087000000943, -13.75000000000000000 ) ) ;
#1165 = DIRECTION ( 'NONE',  ( 1.000000000000000000, -0.000000000000000000, -0.000000000000000000 ) ) ;
#1166 = SURFACE_STYLE_USAGE ( .BOTH. , #2324 ) ;
#1167 = SHAPE_DEFINITION_REPRESENTATION ( #7361, #2797 ) ;
#1168 = DIRECTION ( 'NONE',  ( 0.000000000000000000, 1.000000000000000000, 0.000000000000000000 ) ) ;
#1169 = VECTOR ( 'NONE', #3240, 1000.000000000000000 ) ;
#1170 = ORIENTED_EDGE ( 'NONE', *, *, #4808, .T. ) ;
#1171 = FACE_OUTER_BOUND ( 'NONE', #5978, .T. ) ;
#1172 = LINE ( 'NONE', #7795, #4559 ) ;
#1173 = ORIENTED_EDGE ( 'NONE', *, *, #238, .F. ) ;
#1174 = AXIS2_PLACEMENT_3D ( 'NONE', #2796, #7669, #7750 ) ;
#1175 = CARTESIAN_POINT ( 'NONE',  ( 0.3500000000000000333, -3.000000000000000000, -12.50000000000000000 ) ) ;
#1176 = DIRECTION ( 'NONE',  ( -0.000000000000000000, -1.000000000000000000, -0.000000000000000000 ) ) ;
#1177 = CARTESIAN_POINT ( 'NONE',  ( -0.3000000000000000444, 4.638380150999999785, -10.25000000000000000 ) ) ;
#1178 = LINE ( 'NONE', #5249, #5934 ) ;
#1179 = EDGE_CURVE ( 'NONE', #6012, #3626, #1586, .T. ) ;
#1180 = AXIS2_PLACEMENT_3D ( 'NONE', #2175, #5201, #7665 ) ;
#1181 = CARTESIAN_POINT ( 'NONE',  ( -4.409724396000000546, 8.348325096999998252, -5.125000000000000000 ) ) ;
#1182 = CARTESIAN_POINT ( 'NONE',  ( -7.150000000199999484, 1.000000000000000000, -8.875000000000001776 ) ) ;
#1183 = ORIENTED_EDGE ( 'NONE', *, *, #6720, .T. ) ;
#1184 = ORIENTED_EDGE ( 'NONE', *, *, #89, .T. ) ;
#1185 = DIRECTION ( 'NONE',  ( 1.000000000000000000, 0.000000000000000000, 0.000000000000000000 ) ) ;
#1186 =( LENGTH_UNIT ( ) NAMED_UNIT ( * ) SI_UNIT ( .MILLI., .METRE. ) );
#1187 = FACE_OUTER_BOUND ( 'NONE', #1191, .T. ) ;
#1188 = EDGE_CURVE ( 'NONE', #434, #6313, #6998, .T. ) ;
#1189 = VERTEX_POINT ( 'NONE', #4681 ) ;
#1190 = CARTESIAN_POINT ( 'NONE',  ( -2.678207945000000478, 7.912499770000001043, -13.70000000000000107 ) ) ;
#1191 = EDGE_LOOP ( 'NONE', ( #242, #7339, #68, #7214 ) ) ;
#1192 = CARTESIAN_POINT ( 'NONE',  ( 1.355995001999999783, 10.67799750099999834, -13.29009995000000011 ) ) ;
#1193 = EDGE_CURVE ( 'NONE', #362, #1581, #4257, .T. ) ;
#1194 = ORIENTED_EDGE ( 'NONE', *, *, #4763, .T. ) ;
#1195 = MECHANICAL_DESIGN_GEOMETRIC_PRESENTATION_REPRESENTATION (  '', ( #1594 ), #4990 ) ;
#1196 = ORIENTED_EDGE ( 'NONE', *, *, #5290, .T. ) ;
#1197 = CARTESIAN_POINT ( 'NONE',  ( -7.079741284158813208, 4.942922117824114281, -11.90000000000000036 ) ) ;
#1198 = CARTESIAN_POINT ( 'NONE',  ( 0.000000000000000000, 11.65500245600000540, -13.95000000000000462 ) ) ;
#1199 = ADVANCED_FACE ( 'NONE', ( #3032 ), #4761, .F. ) ;
#1200 = EDGE_CURVE ( 'NONE', #5133, #3892, #2239, .T. ) ;
#1201 = CARTESIAN_POINT ( 'NONE',  ( -0.3500000000000000333, 0.4000000000000000222, -13.75000000000000000 ) ) ;
#1202 = EDGE_LOOP ( 'NONE', ( #1573, #5389, #250, #7446, #7545 ) ) ;
#1203 = ORIENTED_EDGE ( 'NONE', *, *, #7404, .F. ) ;
#1204 = DIRECTION ( 'NONE',  ( 0.000000000000000000, 0.000000000000000000, 1.000000000000000000 ) ) ;
#1205 = CARTESIAN_POINT ( 'NONE',  ( 3.534155545999999593, 10.25370469200000123, -13.75000000000000000 ) ) ;
#1206 = CARTESIAN_POINT ( 'NONE',  ( -7.149999999999999467, 2.900000002297000723, -12.82499999999999929 ) ) ;
#1207 = PLANE ( 'NONE',  #5521 ) ;
#1208 = AXIS2_PLACEMENT_3D ( 'NONE', #7301, #1897, #547 ) ;
#1209 = ORIENTED_EDGE ( 'NONE', *, *, #365, .T. ) ;
#1210 = VECTOR ( 'NONE', #5385, 1000.000000000000114 ) ;
#1211 = ADVANCED_FACE ( 'NONE', ( #1171 ), #683, .F. ) ;
#1212 = DIRECTION ( 'NONE',  ( 0.000000000000000000, -0.000000000000000000, 1.000000000000000000 ) ) ;
#1213 = ORIENTED_EDGE ( 'NONE', *, *, #5025, .F. ) ;
#1214 = PLANE ( 'NONE',  #5923 ) ;
#1215 = CARTESIAN_POINT ( 'NONE',  ( 2.353872377500000113, 11.46697645999999970, 0.000000000000000000 ) ) ;
#1216 =( GEOMETRIC_REPRESENTATION_CONTEXT ( 3 ) GLOBAL_UNCERTAINTY_ASSIGNED_CONTEXT ( ( #4250 ) ) GLOBAL_UNIT_ASSIGNED_CONTEXT ( ( #1314, #6364, #3940 ) ) REPRESENTATION_CONTEXT ( 'NONE', 'WORKASPACE' ) );
#1217 = DIRECTION ( 'NONE',  ( 0.000000000000000000, 0.000000000000000000, -1.000000000000000000 ) ) ;
#1218 = PLANE ( 'NONE',  #1529 ) ;
#1219 = EDGE_CURVE ( 'NONE', #6775, #7852, #5003, .T. ) ;
#1220 = DIRECTION ( 'NONE',  ( 1.000000000000000000, 0.000000000000000000, 0.000000000000000000 ) ) ;
#1221 = DIRECTION ( 'NONE',  ( -0.000000000000000000, -0.000000000000000000, -1.000000000000000000 ) ) ;
#1222 = DIRECTION ( 'NONE',  ( 0.4067366430118497522, -0.9135454576710734242, -0.000000000000000000 ) ) ;
#1223 = EDGE_LOOP ( 'NONE', ( #5139, #1213, #2118, #192 ) ) ;
#1224 = STYLED_ITEM ( 'NONE', ( #1226 ), #1688 ) ;
#1225 = ORIENTED_EDGE ( 'NONE', *, *, #2099, .F. ) ;
#1226 = PRESENTATION_STYLE_ASSIGNMENT (( #741 ) ) ;
#1227 = CARTESIAN_POINT ( 'NONE',  ( -2.246835616000000257, 6.779999998884830070, -11.90000000000000036 ) ) ;
#1228 = VECTOR ( 'NONE', #6881, 1000.000000000000114 ) ;
#1229 = ORIENTED_EDGE ( 'NONE', *, *, #6646, .T. ) ;
#1230 = CARTESIAN_POINT ( 'NONE',  ( 7.149999999999999467, -3.000000000000000000, -11.99999999995000088 ) ) ;
#1231 = ORIENTED_EDGE ( 'NONE', *, *, #1936, .F. ) ;
#1232 = CARTESIAN_POINT ( 'NONE',  ( 0.000000000000000000, 9.359939443000001802, -13.66820397600000092 ) ) ;
#1233 = ORIENTED_EDGE ( 'NONE', *, *, #1358, .T. ) ;
#1234 = CARTESIAN_POINT ( 'NONE',  ( 9.199999999999999289, 0.000000000000000000, -0.9500000000000000666 ) ) ;
#1235 = VECTOR ( 'NONE', #2851, 1000.000000000000000 ) ;
#1236 = EDGE_CURVE ( 'NONE', #5041, #2535, #767, .T. ) ;
#1237 = DIRECTION ( 'NONE',  ( 0.9135454576710735353, -0.4067366430118497522, 0.000000000000000000 ) ) ;
#1238 = VERTEX_POINT ( 'NONE', #3334 ) ;
#1239 = DIRECTION ( 'NONE',  ( -1.000000000000000000, 0.000000000000000000, 0.000000000000000000 ) ) ;
#1240 = ORIENTED_EDGE ( 'NONE', *, *, #2759, .T. ) ;
#1241 = ORIENTED_EDGE ( 'NONE', *, *, #1930, .T. ) ;
#1242 = UNCERTAINTY_MEASURE_WITH_UNIT (LENGTH_MEASURE( 1.000000000000000082E-05 ), #5446, 'distance_accuracy_value', 'NONE');
#1243 = ORIENTED_EDGE ( 'NONE', *, *, #442, .T. ) ;
#1244 = CARTESIAN_POINT ( 'NONE',  ( 2.556340124601258701, 6.601991155544597589, -5.125000000000000000 ) ) ;
#1245 = VECTOR ( 'NONE', #4106, 1000.000000000000000 ) ;
#1246 = LINE ( 'NONE', #4294, #7411 ) ;
#1247 = EDGE_CURVE ( 'NONE', #3835, #5218, #101, .T. ) ;
#1248 = ADVANCED_FACE ( 'NONE', ( #803, #6246, #2639, #1976, #5654, #5736 ), #5696, .F. ) ;
#1249 = EDGE_LOOP ( 'NONE', ( #2718, #6974, #6373, #544 ) ) ;
#1250 = AXIS2_PLACEMENT_3D ( 'NONE', #2858, #4230, #5382 ) ;
#1251 = SURFACE_SIDE_STYLE ('',( #7263 ) ) ;
#1252 = CARTESIAN_POINT ( 'NONE',  ( 4.649999999722826516, 1.699000000000000288, -15.50000000000000000 ) ) ;
#1253 = ORIENTED_EDGE ( 'NONE', *, *, #5100, .F. ) ;
#1254 = DIRECTION ( 'NONE',  ( -1.000000000000000000, 0.000000000000000000, 0.000000000000000000 ) ) ;
#1255 = FACE_OUTER_BOUND ( 'NONE', #2441, .T. ) ;
#1256 = DIRECTION ( 'NONE',  ( 0.000000000000000000, 0.000000000000000000, 1.000000000000000000 ) ) ;
#1257 = DIRECTION ( 'NONE',  ( 0.000000000000000000, -0.000000000000000000, 1.000000000000000000 ) ) ;
#1258 = AXIS2_PLACEMENT_3D ( 'NONE', #3275, #7612, #351 ) ;
#1259 = AXIS2_PLACEMENT_3D ( 'NONE', #510, #6474, #5819 ) ;
#1260 = EDGE_CURVE ( 'NONE', #4017, #1287, #5085, .T. ) ;
#1261 = CARTESIAN_POINT ( 'NONE',  ( 2.036073077999999814, 8.115041782999998787, -5.125000000000000000 ) ) ;
#1262 = CARTESIAN_POINT ( 'NONE',  ( 2.898589166999999911, -3.000000000000000000, -15.50000000000000000 ) ) ;
#1263 = PLANE ( 'NONE',  #4784 ) ;
#1264 = DIRECTION ( 'NONE',  ( 0.000000000000000000, -1.000000000000000000, 0.000000000000000000 ) ) ;
#1265 =( LENGTH_UNIT ( ) NAMED_UNIT ( * ) SI_UNIT ( .MILLI., .METRE. ) );
#1266 = VERTEX_POINT ( 'NONE', #6355 ) ;
#1267 =( GEOMETRIC_REPRESENTATION_CONTEXT ( 3 ) GLOBAL_UNCERTAINTY_ASSIGNED_CONTEXT ( ( #7424 ) ) GLOBAL_UNIT_ASSIGNED_CONTEXT ( ( #5608, #6837, #6874 ) ) REPRESENTATION_CONTEXT ( 'NONE', 'WORKASPACE' ) );
#1268 = ORIENTED_EDGE ( 'NONE', *, *, #7416, .T. ) ;
#1269 = CARTESIAN_POINT ( 'NONE',  ( 1.301286965000000073, 8.960316512000002120, -10.25000000000000000 ) ) ;
#1270 = FACE_OUTER_BOUND ( 'NONE', #3062, .T. ) ;
#1271 = EDGE_CURVE ( 'NONE', #1656, #115, #5043, .T. ) ;
#1272 = CARTESIAN_POINT ( 'NONE',  ( 3.500000000000000000, 10.00000000000000000, 0.000000000000000000 ) ) ;
#1273 = MECHANICAL_DESIGN_GEOMETRIC_PRESENTATION_REPRESENTATION (  '', ( #1660 ), #5055 ) ;
#1274 =( LENGTH_UNIT ( ) NAMED_UNIT ( * ) SI_UNIT ( .MILLI., .METRE. ) );
#1275 = VERTEX_POINT ( 'NONE', #3298 ) ;
#1276 = LINE ( 'NONE', #1466, #3473 ) ;
#1277 = EDGE_LOOP ( 'NONE', ( #6574, #3490, #5712, #4703 ) ) ;
#1278 = ORIENTED_EDGE ( 'NONE', *, *, #768, .T. ) ;
#1279 = ORIENTED_EDGE ( 'NONE', *, *, #7152, .T. ) ;
#1280 = CARTESIAN_POINT ( 'NONE',  ( 4.649999999999999467, -0.9160970000000000502, -13.35000000079999971 ) ) ;
#1281 = VECTOR ( 'NONE', #6550, 1000.000000000000227 ) ;
#1282 = DIRECTION ( 'NONE',  ( 0.000000000000000000, 0.000000000000000000, -1.000000000000000000 ) ) ;
#1283 = ORIENTED_EDGE ( 'NONE', *, *, #599, .F. ) ;
#1284 = PLANE ( 'NONE',  #7101 ) ;
#1285 = CARTESIAN_POINT ( 'NONE',  ( -3.819878884999999169, 8.090060557000001040, -13.66820397600000092 ) ) ;
#1286 = ORIENTED_EDGE ( 'NONE', *, *, #3042, .F. ) ;
#1287 = VERTEX_POINT ( 'NONE', #7477 ) ;
#1288 = DIRECTION ( 'NONE',  ( -0.6430737215281265851, -0.7658042756997152090, 0.000000000000000000 ) ) ;
#1289 = CARTESIAN_POINT ( 'NONE',  ( 5.650000000000001243, 0.000000000000000000, 0.000000000000000000 ) ) ;
#1290 = CARTESIAN_POINT ( 'NONE',  ( 5.850000000000000533, 10.00000000000000000, -10.25000000000000000 ) ) ;
#1291 = ORIENTED_EDGE ( 'NONE', *, *, #4526, .F. ) ;
#1292 = CIRCLE ( 'NONE', #2560, 0.5000000000000004441 ) ;
#1293 = LINE ( 'NONE', #558, #7724 ) ;
#1294 = EDGE_CURVE ( 'NONE', #5095, #4199, #3853, .T. ) ;
#1295 = ORIENTED_EDGE ( 'NONE', *, *, #1053, .F. ) ;
#1296 = CARTESIAN_POINT ( 'NONE',  ( 10.25000000000000000, 9.750000000000000000, -0.9500000000000000666 ) ) ;
#1297 = LINE ( 'NONE', #3073, #2372 ) ;
#1298 = COLOUR_RGB ( '',0.7529411764705882248, 0.7529411764705882248, 0.7529411764705882248 ) ;
#1299 = CARTESIAN_POINT ( 'NONE',  ( -7.850000000133332101, 0.9999999996080000120, -11.99999999893333502 ) ) ;
#1300 = DIRECTION ( 'NONE',  ( 0.000000000000000000, 0.000000000000000000, -1.000000000000000000 ) ) ;
#1301 = LINE ( 'NONE', #5582, #5926 ) ;
#1302 = COLOUR_RGB ( '',0.7529411764705882248, 0.7529411764705882248, 0.7529411764705882248 ) ;
#1303 = PLANE ( 'NONE',  #1677 ) ;
#1304 = VERTEX_POINT ( 'NONE', #2206 ) ;
#1305 = EDGE_CURVE ( 'NONE', #5218, #1874, #7702, .T. ) ;
#1306 = EDGE_CURVE ( 'NONE', #8, #6987, #6393, .T. ) ;
#1307 = EDGE_LOOP ( 'NONE', ( #2155, #1759, #2465, #3089 ) ) ;
#1308 = FACE_BOUND ( 'NONE', #4489, .T. ) ;
#1309 = DIRECTION ( 'NONE',  ( 0.000000000000000000, 0.000000000000000000, -1.000000000000000000 ) ) ;
#1310 = CARTESIAN_POINT ( 'NONE',  ( 6.460000000000000853, 1.000000000000000000, -4.400000000000001243 ) ) ;
#1311 = AXIS2_PLACEMENT_3D ( 'NONE', #2829, #5202, #3447 ) ;
#1312 = LINE ( 'NONE', #3709, #2406 ) ;
#1313 = ORIENTED_EDGE ( 'NONE', *, *, #1849, .T. ) ;
#1314 =( LENGTH_UNIT ( ) NAMED_UNIT ( * ) SI_UNIT ( .MILLI., .METRE. ) );
#1315 = VERTEX_POINT ( 'NONE', #1608 ) ;
#1316 = ORIENTED_EDGE ( 'NONE', *, *, #756, .F. ) ;
#1317 = EDGE_CURVE ( 'NONE', #5225, #2405, #997, .T. ) ;
#1318 = ORIENTED_EDGE ( 'NONE', *, *, #1094, .T. ) ;
#1319 = DIRECTION ( 'NONE',  ( -0.000000000000000000, -0.000000000000000000, -1.000000000000000000 ) ) ;
#1320 = VERTEX_POINT ( 'NONE', #958 ) ;
#1321 = DIRECTION ( 'NONE',  ( 0.000000000000000000, 0.000000000000000000, -1.000000000000000000 ) ) ;
#1322 = CARTESIAN_POINT ( 'NONE',  ( 0.000000000000000000, 9.359939443000001802, -13.66820397600000092 ) ) ;
#1323 = ORIENTED_EDGE ( 'NONE', *, *, #5998, .T. ) ;
#1324 = VERTEX_POINT ( 'NONE', #6502 ) ;
#1325 = EDGE_LOOP ( 'NONE', ( #6079, #7573, #2593, #445 ) ) ;
#1326 = CARTESIAN_POINT ( 'NONE',  ( -3.225000000000000089, 8.473809973000001605, -12.62500000000000000 ) ) ;
#1327 = CARTESIAN_POINT ( 'NONE',  ( -4.624063638399999121, 1.821020991700000424, -13.35000000000000320 ) ) ;
#1328 = DIRECTION ( 'NONE',  ( 0.9851187666413689925, -0.1718749999592382172, 0.000000000000000000 ) ) ;
#1329 =( NAMED_UNIT ( * ) SI_UNIT ( $, .STERADIAN. ) SOLID_ANGLE_UNIT ( ) );
#1330 = AXIS2_PLACEMENT_3D ( 'NONE', #4366, #3888, #5074 ) ;
#1331 = CARTESIAN_POINT ( 'NONE',  ( -3.743951984669270150, 6.150351841929200702, -10.25000000000000000 ) ) ;
#1332 = VECTOR ( 'NONE', #2028, 1000.000000000000000 ) ;
#1333 = EDGE_LOOP ( 'NONE', ( #6777, #5809, #2365, #7160 ) ) ;
#1334 = CARTESIAN_POINT ( 'NONE',  ( 3.225000000000000089, 8.473809973000001605, -13.35000000000000320 ) ) ;
#1335 = FACE_OUTER_BOUND ( 'NONE', #1958, .T. ) ;
#1336 = VECTOR ( 'NONE', #5338, 1000.000000000000000 ) ;
#1337 = FILL_AREA_STYLE_COLOUR ( '', #2894 ) ;
#1338 = ORIENTED_EDGE ( 'NONE', *, *, #592, .T. ) ;
#1339 = AXIS2_PLACEMENT_3D ( 'NONE', #5562, #3216, #216 ) ;
#1340 = CARTESIAN_POINT ( 'NONE',  ( -4.499999999750000867, -0.01000000000000004011, -3.149999999999999911 ) ) ;
#1341 = DIRECTION ( 'NONE',  ( -0.6430737218280185852, 0.7658042754478850966, 0.000000000000000000 ) ) ;
#1342 = ADVANCED_FACE ( 'NONE', ( #5877 ), #333, .T. ) ;
#1343 = DIRECTION ( 'NONE',  ( 1.000000000000000000, 0.000000000000000000, 0.000000000000000000 ) ) ;
#1344 = ADVANCED_FACE ( 'NONE', ( #3412 ), #5845, .F. ) ;
#1345 = VECTOR ( 'NONE', #7127, 1000.000000000000000 ) ;
#1346 =( LENGTH_UNIT ( ) NAMED_UNIT ( * ) SI_UNIT ( .MILLI., .METRE. ) );
#1347 =( NAMED_UNIT ( * ) SI_UNIT ( $, .STERADIAN. ) SOLID_ANGLE_UNIT ( ) );
#1348 = SURFACE_STYLE_USAGE ( .BOTH. , #6761 ) ;
#1349 = LINE ( 'NONE', #4976, #4406 ) ;
#1350 = ORIENTED_EDGE ( 'NONE', *, *, #2083, .F. ) ;
#1351 = ORIENTED_EDGE ( 'NONE', *, *, #3329, .F. ) ;
#1352 = DIRECTION ( 'NONE',  ( 0.000000000000000000, 0.000000000000000000, -1.000000000000000000 ) ) ;
#1353 = COLOUR_RGB ( '',0.7529411764705882248, 0.7529411764705882248, 0.7529411764705882248 ) ;
#1354 = DIRECTION ( 'NONE',  ( 1.000000000000000000, 0.000000000000000000, 0.000000000000000000 ) ) ;
#1355 = LINE ( 'NONE', #742, #7751 ) ;
#1356 = DIRECTION ( 'NONE',  ( -1.000000000000000000, -0.000000000000000000, -0.000000000000000000 ) ) ;
#1357 = EDGE_CURVE ( 'NONE', #3692, #8, #2825, .T. ) ;
#1358 = EDGE_CURVE ( 'NONE', #6425, #6817, #2788, .T. ) ;
#1359 = EDGE_LOOP ( 'NONE', ( #4678, #6006, #912, #4830 ) ) ;
#1360 = COLOUR_RGB ( '',0.7529411764705882248, 0.7529411764705882248, 0.7529411764705882248 ) ;
#1361 = ORIENTED_EDGE ( 'NONE', *, *, #4040, .F. ) ;
#1362 = ORIENTED_EDGE ( 'NONE', *, *, #757, .F. ) ;
#1363 = ORIENTED_EDGE ( 'NONE', *, *, #2373, .F. ) ;
#1364 = DIRECTION ( 'NONE',  ( 0.000000000000000000, 1.000000000000000000, 0.000000000000000000 ) ) ;
#1365 = DIRECTION ( 'NONE',  ( 0.000000000000000000, 0.000000000000000000, 1.000000000000000000 ) ) ;
#1366 = VECTOR ( 'NONE', #1176, 1000.000000000000000 ) ;
#1367 = EDGE_CURVE ( 'NONE', #3692, #1808, #1652, .T. ) ;
#1368 = EDGE_LOOP ( 'NONE', ( #400, #664, #4508, #6088 ) ) ;
#1369 = DIRECTION ( 'NONE',  ( 0.000000000000000000, 1.000000000000000000, 0.000000000000000000 ) ) ;
#1370 = VERTEX_POINT ( 'NONE', #2869 ) ;
#1371 = EDGE_LOOP ( 'NONE', ( #4216, #7487, #1318, #2359 ) ) ;
#1372 =( NAMED_UNIT ( * ) SI_UNIT ( $, .STERADIAN. ) SOLID_ANGLE_UNIT ( ) );
#1373 = DIRECTION ( 'NONE',  ( -0.000000000000000000, -0.000000000000000000, -1.000000000000000000 ) ) ;
#1374 = CARTESIAN_POINT ( 'NONE',  ( 7.500000000000000000, 0.4000000000000000222, -13.75000000000000000 ) ) ;
#1375 = AXIS2_PLACEMENT_3D ( 'NONE', #1396, #5018, #2110 ) ;
#1376 = DIRECTION ( 'NONE',  ( 0.000000000000000000, -1.000000000000000000, 0.000000000000000000 ) ) ;
#1377 = ORIENTED_EDGE ( 'NONE', *, *, #5998, .F. ) ;
#1378 = FILL_AREA_STYLE ('',( #1494 ) ) ;
#1379 = CYLINDRICAL_SURFACE ( 'NONE', #3416, 0.7999999999999999334 ) ;
#1380 = COLOUR_RGB ( '',0.7529411764705882248, 0.7529411764705882248, 0.7529411764705882248 ) ;
#1381 = CARTESIAN_POINT ( 'NONE',  ( 2.100878781000000028, 8.328504999000001519, -10.25000000000000000 ) ) ;
#1382 = EDGE_LOOP ( 'NONE', ( #4742, #4189, #360, #353 ) ) ;
#1383 = CARTESIAN_POINT ( 'NONE',  ( -5.263545457954375451, 2.105736643102475547, -15.50000000000000000 ) ) ;
#1384 = LINE ( 'NONE', #3151, #6271 ) ;
#1385 =( NAMED_UNIT ( * ) SI_UNIT ( $, .STERADIAN. ) SOLID_ANGLE_UNIT ( ) );
#1386 = CARTESIAN_POINT ( 'NONE',  ( -4.649999999999999467, -6.521183332913738084E-10, -13.70000000000000107 ) ) ;
#1387 = CIRCLE ( 'NONE', #5153, 0.5000000000000004441 ) ;
#1388 = FACE_OUTER_BOUND ( 'NONE', #4640, .T. ) ;
#1389 = DIRECTION ( 'NONE',  ( 0.000000000000000000, -0.000000000000000000, 1.000000000000000000 ) ) ;
#1390 = ADVANCED_FACE ( 'NONE', ( #6463 ), #3065, .F. ) ;
#1391 = DIRECTION ( 'NONE',  ( -0.000000000000000000, -0.000000000000000000, -1.000000000000000000 ) ) ;
#1392 = EDGE_LOOP ( 'NONE', ( #6105, #2700, #6108, #1459 ) ) ;
#1393 = EDGE_LOOP ( 'NONE', ( #5831, #4160, #3536, #5200 ) ) ;
#1394 = CARTESIAN_POINT ( 'NONE',  ( 5.000000000000000000, 6.780000000000000249, -13.35000000000000320 ) ) ;
#1395 = VECTOR ( 'NONE', #6599, 999.9999999999998863 ) ;
#1396 = CARTESIAN_POINT ( 'NONE',  ( 7.149999999999999467, 0.4000000000000000222, -13.00000000000000178 ) ) ;
#1397 =( GEOMETRIC_REPRESENTATION_CONTEXT ( 3 ) GLOBAL_UNCERTAINTY_ASSIGNED_CONTEXT ( ( #17 ) ) GLOBAL_UNIT_ASSIGNED_CONTEXT ( ( #475, #2258, #4187 ) ) REPRESENTATION_CONTEXT ( 'NONE', 'WORKASPACE' ) );
#1398 = DIRECTION ( 'NONE',  ( 0.000000000000000000, 0.000000000000000000, -1.000000000000000000 ) ) ;
#1399 = DIRECTION ( 'NONE',  ( -0.000000000000000000, -0.000000000000000000, -1.000000000000000000 ) ) ;
#1400 = FACE_OUTER_BOUND ( 'NONE', #1108, .T. ) ;
#1401 = DIRECTION ( 'NONE',  ( 0.6430737218280182521, 0.7658042754478854297, 0.000000000000000000 ) ) ;
#1402 = PRESENTATION_LAYER_ASSIGNMENT (  '', '', ( #3277 ) ) ;
#1403 = ORIENTED_EDGE ( 'NONE', *, *, #2546, .T. ) ;
#1404 = VECTOR ( 'NONE', #3185, 1000.000000000000227 ) ;
#1405 = ORIENTED_EDGE ( 'NONE', *, *, #6758, .F. ) ;
#1406 = ORIENTED_EDGE ( 'NONE', *, *, #294, .F. ) ;
#1407 = CARTESIAN_POINT ( 'NONE',  ( -5.349999999999999645, -6.521182248711565599E-10, -13.35000000079999971 ) ) ;
#1408 = EDGE_CURVE ( 'NONE', #1611, #729, #2444, .T. ) ;
#1409 = VECTOR ( 'NONE', #5173, 1000.000000000000000 ) ;
#1410 = CIRCLE ( 'NONE', #2402, 7.000000000000000000 ) ;
#1411 = PLANE ( 'NONE',  #3305 ) ;
#1412 = ORIENTED_EDGE ( 'NONE', *, *, #7061, .T. ) ;
#1413 = DIRECTION ( 'NONE',  ( 1.000000000000000000, 0.000000000000000000, 0.000000000000000000 ) ) ;
#1414 = ORIENTED_EDGE ( 'NONE', *, *, #1752, .F. ) ;
#1415 = ADVANCED_FACE ( 'NONE', ( #5960 ), #4174, .T. ) ;
#1416 = UNCERTAINTY_MEASURE_WITH_UNIT (LENGTH_MEASURE( 1.000000000000000082E-05 ), #6681, 'distance_accuracy_value', 'NONE');
#1417 = EDGE_CURVE ( 'NONE', #1510, #6178, #5483, .T. ) ;
#1418 = ORIENTED_EDGE ( 'NONE', *, *, #4961, .F. ) ;
#1419 = CARTESIAN_POINT ( 'NONE',  ( 1.215854273500000193, 8.144043730000001702, 0.000000000000000000 ) ) ;
#1420 = DIRECTION ( 'NONE',  ( 0.000000000000000000, -0.000000000000000000, 1.000000000000000000 ) ) ;
#1421 = ORIENTED_EDGE ( 'NONE', *, *, #1822, .T. ) ;
#1422 = DIRECTION ( 'NONE',  ( 0.000000000000000000, 0.000000000000000000, 1.000000000000000000 ) ) ;
#1423 = VECTOR ( 'NONE', #5102, 1000.000000000000000 ) ;
#1424 = ORIENTED_EDGE ( 'NONE', *, *, #3315, .T. ) ;
#1425 = PRESENTATION_STYLE_ASSIGNMENT (( #3152 ) ) ;
#1426 = LINE ( 'NONE', #3189, #1502 ) ;
#1427 = DIRECTION ( 'NONE',  ( 0.000000000000000000, 0.4170690758590134273, -0.9088747911357804021 ) ) ;
#1428 = VECTOR ( 'NONE', #6391, 1000.000000000000000 ) ;
#1429 = DIRECTION ( 'NONE',  ( 0.1718749994385869728, 0.9851187667322076624, 0.000000000000000000 ) ) ;
#1430 = FACE_OUTER_BOUND ( 'NONE', #6552, .T. ) ;
#1431 = DIRECTION ( 'NONE',  ( 0.000000000000000000, 0.000000000000000000, 1.000000000000000000 ) ) ;
#1432 = CARTESIAN_POINT ( 'NONE',  ( -4.649999999999999467, -0.0009999980543360167951, -13.70000000000000107 ) ) ;
#1433 = ORIENTED_EDGE ( 'NONE', *, *, #7254, .T. ) ;
#1434 = EDGE_LOOP ( 'NONE', ( #7530, #7823, #3332, #7194 ) ) ;
#1435 = DIRECTION ( 'NONE',  ( -0.000000000000000000, -0.000000000000000000, -1.000000000000000000 ) ) ;
#1436 = STYLED_ITEM ( 'NONE', ( #3470 ), #6535 ) ;
#1437 =( LENGTH_UNIT ( ) NAMED_UNIT ( * ) SI_UNIT ( .MILLI., .METRE. ) );
#1438 =( NAMED_UNIT ( * ) PLANE_ANGLE_UNIT ( ) SI_UNIT ( $, .RADIAN. ) );
#1439 = CARTESIAN_POINT ( 'NONE',  ( 3.009165872966901301, 6.995626573038075335, -10.25000000000000000 ) ) ;
#1440 = DIRECTION ( 'NONE',  ( 1.000000000000000000, 0.000000000000000000, 0.000000000000000000 ) ) ;
#1441 = PRESENTATION_LAYER_ASSIGNMENT (  '', '', ( #4336 ) ) ;
#1442 = ORIENTED_EDGE ( 'NONE', *, *, #1888, .F. ) ;
#1443 = EDGE_LOOP ( 'NONE', ( #5592, #2749, #6663, #5410 ) ) ;
#1444 = ORIENTED_EDGE ( 'NONE', *, *, #3454, .T. ) ;
#1445 = LINE ( 'NONE', #6933, #6270 ) ;
#1446 = ADVANCED_FACE ( 'NONE', ( #7143 ), #1207, .T. ) ;
#1447 = EDGE_CURVE ( 'NONE', #3260, #1595, #4880, .T. ) ;
#1448 = ORIENTED_EDGE ( 'NONE', *, *, #293, .F. ) ;
#1449 = EDGE_LOOP ( 'NONE', ( #5792, #2734, #131, #4863 ) ) ;
#1450 = DIRECTION ( 'NONE',  ( -1.000000000000000000, 0.000000000000000000, 0.000000000000000000 ) ) ;
#1451 = DIRECTION ( 'NONE',  ( 0.000000000000000000, 1.000000000000000000, 0.000000000000000000 ) ) ;
#1452 = PLANE ( 'NONE',  #3469 ) ;
#1453 = CARTESIAN_POINT ( 'NONE',  ( -7.850000000199998773, 1.000000000000000000, -8.875000000000003553 ) ) ;
#1454 = DIRECTION ( 'NONE',  ( 0.000000000000000000, 1.000000000000000000, 0.000000000000000000 ) ) ;
#1455 = EDGE_CURVE ( 'NONE', #2589, #4584, #6710, .T. ) ;
#1456 = ORIENTED_EDGE ( 'NONE', *, *, #1106, .T. ) ;
#1457 = DIRECTION ( 'NONE',  ( 0.000000000000000000, 0.000000000000000000, 1.000000000000000000 ) ) ;
#1458 = DIRECTION ( 'NONE',  ( 1.000000000000000000, 0.000000000000000000, 0.000000000000000000 ) ) ;
#1459 = ORIENTED_EDGE ( 'NONE', *, *, #7742, .F. ) ;
#1460 = FILL_AREA_STYLE ('',( #5614 ) ) ;
#1461 =( NAMED_UNIT ( * ) PLANE_ANGLE_UNIT ( ) SI_UNIT ( $, .RADIAN. ) );
#1462 = FILL_AREA_STYLE_COLOUR ( '', #970 ) ;
#1463 = SURFACE_STYLE_FILL_AREA ( #2104 ) ;
#1464 = ADVANCED_FACE ( 'NONE', ( #507 ), #7749, .F. ) ;
#1465 = DIRECTION ( 'NONE',  ( 0.000000000000000000, 0.000000000000000000, -1.000000000000000000 ) ) ;
#1466 = CARTESIAN_POINT ( 'NONE',  ( -1.349999995999998870, 10.44500000000000028, -11.90000000000000036 ) ) ;
#1467 = PLANE ( 'NONE',  #1792 ) ;
#1468 = STYLED_ITEM ( 'NONE', ( #4217 ), #7358 ) ;
#1469 = DIRECTION ( 'NONE',  ( 0.000000000000000000, 0.000000000000000000, 1.000000000000000000 ) ) ;
#1470 = DIRECTION ( 'NONE',  ( 1.000000000000000000, 0.000000000000000000, 0.000000000000000000 ) ) ;
#1471 = ORIENTED_EDGE ( 'NONE', *, *, #3231, .F. ) ;
#1472 = ORIENTED_EDGE ( 'NONE', *, *, #238, .T. ) ;
#1473 = CARTESIAN_POINT ( 'NONE',  ( -7.859999999999998543, 1.000000000000000000, -13.35000000000000320 ) ) ;
#1474 = CARTESIAN_POINT ( 'NONE',  ( 0.000000000000000000, 4.638380150999999785, -10.25000000000000000 ) ) ;
#1475 = VECTOR ( 'NONE', #3000, 1000.000000000000114 ) ;
#1476 = AXIS2_PLACEMENT_3D ( 'NONE', #6158, #5112, #5689 ) ;
#1477 =( NAMED_UNIT ( * ) PLANE_ANGLE_UNIT ( ) SI_UNIT ( $, .RADIAN. ) );
#1478 = CARTESIAN_POINT ( 'NONE',  ( 4.649999994000002523, 0.000000000000000000, -6.675000000000001599 ) ) ;
#1479 = ORIENTED_EDGE ( 'NONE', *, *, #6832, .T. ) ;
#1480 = ORIENTED_EDGE ( 'NONE', *, *, #5839, .T. ) ;
#1481 = ORIENTED_EDGE ( 'NONE', *, *, #1930, .F. ) ;
#1482 = DIRECTION ( 'NONE',  ( 1.000000000000000000, 0.000000000000000000, 0.000000000000000000 ) ) ;
#1483 = CYLINDRICAL_SURFACE ( 'NONE', #723, 5.850000000000000533 ) ;
#1484 = VERTEX_POINT ( 'NONE', #680 ) ;
#1485 = EDGE_CURVE ( 'NONE', #2708, #2150, #7430, .T. ) ;
#1486 = ORIENTED_EDGE ( 'NONE', *, *, #4077, .F. ) ;
#1487 = UNCERTAINTY_MEASURE_WITH_UNIT (LENGTH_MEASURE( 1.000000000000000082E-05 ), #512, 'distance_accuracy_value', 'NONE');
#1488 = VECTOR ( 'NONE', #1898, 1000.000000000000000 ) ;
#1489 = PRESENTATION_STYLE_ASSIGNMENT (( #2061 ) ) ;
#1490 = LINE ( 'NONE', #5079, #5788 ) ;
#1491 = PRESENTATION_STYLE_ASSIGNMENT (( #6833 ) ) ;
#1492 = MECHANICAL_DESIGN_GEOMETRIC_PRESENTATION_REPRESENTATION (  '', ( #1618 ), #3883 ) ;
#1493 = ORIENTED_EDGE ( 'NONE', *, *, #6198, .F. ) ;
#1494 = FILL_AREA_STYLE_COLOUR ( '', #3651 ) ;
#1495 = CARTESIAN_POINT ( 'NONE',  ( -0.3500000000000000333, 1.449999999999999956, -13.35000000000000320 ) ) ;
#1496 = CARTESIAN_POINT ( 'NONE',  ( 0.000000000000000000, 11.87499999991027977, -13.35000000000000497 ) ) ;
#1497 = ORIENTED_EDGE ( 'NONE', *, *, #4869, .F. ) ;
#1498 = DIRECTION ( 'NONE',  ( 0.000000000000000000, 0.000000000000000000, 1.000000000000000000 ) ) ;
#1499 = CARTESIAN_POINT ( 'NONE',  ( -4.649999999999999467, 1.699000000000000288, -15.50000000000000000 ) ) ;
#1500 = DIRECTION ( 'NONE',  ( -0.7880107537503371340, 0.6156614751418391096, 0.000000000000000000 ) ) ;
#1501 = EDGE_CURVE ( 'NONE', #6857, #3588, #4370, .T. ) ;
#1502 = VECTOR ( 'NONE', #7518, 999.9999999999998863 ) ;
#1503 = EDGE_CURVE ( 'NONE', #640, #867, #6280, .T. ) ;
#1504 =( LENGTH_UNIT ( ) NAMED_UNIT ( * ) SI_UNIT ( .MILLI., .METRE. ) );
#1505 = CARTESIAN_POINT ( 'NONE',  ( -9.199999999999999289, 0.000000000000000000, -0.9500000000000000666 ) ) ;
#1506 = PRESENTATION_STYLE_ASSIGNMENT (( #5093 ) ) ;
#1507 = VECTOR ( 'NONE', #2878, 1000.000000000000000 ) ;
#1508 = DIRECTION ( 'NONE',  ( 1.000000000000000000, 0.000000000000000000, -0.000000000000000000 ) ) ;
#1509 = LINE ( 'NONE', #815, #4532 ) ;
#1510 = VERTEX_POINT ( 'NONE', #4491 ) ;
#1511 = VERTEX_POINT ( 'NONE', #6910 ) ;
#1512 = LINE ( 'NONE', #6300, #310 ) ;
#1513 = EDGE_CURVE ( 'NONE', #4584, #3956, #7806, .T. ) ;
#1514 = EDGE_CURVE ( 'NONE', #90, #4400, #6786, .T. ) ;
#1515 = DIRECTION ( 'NONE',  ( 1.000000000000000000, -0.000000000000000000, 0.000000000000000000 ) ) ;
#1516 = PRESENTATION_STYLE_ASSIGNMENT (( #7525 ) ) ;
#1517 = AXIS2_PLACEMENT_3D ( 'NONE', #1983, #3779, #146 ) ;
#1518 = DIRECTION ( 'NONE',  ( 0.000000000000000000, 0.000000000000000000, -1.000000000000000000 ) ) ;
#1519 = DIRECTION ( 'NONE',  ( -0.000000000000000000, -0.000000000000000000, 1.000000000000000000 ) ) ;
#1520 = ORIENTED_EDGE ( 'NONE', *, *, #2877, .F. ) ;
#1521 = FACE_OUTER_BOUND ( 'NONE', #3520, .T. ) ;
#1522 = MECHANICAL_DESIGN_GEOMETRIC_PRESENTATION_REPRESENTATION (  '', ( #4150 ), #5423 ) ;
#1523 = ORIENTED_EDGE ( 'NONE', *, *, #1294, .F. ) ;
#1524 = MECHANICAL_DESIGN_GEOMETRIC_PRESENTATION_REPRESENTATION (  '', ( #204 ), #4908 ) ;
#1525 = ORIENTED_EDGE ( 'NONE', *, *, #247, .T. ) ;
#1526 = LINE ( 'NONE', #3207, #5636 ) ;
#1527 = EDGE_CURVE ( 'NONE', #3126, #4002, #1490, .T. ) ;
#1528 = COLOUR_RGB ( '',0.7529411764705882248, 0.7529411764705882248, 0.7529411764705882248 ) ;
#1529 = AXIS2_PLACEMENT_3D ( 'NONE', #3038, #1870, #1833 ) ;
#1530 = ORIENTED_EDGE ( 'NONE', *, *, #5412, .T. ) ;
#1531 = CARTESIAN_POINT ( 'NONE',  ( -7.160000000000000142, 1.000000000000000000, -13.35000000000000320 ) ) ;
#1532 = ORIENTED_EDGE ( 'NONE', *, *, #4246, .T. ) ;
#1533 = CARTESIAN_POINT ( 'NONE',  ( 6.460000000000000853, 0.5000000000000000000, -13.35000000000000320 ) ) ;
#1534 = CARTESIAN_POINT ( 'NONE',  ( -1.074874091000000087, 8.763498803500002765, 0.000000000000000000 ) ) ;
#1535 = AXIS2_PLACEMENT_3D ( 'NONE', #291, #6496, #4204 ) ;
#1536 = CARTESIAN_POINT ( 'NONE',  ( -1.700000000258665933, 2.200000000000000178, -10.25000000000000000 ) ) ;
#1537 = MECHANICAL_DESIGN_GEOMETRIC_PRESENTATION_REPRESENTATION (  '', ( #1124 ), #5705 ) ;
#1538 = CARTESIAN_POINT ( 'NONE',  ( 2.499999999999999556, 2.899999999999999911, -13.35000000000000320 ) ) ;
#1539 = ADVANCED_FACE ( 'NONE', ( #2516 ), #720, .F. ) ;
#1540 = ORIENTED_EDGE ( 'NONE', *, *, #5961, .T. ) ;
#1541 = FILL_AREA_STYLE ('',( #368 ) ) ;
#1542 = CARTESIAN_POINT ( 'NONE',  ( 5.575000000000000178, 2.200000000000000178, -3.149999999999999911 ) ) ;
#1543 = DIRECTION ( 'NONE',  ( -1.000000000000000000, 0.000000000000000000, 0.000000000000000000 ) ) ;
#1544 = CYLINDRICAL_SURFACE ( 'NONE', #4562, 5.850000000000000533 ) ;
#1545 = EDGE_LOOP ( 'NONE', ( #5771, #2736, #1782, #6031 ) ) ;
#1546 = CARTESIAN_POINT ( 'NONE',  ( -3.087499999999999911, 9.261904986500001158, -11.90000000000000036 ) ) ;
#1547 = CARTESIAN_POINT ( 'NONE',  ( 0.8750000000000001110, 3.766758038499999905, -8.651879381499998800 ) ) ;
#1548 = PRESENTATION_LAYER_ASSIGNMENT (  '', '', ( #4934 ) ) ;
#1549 = DIRECTION ( 'NONE',  ( -0.9135454576386430325, 0.4067366430846897085, 0.000000000000000000 ) ) ;
#1550 = FILL_AREA_STYLE_COLOUR ( '', #3011 ) ;
#1551 =( GEOMETRIC_REPRESENTATION_CONTEXT ( 3 ) GLOBAL_UNCERTAINTY_ASSIGNED_CONTEXT ( ( #835 ) ) GLOBAL_UNIT_ASSIGNED_CONTEXT ( ( #3377, #5810, #3413 ) ) REPRESENTATION_CONTEXT ( 'NONE', 'WORKASPACE' ) );
#1552 =( LENGTH_UNIT ( ) NAMED_UNIT ( * ) SI_UNIT ( .MILLI., .METRE. ) );
#1553 =( BOUNDED_SURFACE ( )  B_SPLINE_SURFACE ( 3, 3, ( 
 ( #5518, #4245, #4836, #1853 ),
 ( #5955, #7864, #1285, #5439 ),
 ( #1198, #589, #2476, #2438 ),
 ( #7336, #4286, #5479, #7781 ),
 ( #6703, #1928, #6743, #3601 ),
 ( #4327, #6661, #3561, #1322 ),
 ( #1813, #3020, #6036, #499 ) ),
 .UNSPECIFIED., .F., .F., .F. ) 
 B_SPLINE_SURFACE_WITH_KNOTS ( ( 4, 3, 4 ),
 ( 4, 4 ),
 ( 0.000000000000000000, 0.5000000000000000000, 1.000000000000000000 ),
 ( 0.000000000000000000, 1.000000000000000000 ),
 .UNSPECIFIED. ) 
 GEOMETRIC_REPRESENTATION_ITEM ( )  RATIONAL_B_SPLINE_SURFACE ( (
 ( 1.000000000000000000, 0.3333333333333330373, 0.3333333333333330373, 1.000000000000000000),
 ( 0.7805883148851618936, 0.2601961049617209643, 0.2601961049617209643, 0.7805883148851618936),
 ( 0.7805883148851618936, 0.2601961049617209643, 0.2601961049617209643, 0.7805883148851618936),
 ( 1.000000000000000000, 0.3333333333333330373, 0.3333333333333330373, 1.000000000000000000),
 ( 0.7805883148851618936, 0.2601961049617209643, 0.2601961049617209643, 0.7805883148851618936),
 ( 0.7805883148851618936, 0.2601961049617209643, 0.2601961049617209643, 0.7805883148851618936),
 ( 1.000000000000000000, 0.3333333333333330373, 0.3333333333333330373, 1.000000000000000000) ) ) 
 REPRESENTATION_ITEM ( '' )  SURFACE ( )  );
#1554 = CARTESIAN_POINT ( 'NONE',  ( -7.849999999999999645, 2.899999999999999911, -12.62500000000000000 ) ) ;
#1555 = SURFACE_SIDE_STYLE ('',( #6257 ) ) ;
#1556 = CARTESIAN_POINT ( 'NONE',  ( 2.296206600999999736, 7.358516468999998672, 0.000000000000000000 ) ) ;
#1557 = ORIENTED_EDGE ( 'NONE', *, *, #6244, .T. ) ;
#1558 =( NAMED_UNIT ( * ) SI_UNIT ( $, .STERADIAN. ) SOLID_ANGLE_UNIT ( ) );
#1559 = VECTOR ( 'NONE', #1239, 1000.000000000000000 ) ;
#1560 = DIRECTION ( 'NONE',  ( 0.000000000000000000, 1.000000000000000000, 0.000000000000000000 ) ) ;
#1561 = CARTESIAN_POINT ( 'NONE',  ( -1.350000000329933947, 9.324999999910284387, -13.35000000000000320 ) ) ;
#1562 = EDGE_CURVE ( 'NONE', #4074, #5140, #4960, .T. ) ;
#1563 = ORIENTED_EDGE ( 'NONE', *, *, #7515, .F. ) ;
#1564 = EDGE_CURVE ( 'NONE', #4558, #4590, #5563, .T. ) ;
#1565 = LINE ( 'NONE', #2117, #7227 ) ;
#1566 = ORIENTED_EDGE ( 'NONE', *, *, #277, .T. ) ;
#1567 = FACE_OUTER_BOUND ( 'NONE', #624, .T. ) ;
#1568 = ORIENTED_EDGE ( 'NONE', *, *, #4869, .T. ) ;
#1569 = DIRECTION ( 'NONE',  ( 0.000000000000000000, 1.000000000000000000, 0.000000000000000000 ) ) ;
#1570 = EDGE_CURVE ( 'NONE', #7131, #6752, #3723, .T. ) ;
#1571 = EDGE_LOOP ( 'NONE', ( #509, #4068, #5506, #4026 ) ) ;
#1572 = DIRECTION ( 'NONE',  ( 0.000000000000000000, 1.000000000000000000, 0.000000000000000000 ) ) ;
#1573 = ORIENTED_EDGE ( 'NONE', *, *, #2567, .T. ) ;
#1574 =( NAMED_UNIT ( * ) PLANE_ANGLE_UNIT ( ) SI_UNIT ( $, .RADIAN. ) );
#1575 = DIRECTION ( 'NONE',  ( 0.000000000000000000, 0.000000000000000000, 1.000000000000000000 ) ) ;
#1576 = MECHANICAL_DESIGN_GEOMETRIC_PRESENTATION_REPRESENTATION (  '', ( #3317 ), #127 ) ;
#1577 = VECTOR ( 'NONE', #7633, 1000.000000000000000 ) ;
#1578 = SURFACE_STYLE_FILL_AREA ( #3331 ) ;
#1579 = EDGE_LOOP ( 'NONE', ( #4605, #6417, #5751, #7216 ) ) ;
#1580 = CARTESIAN_POINT ( 'NONE',  ( -7.859999999999998543, 0.000000000000000000, -4.400000000000000355 ) ) ;
#1581 = VERTEX_POINT ( 'NONE', #96 ) ;
#1582 = LINE ( 'NONE', #3446, #5613 ) ;
#1583 = CARTESIAN_POINT ( 'NONE',  ( 0.8749999998999999917, 2.200000000050541527, -4.499421090908696463 ) ) ;
#1584 = CARTESIAN_POINT ( 'NONE',  ( -2.296206600999999736, 7.358516468999998672, -10.25000000000000000 ) ) ;
#1585 =( NAMED_UNIT ( * ) SI_UNIT ( $, .STERADIAN. ) SOLID_ANGLE_UNIT ( ) );
#1586 = LINE ( 'NONE', #3492, #6402 ) ;
#1587 = CARTESIAN_POINT ( 'NONE',  ( 7.900000000000000355, 10.00000000000000000, -6.800000000000000711 ) ) ;
#1588 = CARTESIAN_POINT ( 'NONE',  ( -7.149999999999999467, -3.000000000000000000, -12.50000000000000000 ) ) ;
#1589 = EDGE_CURVE ( 'NONE', #4445, #4083, #836, .T. ) ;
#1590 = DIRECTION ( 'NONE',  ( 0.000000000000000000, 1.000000000000000000, 0.000000000000000000 ) ) ;
#1591 = CARTESIAN_POINT ( 'NONE',  ( 3.224999999908568338, 8.473809971904049831, -13.35000000000000320 ) ) ;
#1592 = LINE ( 'NONE', #3984, #3646 ) ;
#1593 = AXIS2_PLACEMENT_3D ( 'NONE', #449, #322, #1024 ) ;
#1594 = STYLED_ITEM ( 'NONE', ( #5572 ), #7288 ) ;
#1595 = VERTEX_POINT ( 'NONE', #2555 ) ;
#1596 = ORIENTED_EDGE ( 'NONE', *, *, #3794, .T. ) ;
#1597 = PRESENTATION_LAYER_ASSIGNMENT (  '', '', ( #407 ) ) ;
#1598 = EDGE_CURVE ( 'NONE', #5937, #1511, #3810, .T. ) ;
#1599 = EDGE_CURVE ( 'NONE', #3260, #5335, #2634, .T. ) ;
#1600 = AXIS2_PLACEMENT_3D ( 'NONE', #7488, #2079, #4476 ) ;
#1601 = ORIENTED_EDGE ( 'NONE', *, *, #3418, .F. ) ;
#1602 = LINE ( 'NONE', #6536, #6927 ) ;
#1603 = FILL_AREA_STYLE ('',( #4036 ) ) ;
#1604 = EDGE_CURVE ( 'NONE', #7220, #1275, #6201, .T. ) ;
#1605 = FILL_AREA_STYLE ('',( #6461 ) ) ;
#1606 = ORIENTED_EDGE ( 'NONE', *, *, #5238, .T. ) ;
#1607 = CARTESIAN_POINT ( 'NONE',  ( -0.5250000000000002442, 0.000000000000000000, 0.000000000000000000 ) ) ;
#1608 = CARTESIAN_POINT ( 'NONE',  ( 4.909916627903866626, 2.899999999892209246, -13.35000000000000320 ) ) ;
#1609 = VECTOR ( 'NONE', #1103, 1000.000000000000114 ) ;
#1610 = CARTESIAN_POINT ( 'NONE',  ( 5.500000000000000000, -3.404123204000000236, -3.149999999999999911 ) ) ;
#1611 = VERTEX_POINT ( 'NONE', #7470 ) ;
#1612 = DIRECTION ( 'NONE',  ( -0.9391228521203213164, 0.3435815312635316920, 0.000000000000000000 ) ) ;
#1613 = LINE ( 'NONE', #2874, #4638 ) ;
#1614 = ADVANCED_FACE ( 'NONE', ( #6831 ), #5603, .F. ) ;
#1615 =( NAMED_UNIT ( * ) PLANE_ANGLE_UNIT ( ) SI_UNIT ( $, .RADIAN. ) );
#1616 = DIRECTION ( 'NONE',  ( 1.000000000000000000, 0.000000000000000000, 0.000000000000000000 ) ) ;
#1617 = FILL_AREA_STYLE_COLOUR ( '', #4343 ) ;
#1618 = STYLED_ITEM ( 'NONE', ( #6924 ), #1801 ) ;
#1619 = DIRECTION ( 'NONE',  ( -0.000000000000000000, 1.000000000000000000, -0.000000000000000000 ) ) ;
#1620 = DIRECTION ( 'NONE',  ( 0.000000000000000000, 0.000000000000000000, 1.000000000000000000 ) ) ;
#1621 = FILL_AREA_STYLE ('',( #3384 ) ) ;
#1622 = PRESENTATION_STYLE_ASSIGNMENT (( #7036 ) ) ;
#1623 = AXIS2_PLACEMENT_3D ( 'NONE', #321, #4162, #6493 ) ;
#1624 = DIRECTION ( 'NONE',  ( 0.000000000000000000, 0.000000000000000000, 1.000000000000000000 ) ) ;
#1625 = FACE_OUTER_BOUND ( 'NONE', #7098, .T. ) ;
#1626 = DIRECTION ( 'NONE',  ( 0.000000000000000000, -0.000000000000000000, 1.000000000000000000 ) ) ;
#1627 = CARTESIAN_POINT ( 'NONE',  ( 3.224999997599996782, 8.473809974450000837, -11.90000000000000036 ) ) ;
#1628 = STYLED_ITEM ( 'NONE', ( #7407 ), #2645 ) ;
#1629 = EDGE_CURVE ( 'NONE', #1040, #6764, #798, .T. ) ;
#1630 =( NAMED_UNIT ( * ) SI_UNIT ( $, .STERADIAN. ) SOLID_ANGLE_UNIT ( ) );
#1631 = DIRECTION ( 'NONE',  ( 0.000000000000000000, -1.000000000000000000, 0.000000000000000000 ) ) ;
#1632 = EDGE_LOOP ( 'NONE', ( #5977, #3713, #134, #2051, #3008, #7150, #3044, #601 ) ) ;
#1633 = ORIENTED_EDGE ( 'NONE', *, *, #3086, .T. ) ;
#1634 = DIRECTION ( 'NONE',  ( 0.000000000000000000, 1.000000000000000000, 0.000000000000000000 ) ) ;
#1635 = PLANE ( 'NONE',  #1724 ) ;
#1636 = AXIS2_PLACEMENT_3D ( 'NONE', #2830, #2140, #3487 ) ;
#1637 = CARTESIAN_POINT ( 'NONE',  ( -0.8750000000000001110, 3.731656092999999341, -7.837198193000001645 ) ) ;
#1638 = PRESENTATION_LAYER_ASSIGNMENT (  '', '', ( #5812 ) ) ;
#1639 = ORIENTED_EDGE ( 'NONE', *, *, #6556, .T. ) ;
#1640 = ADVANCED_FACE ( 'NONE', ( #3847 ), #838, .T. ) ;
#1641 = LINE ( 'NONE', #1149, #4892 ) ;
#1642 = ORIENTED_EDGE ( 'NONE', *, *, #4932, .F. ) ;
#1643 = LINE ( 'NONE', #7132, #2343 ) ;
#1644 = UNCERTAINTY_MEASURE_WITH_UNIT (LENGTH_MEASURE( 1.000000000000000082E-05 ), #4124, 'distance_accuracy_value', 'NONE');
#1645 = CIRCLE ( 'NONE', #3770, 0.7999999999999997113 ) ;
#1646 = MECHANICAL_DESIGN_GEOMETRIC_PRESENTATION_REPRESENTATION (  '', ( #84 ), #209 ) ;
#1647 = DIRECTION ( 'NONE',  ( 1.000000000000000000, 0.000000000000000000, 0.000000000000000000 ) ) ;
#1648 = ORIENTED_EDGE ( 'NONE', *, *, #2045, .F. ) ;
#1649 = AXIS2_PLACEMENT_3D ( 'NONE', #5114, #406, #7698 ) ;
#1650 =( NAMED_UNIT ( * ) PLANE_ANGLE_UNIT ( ) SI_UNIT ( $, .RADIAN. ) );
#1651 = EDGE_CURVE ( 'NONE', #7723, #7318, #437, .T. ) ;
#1652 = LINE ( 'NONE', #5917, #419 ) ;
#1653 = COLOUR_RGB ( '',0.7529411764705882248, 0.7529411764705882248, 0.7529411764705882248 ) ;
#1654 = EDGE_CURVE ( 'NONE', #7405, #1893, #6320, .T. ) ;
#1655 = DIRECTION ( 'NONE',  ( 0.6156614754824263347, -0.7880107534842414330, 0.000000000000000000 ) ) ;
#1656 = VERTEX_POINT ( 'NONE', #2962 ) ;
#1657 = CARTESIAN_POINT ( 'NONE',  ( 0.3500000000000000333, 6.779999998986665943, -13.35000000026666811 ) ) ;
#1658 = DIRECTION ( 'NONE',  ( 0.000000000000000000, 0.000000000000000000, 1.000000000000000000 ) ) ;
#1659 = LINE ( 'NONE', #3448, #6147 ) ;
#1660 = STYLED_ITEM ( 'NONE', ( #7282 ), #4924 ) ;
#1661 = CARTESIAN_POINT ( 'NONE',  ( 1.574999999999999956, 6.780000000000000249, -12.62500000000000000 ) ) ;
#1662 = ADVANCED_FACE ( 'NONE', ( #4029 ), #7125, .F. ) ;
#1663 = DIRECTION ( 'NONE',  ( 0.000000000000000000, 0.000000000000000000, -1.000000000000000000 ) ) ;
#1664 = CARTESIAN_POINT ( 'NONE',  ( 3.291126237586827319, 5.756716426475301240, -10.25000000000000000 ) ) ;
#1665 = AXIS2_PLACEMENT_3D ( 'NONE', #5746, #1508, #3785 ) ;
#1666 = ORIENTED_EDGE ( 'NONE', *, *, #7243, .T. ) ;
#1667 = ORIENTED_EDGE ( 'NONE', *, *, #6760, .T. ) ;
#1668 = CYLINDRICAL_SURFACE ( 'NONE', #3116, 0.7999999999999999334 ) ;
#1669 = DIRECTION ( 'NONE',  ( 0.000000000000000000, 0.000000000000000000, 1.000000000000000000 ) ) ;
#1670 = CARTESIAN_POINT ( 'NONE',  ( 7.850000000199998773, 1.000000000000000000, -8.875000000000001776 ) ) ;
#1671 = MECHANICAL_DESIGN_GEOMETRIC_PRESENTATION_REPRESENTATION (  '', ( #1798 ), #1551 ) ;
#1672 = CARTESIAN_POINT ( 'NONE',  ( 6.850000000000000533, 4.750000000000000000, -13.75000000000000000 ) ) ;
#1673 =( NAMED_UNIT ( * ) SI_UNIT ( $, .STERADIAN. ) SOLID_ANGLE_UNIT ( ) );
#1674 = ORIENTED_EDGE ( 'NONE', *, *, #2326, .F. ) ;
#1675 = EDGE_LOOP ( 'NONE', ( #5738, #5765, #1087, #2124, #3795, #6058, #5293, #5243, #4147, #2866, #7374, #125, #4902, #3282, #6026, #6499, #3081, #7183, #5786, #3251, #6081, #2445, #4725, #6744, #2721, #7765, #6626, #5433, #5658, #1119, #7231, #2355, #2660, #2242 ) ) ;
#1676 = DIRECTION ( 'NONE',  ( 0.000000000000000000, 0.000000000000000000, -1.000000000000000000 ) ) ;
#1677 = AXIS2_PLACEMENT_3D ( 'NONE', #4856, #3704, #3195 ) ;
#1678 = EDGE_CURVE ( 'NONE', #4563, #5133, #6530, .T. ) ;
#1679 = DIRECTION ( 'NONE',  ( 0.6560590291938336316, -0.7547095800460230652, -0.000000000000000000 ) ) ;
#1680 = DIRECTION ( 'NONE',  ( 1.000000000000000000, 0.000000000000000000, 0.000000000000000000 ) ) ;
#1681 =( NAMED_UNIT ( * ) SI_UNIT ( $, .STERADIAN. ) SOLID_ANGLE_UNIT ( ) );
#1682 = MECHANICAL_DESIGN_GEOMETRIC_PRESENTATION_REPRESENTATION (  '', ( #4818 ), #5199 ) ;
#1683 = ORIENTED_EDGE ( 'NONE', *, *, #6208, .T. ) ;
#1684 = CARTESIAN_POINT ( 'NONE',  ( 0.000000000000000000, 9.322002499000001663, -13.29009995000000011 ) ) ;
#1685 = DIRECTION ( 'NONE',  ( -0.000000000000000000, -0.000000000000000000, -1.000000000000000000 ) ) ;
#1686 = ORIENTED_EDGE ( 'NONE', *, *, #3701, .F. ) ;
#1687 = CARTESIAN_POINT ( 'NONE',  ( -2.923733181499999834, 6.179353791000000484, -10.25000000000000000 ) ) ;
#1688 = ADVANCED_FACE ( 'NONE', ( #3507 ), #2341, .T. ) ;
#1689 = PRESENTATION_LAYER_ASSIGNMENT (  '', '', ( #1436 ) ) ;
#1690 = EDGE_CURVE ( 'NONE', #1320, #2838, #6101, .T. ) ;
#1691 = VERTEX_POINT ( 'NONE', #7366 ) ;
#1692 =( GEOMETRIC_REPRESENTATION_CONTEXT ( 3 ) GLOBAL_UNCERTAINTY_ASSIGNED_CONTEXT ( ( #6458 ) ) GLOBAL_UNIT_ASSIGNED_CONTEXT ( ( #7439, #4470, #891 ) ) REPRESENTATION_CONTEXT ( 'NONE', 'WORKASPACE' ) );
#1693 = DIRECTION ( 'NONE',  ( 0.7880107540897639540, 0.6156614747073927418, -0.000000000000000000 ) ) ;
#1694 = DIRECTION ( 'NONE',  ( 1.000000000000000000, -0.000000000000000000, 0.000000000000000000 ) ) ;
#1695 = CARTESIAN_POINT ( 'NONE',  ( -1.700000000000000178, 2.200000000000000178, -6.550000000000000711 ) ) ;
#1696 = ORIENTED_EDGE ( 'NONE', *, *, #2904, .T. ) ;
#1697 = CARTESIAN_POINT ( 'NONE',  ( 0.000000000000000000, 10.67500000008972094, -13.35000000032535361 ) ) ;
#1698 =( LENGTH_UNIT ( ) NAMED_UNIT ( * ) SI_UNIT ( .MILLI., .METRE. ) );
#1699 = DIRECTION ( 'NONE',  ( 0.000000000000000000, 1.000000000000000000, -0.000000000000000000 ) ) ;
#1700 = EDGE_CURVE ( 'NONE', #6824, #2336, #1876, .T. ) ;
#1701 = EDGE_CURVE ( 'NONE', #6737, #7570, #5586, .T. ) ;
#1702 = ORIENTED_EDGE ( 'NONE', *, *, #1026, .F. ) ;
#1703 = DIRECTION ( 'NONE',  ( -0.000000000000000000, -0.000000000000000000, 1.000000000000000000 ) ) ;
#1704 = DIRECTION ( 'NONE',  ( 0.000000000000000000, 0.000000000000000000, 1.000000000000000000 ) ) ;
#1705 = ORIENTED_EDGE ( 'NONE', *, *, #2317, .T. ) ;
#1706 = CARTESIAN_POINT ( 'NONE',  ( 7.149999999999999467, -3.000000000102551745, -13.00000000037499959 ) ) ;
#1707 = ADVANCED_FACE ( 'NONE', ( #1270 ), #3667, .F. ) ;
#1708 = LINE ( 'NONE', #61, #6947 ) ;
#1709 = CARTESIAN_POINT ( 'NONE',  ( 0.3500000000000000333, 3.640000000000000124, -13.75000000000000000 ) ) ;
#1710 = LINE ( 'NONE', #4771, #3155 ) ;
#1711 = FACE_OUTER_BOUND ( 'NONE', #6209, .T. ) ;
#1712 = DIRECTION ( 'NONE',  ( 1.000000000000000000, -0.000000000000000000, 0.000000000000000000 ) ) ;
#1713 = ORIENTED_EDGE ( 'NONE', *, *, #4581, .T. ) ;
#1714 = ORIENTED_EDGE ( 'NONE', *, *, #1604, .T. ) ;
#1715 = LINE ( 'NONE', #2417, #3593 ) ;
#1716 = DIRECTION ( 'NONE',  ( 0.000000000000000000, -0.4170690758208102089, 0.9088747911533113788 ) ) ;
#1717 = CARTESIAN_POINT ( 'NONE',  ( -3.291126238000000370, 5.756716425999999664, -10.25000000000000000 ) ) ;
#1718 = CIRCLE ( 'NONE', #7133, 0.7999999999999999334 ) ;
#1719 = EDGE_CURVE ( 'NONE', #6621, #3466, #6136, .T. ) ;
#1720 = PLANE ( 'NONE',  #7320 ) ;
#1721 = SURFACE_SIDE_STYLE ('',( #7167 ) ) ;
#1722 = LINE ( 'NONE', #1107, #828 ) ;
#1723 = ORIENTED_EDGE ( 'NONE', *, *, #3075, .T. ) ;
#1724 = AXIS2_PLACEMENT_3D ( 'NONE', #4149, #526, #3505 ) ;
#1725 = LINE ( 'NONE', #6421, #3494 ) ;
#1726 = ORIENTED_EDGE ( 'NONE', *, *, #1247, .F. ) ;
#1727 = VECTOR ( 'NONE', #2643, 1000.000000000000000 ) ;
#1728 = DIRECTION ( 'NONE',  ( -0.000000000000000000, -0.000000000000000000, -1.000000000000000000 ) ) ;
#1729 = UNCERTAINTY_MEASURE_WITH_UNIT (LENGTH_MEASURE( 1.000000000000000082E-05 ), #4039, 'distance_accuracy_value', 'NONE');
#1730 = VECTOR ( 'NONE', #95, 1000.000000000000000 ) ;
#1731 =( GEOMETRIC_REPRESENTATION_CONTEXT ( 3 ) GLOBAL_UNCERTAINTY_ASSIGNED_CONTEXT ( ( #7507 ) ) GLOBAL_UNIT_ASSIGNED_CONTEXT ( ( #1698, #1615, #551 ) ) REPRESENTATION_CONTEXT ( 'NONE', 'WORKASPACE' ) );
#1732 = EDGE_CURVE ( 'NONE', #182, #7843, #6297, .T. ) ;
#1733 = ORIENTED_EDGE ( 'NONE', *, *, #5260, .F. ) ;
#1734 = DIRECTION ( 'NONE',  ( 0.000000000000000000, 0.000000000000000000, 1.000000000000000000 ) ) ;
#1735 = LINE ( 'NONE', #1073, #7095 ) ;
#1736 = AXIS2_PLACEMENT_3D ( 'NONE', #380, #4721, #1620 ) ;
#1737 = EDGE_LOOP ( 'NONE', ( #6897, #6733, #7516, #7783 ) ) ;
#1738 = CARTESIAN_POINT ( 'NONE',  ( -9.199999999999999289, 2.900000001375000469, -11.89999999960000210 ) ) ;
#1739 = CARTESIAN_POINT ( 'NONE',  ( -3.291126237586827319, 5.756716426475301240, -10.25000000000000000 ) ) ;
#1740 =( NAMED_UNIT ( * ) PLANE_ANGLE_UNIT ( ) SI_UNIT ( $, .RADIAN. ) );
#1741 = AXIS2_PLACEMENT_3D ( 'NONE', #3083, #3707, #39 ) ;
#1742 = ORIENTED_EDGE ( 'NONE', *, *, #6243, .F. ) ;
#1743 = SURFACE_STYLE_USAGE ( .BOTH. , #6437 ) ;
#1744 = SURFACE_STYLE_USAGE ( .BOTH. , #7601 ) ;
#1745 = ADVANCED_FACE ( 'NONE', ( #4895 ), #5539, .T. ) ;
#1746 = ADVANCED_FACE ( 'NONE', ( #2653 ), #3349, .F. ) ;
#1747 = VECTOR ( 'NONE', #5672, 1000.000000000000000 ) ;
#1748 = DIRECTION ( 'NONE',  ( 0.000000000000000000, -0.000000000000000000, 1.000000000000000000 ) ) ;
#1749 = DIRECTION ( 'NONE',  ( 1.000000000000000000, 0.000000000000000000, 0.000000000000000000 ) ) ;
#1750 = VECTOR ( 'NONE', #2013, 1000.000000000000114 ) ;
#1751 = PRESENTATION_STYLE_ASSIGNMENT (( #3524 ) ) ;
#1752 = EDGE_CURVE ( 'NONE', #5900, #5046, #5714, .T. ) ;
#1753 = ADVANCED_FACE ( 'NONE', ( #5019 ), #2043, .F. ) ;
#1754 = ORIENTED_EDGE ( 'NONE', *, *, #211, .T. ) ;
#1755 = PLANE ( 'NONE',  #3512 ) ;
#1756 = CARTESIAN_POINT ( 'NONE',  ( 0.3000000000000000444, 4.638380150999999785, -5.125000000000000000 ) ) ;
#1757 = SURFACE_STYLE_FILL_AREA ( #6024 ) ;
#1758 = AXIS2_PLACEMENT_3D ( 'NONE', #7499, #6310, #6376 ) ;
#1759 = ORIENTED_EDGE ( 'NONE', *, *, #7880, .F. ) ;
#1760 = DIRECTION ( 'NONE',  ( -0.000000000000000000, 0.4170690758208101534, -0.9088747911533113788 ) ) ;
#1761 = ORIENTED_EDGE ( 'NONE', *, *, #2603, .F. ) ;
#1762 = CARTESIAN_POINT ( 'NONE',  ( 0.000000000000000000, 10.64006055699999997, -13.66820397600000092 ) ) ;
#1763 = ORIENTED_EDGE ( 'NONE', *, *, #247, .F. ) ;
#1764 = VECTOR ( 'NONE', #6360, 1000.000000000000000 ) ;
#1765 = EDGE_CURVE ( 'NONE', #5985, #6824, #2696, .T. ) ;
#1766 = ORIENTED_EDGE ( 'NONE', *, *, #7676, .T. ) ;
#1767 = VECTOR ( 'NONE', #6138, 1000.000000000000000 ) ;
#1768 = AXIS2_PLACEMENT_3D ( 'NONE', #6365, #929, #304 ) ;
#1769 = ORIENTED_EDGE ( 'NONE', *, *, #1155, .F. ) ;
#1770 = DIRECTION ( 'NONE',  ( 0.2876062384606132283, -0.6459741879698852607, -0.7071067812397108243 ) ) ;
#1771 = VECTOR ( 'NONE', #5213, 1000.000000000000000 ) ;
#1772 = AXIS2_PLACEMENT_3D ( 'NONE', #2704, #3206, #6268 ) ;
#1773 = EDGE_LOOP ( 'NONE', ( #4994, #3041, #2483, #4399 ) ) ;
#1774 =( NAMED_UNIT ( * ) PLANE_ANGLE_UNIT ( ) SI_UNIT ( $, .RADIAN. ) );
#1775 = FILL_AREA_STYLE_COLOUR ( '', #2972 ) ;
#1776 = DIRECTION ( 'NONE',  ( 0.6427876098746131417, -0.7660444429611653616, -0.000000000000000000 ) ) ;
#1777 = ADVANCED_FACE ( 'NONE', ( #5169 ), #2729, .F. ) ;
#1778 = PRODUCT_CONTEXT ( 'NONE', #5494, 'mechanical' ) ;
#1779 = CYLINDRICAL_SURFACE ( 'NONE', #4213, 0.7999999999999997113 ) ;
#1780 = STYLED_ITEM ( 'NONE', ( #7210 ), #4833 ) ;
#1781 = VECTOR ( 'NONE', #1429, 1000.000000000000114 ) ;
#1782 = ORIENTED_EDGE ( 'NONE', *, *, #3476, .T. ) ;
#1783 = CARTESIAN_POINT ( 'NONE',  ( 4.646127622499998999, 8.533023539999996743, 0.000000000000000000 ) ) ;
#1784 = ORIENTED_EDGE ( 'NONE', *, *, #4980, .F. ) ;
#1785 =( GEOMETRIC_REPRESENTATION_CONTEXT ( 3 ) GLOBAL_UNCERTAINTY_ASSIGNED_CONTEXT ( ( #7824 ) ) GLOBAL_UNIT_ASSIGNED_CONTEXT ( ( #4186, #4309, #692 ) ) REPRESENTATION_CONTEXT ( 'NONE', 'WORKASPACE' ) );
#1786 = FACE_OUTER_BOUND ( 'NONE', #4632, .T. ) ;
#1787 = DIRECTION ( 'NONE',  ( 0.000000000000000000, -1.000000000000000000, 0.000000000000000000 ) ) ;
#1788 = CIRCLE ( 'NONE', #2661, 5.850000000000000533 ) ;
#1789 = DIRECTION ( 'NONE',  ( 0.000000000000000000, 1.000000000000000000, 0.000000000000000000 ) ) ;
#1790 = DIRECTION ( 'NONE',  ( 0.000000000000000000, 1.000000000000000000, 0.000000000000000000 ) ) ;
#1791 = SURFACE_STYLE_USAGE ( .BOTH. , #473 ) ;
#1792 = AXIS2_PLACEMENT_3D ( 'NONE', #5131, #3864, #813 ) ;
#1793 = LINE ( 'NONE', #4854, #6446 ) ;
#1794 = DIRECTION ( 'NONE',  ( 1.000000000000000000, -0.000000000000000000, -0.000000000000000000 ) ) ;
#1795 = ORIENTED_EDGE ( 'NONE', *, *, #982, .F. ) ;
#1796 = ORIENTED_EDGE ( 'NONE', *, *, #147, .T. ) ;
#1797 = CARTESIAN_POINT ( 'NONE',  ( -0.2999999999588597310, 5.758380151273792436, -10.25000000000000000 ) ) ;
#1798 = STYLED_ITEM ( 'NONE', ( #2909 ), #5718 ) ;
#1799 = DIRECTION ( 'NONE',  ( 0.000000000000000000, 0.000000000000000000, 1.000000000000000000 ) ) ;
#1800 = DIRECTION ( 'NONE',  ( 0.000000000000000000, -0.000000000000000000, 1.000000000000000000 ) ) ;
#1801 = ADVANCED_FACE ( 'NONE', ( #6891 ), #820, .F. ) ;
#1802 = EDGE_CURVE ( 'NONE', #2385, #4641, #933, .T. ) ;
#1803 = ORIENTED_EDGE ( 'NONE', *, *, #1822, .F. ) ;
#1804 = DIRECTION ( 'NONE',  ( -0.000000000000000000, -0.000000000000000000, -1.000000000000000000 ) ) ;
#1805 = VERTEX_POINT ( 'NONE', #5789 ) ;
#1806 = VECTOR ( 'NONE', #7249, 1000.000000000000000 ) ;
#1807 = VERTEX_POINT ( 'NONE', #307 ) ;
#1808 = VERTEX_POINT ( 'NONE', #2766 ) ;
#1809 = AXIS2_PLACEMENT_3D ( 'NONE', #6712, #3221, #7474 ) ;
#1810 = EDGE_CURVE ( 'NONE', #2626, #7080, #160, .T. ) ;
#1811 = ORIENTED_EDGE ( 'NONE', *, *, #1589, .F. ) ;
#1812 = LINE ( 'NONE', #4711, #4185 ) ;
#1813 = CARTESIAN_POINT ( 'NONE',  ( 0.000000000000000000, 10.67799750100000011, -13.29009995000000011 ) ) ;
#1814 = DIRECTION ( 'NONE',  ( 0.000000000000000000, 0.000000000000000000, 1.000000000000000000 ) ) ;
#1815 = ORIENTED_EDGE ( 'NONE', *, *, #4465, .F. ) ;
#1816 = AXIS2_PLACEMENT_3D ( 'NONE', #7273, #1391, #5623 ) ;
#1817 = UNCERTAINTY_MEASURE_WITH_UNIT (LENGTH_MEASURE( 1.000000000000000082E-05 ), #1186, 'distance_accuracy_value', 'NONE');
#1818 = ORIENTED_EDGE ( 'NONE', *, *, #3891, .F. ) ;
#1819 = DIRECTION ( 'NONE',  ( -0.1718749999592381617, -0.9851187666413688815, -0.000000000000000000 ) ) ;
#1820 =( LENGTH_UNIT ( ) NAMED_UNIT ( * ) SI_UNIT ( .MILLI., .METRE. ) );
#1821 = CARTESIAN_POINT ( 'NONE',  ( 7.850000001999999810, 4.750000000000000000, -11.90000000000000036 ) ) ;
#1822 = EDGE_CURVE ( 'NONE', #7423, #595, #4684, .T. ) ;
#1823 = AXIS2_PLACEMENT_3D ( 'NONE', #1717, #485, #5939 ) ;
#1824 = ORIENTED_EDGE ( 'NONE', *, *, #5657, .T. ) ;
#1825 = CARTESIAN_POINT ( 'NONE',  ( -3.009165872735772851, 6.995626572687087652, -5.125000000000000000 ) ) ;
#1826 = ORIENTED_EDGE ( 'NONE', *, *, #1305, .F. ) ;
#1827 = FILL_AREA_STYLE ('',( #5411 ) ) ;
#1828 = FILL_AREA_STYLE_COLOUR ( '', #301 ) ;
#1829 = SURFACE_SIDE_STYLE ('',( #151 ) ) ;
#1830 = CARTESIAN_POINT ( 'NONE',  ( -0.3500000000000000333, 2.899999999120000727, -12.82499999999999929 ) ) ;
#1831 =( NAMED_UNIT ( * ) SI_UNIT ( $, .STERADIAN. ) SOLID_ANGLE_UNIT ( ) );
#1832 = VECTOR ( 'NONE', #3379, 1000.000000000000000 ) ;
#1833 = DIRECTION ( 'NONE',  ( 0.000000000000000000, 0.000000000000000000, 1.000000000000000000 ) ) ;
#1834 = PLANE ( 'NONE',  #339 ) ;
#1835 = EDGE_CURVE ( 'NONE', #5104, #2396, #7005, .T. ) ;
#1836 = ORIENTED_EDGE ( 'NONE', *, *, #7013, .T. ) ;
#1837 = ORIENTED_EDGE ( 'NONE', *, *, #6008, .T. ) ;
#1838 =( LENGTH_UNIT ( ) NAMED_UNIT ( * ) SI_UNIT ( .MILLI., .METRE. ) );
#1839 = DIRECTION ( 'NONE',  ( -0.000000000000000000, -0.000000000000000000, 1.000000000000000000 ) ) ;
#1840 = FILL_AREA_STYLE ('',( #2418 ) ) ;
#1841 = CYLINDRICAL_SURFACE ( 'NONE', #5975, 0.7999999999999999334 ) ;
#1842 = DIRECTION ( 'NONE',  ( -1.000000000000000000, 0.000000000000000000, -0.000000000000000000 ) ) ;
#1843 = VERTEX_POINT ( 'NONE', #6480 ) ;
#1844 = DIRECTION ( 'NONE',  ( -0.6156614756949874145, 0.7880107533181703872, 0.000000000000000000 ) ) ;
#1845 = EDGE_LOOP ( 'NONE', ( #3463, #1480, #6695, #6116 ) ) ;
#1846 = VERTEX_POINT ( 'NONE', #4577 ) ;
#1847 = EDGE_CURVE ( 'NONE', #5915, #3856, #4018, .T. ) ;
#1848 = CARTESIAN_POINT ( 'NONE',  ( -7.149999999999999467, 0.3999999959800001337, -12.82499999999999929 ) ) ;
#1849 = EDGE_CURVE ( 'NONE', #3923, #3205, #6408, .T. ) ;
#1850 = AXIS2_PLACEMENT_3D ( 'NONE', #4634, #5276, #1612 ) ;
#1851 = ORIENTED_EDGE ( 'NONE', *, *, #6323, .T. ) ;
#1852 = LINE ( 'NONE', #6660, #1559 ) ;
#1853 = CARTESIAN_POINT ( 'NONE',  ( 0.000000000000000000, 8.127997500999999403, -13.29009995000000011 ) ) ;
#1854 = VERTEX_POINT ( 'NONE', #6442 ) ;
#1855 = ADVANCED_FACE ( 'NONE', ( #7642 ), #7153, .F. ) ;
#1856 = ORIENTED_EDGE ( 'NONE', *, *, #6481, .F. ) ;
#1857 = PRESENTATION_STYLE_ASSIGNMENT (( #1166 ) ) ;
#1858 = VECTOR ( 'NONE', #116, 1000.000000000000000 ) ;
#1859 = STYLED_ITEM ( 'NONE', ( #1489 ), #7799 ) ;
#1860 = ORIENTED_EDGE ( 'NONE', *, *, #1155, .T. ) ;
#1861 = SURFACE_STYLE_USAGE ( .BOTH. , #1251 ) ;
#1862 = VECTOR ( 'NONE', #2932, 1000.000000000000000 ) ;
#1863 = LINE ( 'NONE', #3614, #3289 ) ;
#1864 = ORIENTED_EDGE ( 'NONE', *, *, #4040, .T. ) ;
#1865 = DIRECTION ( 'NONE',  ( 1.000000000000000000, -2.891205793294687694E-15, 0.000000000000000000 ) ) ;
#1866 = LINE ( 'NONE', #1215, #656 ) ;
#1867 = MECHANICAL_DESIGN_GEOMETRIC_PRESENTATION_REPRESENTATION (  '', ( #4617 ), #1216 ) ;
#1868 = DIRECTION ( 'NONE',  ( 0.6977825135629858178, 0.7163096842607402648, 0.000000000000000000 ) ) ;
#1869 =( NAMED_UNIT ( * ) PLANE_ANGLE_UNIT ( ) SI_UNIT ( $, .RADIAN. ) );
#1870 = DIRECTION ( 'NONE',  ( -1.000000000000000000, 0.000000000000000000, 0.000000000000000000 ) ) ;
#1871 = DIRECTION ( 'NONE',  ( 0.000000000000000000, 0.000000000000000000, 1.000000000000000000 ) ) ;
#1872 = LINE ( 'NONE', #3624, #2189 ) ;
#1873 = VERTEX_POINT ( 'NONE', #4138 ) ;
#1874 = VERTEX_POINT ( 'NONE', #6516 ) ;
#1875 = FACE_OUTER_BOUND ( 'NONE', #448, .T. ) ;
#1876 = LINE ( 'NONE', #660, #4118 ) ;
#1877 = FILL_AREA_STYLE_COLOUR ( '', #3312 ) ;
#1878 = LINE ( 'NONE', #80, #7578 ) ;
#1879 = AXIS2_PLACEMENT_3D ( 'NONE', #6014, #1944, #1256 ) ;
#1880 = VERTEX_POINT ( 'NONE', #348 ) ;
#1881 = CARTESIAN_POINT ( 'NONE',  ( -4.649999999999999467, -0.0009999991352604518241, -11.90000000000000036 ) ) ;
#1882 = ORIENTED_EDGE ( 'NONE', *, *, #3407, .F. ) ;
#1883 = CARTESIAN_POINT ( 'NONE',  ( -10.25000000000000000, 0.000000000000000000, -0.9500000000000000666 ) ) ;
#1884 = EDGE_LOOP ( 'NONE', ( #6306, #2837, #1951, #460 ) ) ;
#1885 = PLANE ( 'NONE',  #3455 ) ;
#1886 = CARTESIAN_POINT ( 'NONE',  ( 10.25000000000000000, 0.000000000000000000, -1.700000000000000178 ) ) ;
#1887 =( GEOMETRIC_REPRESENTATION_CONTEXT ( 3 ) GLOBAL_UNCERTAINTY_ASSIGNED_CONTEXT ( ( #1894 ) ) GLOBAL_UNIT_ASSIGNED_CONTEXT ( ( #1504, #6842, #4538 ) ) REPRESENTATION_CONTEXT ( 'NONE', 'WORKASPACE' ) );
#1888 = EDGE_CURVE ( 'NONE', #6218, #4913, #2879, .T. ) ;
#1889 = VECTOR ( 'NONE', #7082, 1000.000000000000000 ) ;
#1890 = ORIENTED_EDGE ( 'NONE', *, *, #340, .F. ) ;
#1891 = LINE ( 'NONE', #2320, #4192 ) ;
#1892 = CARTESIAN_POINT ( 'NONE',  ( 0.5250000000000002442, 0.000000000000000000, -1.700000000000000178 ) ) ;
#1893 = VERTEX_POINT ( 'NONE', #2185 ) ;
#1894 = UNCERTAINTY_MEASURE_WITH_UNIT (LENGTH_MEASURE( 1.000000000000000082E-05 ), #1504, 'distance_accuracy_value', 'NONE');
#1895 = EDGE_LOOP ( 'NONE', ( #984, #258, #2066, #4475, #4624, #7174 ) ) ;
#1896 = CARTESIAN_POINT ( 'NONE',  ( 6.460000000000000853, 0.000000000000000000, -13.35000000000000320 ) ) ;
#1897 = DIRECTION ( 'NONE',  ( 0.000000000000000000, 0.000000000000000000, 1.000000000000000000 ) ) ;
#1898 = DIRECTION ( 'NONE',  ( 0.000000000000000000, 0.000000000000000000, 1.000000000000000000 ) ) ;
#1899 = AXIS2_PLACEMENT_3D ( 'NONE', #4536, #4050, #2290 ) ;
#1900 = CARTESIAN_POINT ( 'NONE',  ( 0.3500000000000000333, -1.760499999999999954, -12.00000000000000000 ) ) ;
#1901 = EDGE_CURVE ( 'NONE', #6745, #4858, #3741, .T. ) ;
#1902 = ADVANCED_FACE ( 'NONE', ( #1625 ), #1010, .F. ) ;
#1903 = ORIENTED_EDGE ( 'NONE', *, *, #4305, .T. ) ;
#1904 = AXIS2_PLACEMENT_3D ( 'NONE', #3587, #6490, #1056 ) ;
#1905 = VECTOR ( 'NONE', #7426, 1000.000000000000227 ) ;
#1906 = CYLINDRICAL_SURFACE ( 'NONE', #6716, 1.000000000000000000 ) ;
#1907 = ORIENTED_EDGE ( 'NONE', *, *, #2221, .F. ) ;
#1908 = DIRECTION ( 'NONE',  ( -0.000000000000000000, -1.000000000000000000, -0.000000000000000000 ) ) ;
#1909 = DIRECTION ( 'NONE',  ( 0.000000000000000000, 0.000000000000000000, 1.000000000000000000 ) ) ;
#1910 = VECTOR ( 'NONE', #7800, 1000.000000000000114 ) ;
#1911 = CARTESIAN_POINT ( 'NONE',  ( 7.150000004399999831, 4.750000000000000000, -11.90000000000000036 ) ) ;
#1912 = EDGE_CURVE ( 'NONE', #7318, #6775, #2839, .T. ) ;
#1913 = LINE ( 'NONE', #5498, #5070 ) ;
#1914 = PRESENTATION_LAYER_ASSIGNMENT (  '', '', ( #1780 ) ) ;
#1915 = ORIENTED_EDGE ( 'NONE', *, *, #3004, .F. ) ;
#1916 = FACE_OUTER_BOUND ( 'NONE', #1967, .T. ) ;
#1917 = DIRECTION ( 'NONE',  ( 0.6156614756949875256, -0.7880107533181704982, -0.000000000000000000 ) ) ;
#1918 = LINE ( 'NONE', #4393, #318 ) ;
#1919 = STYLED_ITEM ( 'NONE', ( #4732 ), #5118 ) ;
#1920 = DIRECTION ( 'NONE',  ( -0.000000000000000000, -0.000000000000000000, -1.000000000000000000 ) ) ;
#1921 = VERTEX_POINT ( 'NONE', #5246 ) ;
#1922 = ORIENTED_EDGE ( 'NONE', *, *, #909, .T. ) ;
#1923 = ORIENTED_EDGE ( 'NONE', *, *, #2090, .T. ) ;
#1924 = ORIENTED_EDGE ( 'NONE', *, *, #4671, .F. ) ;
#1925 = VECTOR ( 'NONE', #5361, 1000.000000000000000 ) ;
#1926 = COLOUR_RGB ( '',0.7529411764705882248, 0.7529411764705882248, 0.7529411764705882248 ) ;
#1927 = VERTEX_POINT ( 'NONE', #5326 ) ;
#1928 = CARTESIAN_POINT ( 'NONE',  ( -1.789995088999999817, 10.89499754399999887, -13.95000000000000107 ) ) ;
#1929 = EDGE_LOOP ( 'NONE', ( #7372, #7708, #7129, #5016 ) ) ;
#1930 = EDGE_CURVE ( 'NONE', #901, #6115, #1131, .T. ) ;
#1931 = ORIENTED_EDGE ( 'NONE', *, *, #2720, .T. ) ;
#1932 = EDGE_LOOP ( 'NONE', ( #4837, #2338, #5320, #3070 ) ) ;
#1933 = VECTOR ( 'NONE', #5973, 1000.000000000000000 ) ;
#1934 = DIRECTION ( 'NONE',  ( -0.000000000000000000, -1.000000000000000000, -0.000000000000000000 ) ) ;
#1935 = DIRECTION ( 'NONE',  ( -0.6156614747073927418, 0.7880107540897638430, 0.000000000000000000 ) ) ;
#1936 = EDGE_CURVE ( 'NONE', #5517, #4074, #4643, .T. ) ;
#1937 = DIRECTION ( 'NONE',  ( -0.7658042757547681711, 0.6430737214625668052, -0.000000000000000000 ) ) ;
#1938 = ORIENTED_EDGE ( 'NONE', *, *, #2677, .F. ) ;
#1939 = AXIS2_PLACEMENT_3D ( 'NONE', #3158, #2572, #113 ) ;
#1940 = DIRECTION ( 'NONE',  ( 0.000000000000000000, 1.000000000000000000, 0.000000000000000000 ) ) ;
#1941 = VERTEX_POINT ( 'NONE', #7083 ) ;
#1942 = ADVANCED_FACE ( 'NONE', ( #7757 ), #1668, .F. ) ;
#1943 = EDGE_CURVE ( 'NONE', #3134, #5359, #4058, .T. ) ;
#1944 = DIRECTION ( 'NONE',  ( -1.000000000000000000, 0.000000000000000000, 0.000000000000000000 ) ) ;
#1945 = PRESENTATION_LAYER_ASSIGNMENT (  '', '', ( #5334 ) ) ;
#1946 = CARTESIAN_POINT ( 'NONE',  ( 0.8750000000000001110, 2.200000000000000178, -8.752517895000002213 ) ) ;
#1947 = DIRECTION ( 'NONE',  ( 1.000000000000000000, 0.000000000000000000, 0.000000000000000000 ) ) ;
#1948 = CARTESIAN_POINT ( 'NONE',  ( 6.029958313499999889, 2.899999999999999911, -13.35000000000000320 ) ) ;
#1949 = DIRECTION ( 'NONE',  ( 1.000000000000000000, -0.000000000000000000, -0.000000000000000000 ) ) ;
#1950 = ORIENTED_EDGE ( 'NONE', *, *, #951, .F. ) ;
#1951 = ORIENTED_EDGE ( 'NONE', *, *, #6323, .F. ) ;
#1952 = ADVANCED_FACE ( 'NONE', ( #2806 ), #2218, .F. ) ;
#1953 = CARTESIAN_POINT ( 'NONE',  ( -0.8096000000000002084, 4.638380150999999785, -10.25000000000000000 ) ) ;
#1954 = CARTESIAN_POINT ( 'NONE',  ( -2.700000000000000178, 10.00000000000000000, -10.25000000000000000 ) ) ;
#1955 = VECTOR ( 'NONE', #2397, 1000.000000000000000 ) ;
#1956 = CARTESIAN_POINT ( 'NONE',  ( 0.3500000000000000333, 6.779999998479998347, -12.82499999999999929 ) ) ;
#1957 = ORIENTED_EDGE ( 'NONE', *, *, #5340, .T. ) ;
#1958 = EDGE_LOOP ( 'NONE', ( #6659, #2291, #4243, #5530, #7337, #4325 ) ) ;
#1959 = ORIENTED_EDGE ( 'NONE', *, *, #7044, .F. ) ;
#1960 = ORIENTED_EDGE ( 'NONE', *, *, #4556, .T. ) ;
#1961 = FACE_OUTER_BOUND ( 'NONE', #163, .T. ) ;
#1962 = PLANE ( 'NONE',  #3628 ) ;
#1963 = ORIENTED_EDGE ( 'NONE', *, *, #4671, .T. ) ;
#1964 = DIRECTION ( 'NONE',  ( 0.000000000000000000, -1.000000000000000000, 0.000000000000000000 ) ) ;
#1965 = PLANE ( 'NONE',  #1330 ) ;
#1966 = UNCERTAINTY_MEASURE_WITH_UNIT (LENGTH_MEASURE( 1.000000000000000082E-05 ), #7315, 'distance_accuracy_value', 'NONE');
#1967 = EDGE_LOOP ( 'NONE', ( #2552, #315, #157, #6374, #7734, #1083, #1766, #4594, #712, #1540, #4616, #4799, #1127, #2288, #3516, #7732, #1714, #1170, #4672, #3503 ) ) ;
#1968 = FILL_AREA_STYLE ('',( #6117 ) ) ;
#1969 = FACE_OUTER_BOUND ( 'NONE', #4651, .T. ) ;
#1970 = DIRECTION ( 'NONE',  ( 0.1718749994385875002, -0.9851187667322075514, 0.000000000000000000 ) ) ;
#1971 = VECTOR ( 'NONE', #1728, 1000.000000000000000 ) ;
#1972 = FACE_OUTER_BOUND ( 'NONE', #5477, .T. ) ;
#1973 = EDGE_CURVE ( 'NONE', #4641, #3788, #5367, .T. ) ;
#1974 = ORIENTED_EDGE ( 'NONE', *, *, #5397, .T. ) ;
#1975 = LINE ( 'NONE', #802, #615 ) ;
#1976 = FACE_BOUND ( 'NONE', #6717, .T. ) ;
#1977 = CARTESIAN_POINT ( 'NONE',  ( -5.263545457999999400, 2.105736643000000630, -13.70000000000000107 ) ) ;
#1978 = PRESENTATION_STYLE_ASSIGNMENT (( #2960 ) ) ;
#1979 = ORIENTED_EDGE ( 'NONE', *, *, #799, .T. ) ;
#1980 =( GEOMETRIC_REPRESENTATION_CONTEXT ( 3 ) GLOBAL_UNCERTAINTY_ASSIGNED_CONTEXT ( ( #5266 ) ) GLOBAL_UNIT_ASSIGNED_CONTEXT ( ( #1820, #1121, #6546 ) ) REPRESENTATION_CONTEXT ( 'NONE', 'WORKASPACE' ) );
#1981 = CARTESIAN_POINT ( 'NONE',  ( -7.000000000000000000, 10.00000000000000000, -10.25000000220000018 ) ) ;
#1982 = SURFACE_STYLE_FILL_AREA ( #1460 ) ;
#1983 = CARTESIAN_POINT ( 'NONE',  ( -4.500000000000000888, -3.404123204000000236, -3.149999999999999911 ) ) ;
#1984 = CARTESIAN_POINT ( 'NONE',  ( -4.649999999999999467, -0.0009999987028906779426, -14.49999999959999997 ) ) ;
#1985 = LINE ( 'NONE', #2453, #6610 ) ;
#1986 = AXIS2_PLACEMENT_3D ( 'NONE', #3236, #5670, #738 ) ;
#1987 = PLANE ( 'NONE',  #4644 ) ;
#1988 = SURFACE_SIDE_STYLE ('',( #4266 ) ) ;
#1989 = ADVANCED_FACE ( 'NONE', ( #2408 ), #6721, .T. ) ;
#1990 = CARTESIAN_POINT ( 'NONE',  ( -6.459999999700216655, 1.449999999999999956, -13.35000000000000320 ) ) ;
#1991 = CARTESIAN_POINT ( 'NONE',  ( -4.649999999722826516, -3.000000000000000000, -15.50000000000000000 ) ) ;
#1992 = LINE ( 'NONE', #6803, #358 ) ;
#1993 = ORIENTED_EDGE ( 'NONE', *, *, #2092, .F. ) ;
#1994 = CARTESIAN_POINT ( 'NONE',  ( 4.882530848658523048, 8.717721983437066058, -10.25000000000000000 ) ) ;
#1995 = VECTOR ( 'NONE', #894, 1000.000000000000000 ) ;
#1996 = FILL_AREA_STYLE_COLOUR ( '', #2499 ) ;
#1997 = CARTESIAN_POINT ( 'NONE',  ( -0.3500000013749994254, -5.421010862427522170E-17, -13.35000000000000142 ) ) ;
#1998 = DIRECTION ( 'NONE',  ( 0.000000000000000000, -0.000000000000000000, 1.000000000000000000 ) ) ;
#1999 = LINE ( 'NONE', #4397, #5565 ) ;
#2000 = EDGE_CURVE ( 'NONE', #2777, #7305, #6163, .T. ) ;
#2001 = VERTEX_POINT ( 'NONE', #4344 ) ;
#2002 = STYLED_ITEM ( 'NONE', ( #7541 ), #1662 ) ;
#2003 = ADVANCED_FACE ( 'NONE', ( #6635 ), #6677, .F. ) ;
#2004 = ORIENTED_EDGE ( 'NONE', *, *, #4709, .F. ) ;
#2005 = CARTESIAN_POINT ( 'NONE',  ( 3.720183544376880480, 9.230897141608721768, -5.125000000000000000 ) ) ;
#2006 = EDGE_LOOP ( 'NONE', ( #1456, #7087, #6773, #2668 ) ) ;
#2007 = DIRECTION ( 'NONE',  ( 0.000000000000000000, 1.000000000000000000, 0.000000000000000000 ) ) ;
#2008 = VECTOR ( 'NONE', #6553, 1000.000000000000000 ) ;
#2009 = EDGE_CURVE ( 'NONE', #3160, #6652, #576, .T. ) ;
#2010 = ORIENTED_EDGE ( 'NONE', *, *, #2424, .F. ) ;
#2011 = CARTESIAN_POINT ( 'NONE',  ( 0.3500000054999993782, 0.000000000000000000, -6.675000000000001599 ) ) ;
#2012 = VECTOR ( 'NONE', #2350, 1000.000000000000000 ) ;
#2013 = DIRECTION ( 'NONE',  ( -0.9135454572687853325, 0.4067366439154038726, 0.000000000000000000 ) ) ;
#2014 = SURFACE_STYLE_USAGE ( .BOTH. , #758 ) ;
#2015 = LINE ( 'NONE', #3844, #4989 ) ;
#2016 = DIRECTION ( 'NONE',  ( -1.000000000000000000, 0.000000000000000000, 0.000000000000000000 ) ) ;
#2017 = ORIENTED_EDGE ( 'NONE', *, *, #2232, .T. ) ;
#2018 = DIRECTION ( 'NONE',  ( 0.7880107537503366899, -0.6156614751418399978, 0.000000000000000000 ) ) ;
#2019 = CARTESIAN_POINT ( 'NONE',  ( 2.949999999999999289, 10.05000000276000094, -13.35000000000000320 ) ) ;
#2020 = VECTOR ( 'NONE', #914, 1000.000000000000000 ) ;
#2021 = ORIENTED_EDGE ( 'NONE', *, *, #1651, .F. ) ;
#2022 = CARTESIAN_POINT ( 'NONE',  ( -5.000000003233529888, -3.999999999384495020, -2.849999999999999645 ) ) ;
#2023 = SURFACE_STYLE_USAGE ( .BOTH. , #3772 ) ;
#2024 = DIRECTION ( 'NONE',  ( -1.000000000000000000, 0.000000000000000000, 0.000000000000000000 ) ) ;
#2025 = VECTOR ( 'NONE', #5664, 1000.000000000000000 ) ;
#2026 = ORIENTED_EDGE ( 'NONE', *, *, #5851, .T. ) ;
#2027 = EDGE_CURVE ( 'NONE', #6192, #3945, #5453, .T. ) ;
#2028 = DIRECTION ( 'NONE',  ( 0.000000000000000000, -1.000000000000000000, 0.000000000000000000 ) ) ;
#2029 = DIRECTION ( 'NONE',  ( -1.000000000000000000, 0.000000000000000000, 0.000000000000000000 ) ) ;
#2030 = FACE_OUTER_BOUND ( 'NONE', #4233, .T. ) ;
#2031 = DIRECTION ( 'NONE',  ( -0.6427876098746131417, 0.7660444429611652506, 0.000000000000000000 ) ) ;
#2032 = MECHANICAL_DESIGN_GEOMETRIC_PRESENTATION_REPRESENTATION (  '', ( #1004 ), #6835 ) ;
#2033 = STYLED_ITEM ( 'NONE', ( #1978 ), #3456 ) ;
#2034 = FILL_AREA_STYLE_COLOUR ( '', #202 ) ;
#2035 = LINE ( 'NONE', #7485, #3395 ) ;
#2036 = LINE ( 'NONE', #1990, #1141 ) ;
#2037 = LINE ( 'NONE', #6964, #2267 ) ;
#2038 = ORIENTED_EDGE ( 'NONE', *, *, #4316, .F. ) ;
#2039 = EDGE_CURVE ( 'NONE', #3405, #6735, #4848, .T. ) ;
#2040 = DIRECTION ( 'NONE',  ( -0.000000000000000000, -0.000000000000000000, -1.000000000000000000 ) ) ;
#2041 = VECTOR ( 'NONE', #6519, 1000.000000000000000 ) ;
#2042 = CARTESIAN_POINT ( 'NONE',  ( 0.8750000000000001110, 2.200000000000000178, -6.311788218000001116 ) ) ;
#2043 = PLANE ( 'NONE',  #2625 ) ;
#2044 = CARTESIAN_POINT ( 'NONE',  ( -7.079741283000001495, 4.942922117000000171, -12.82499999999999929 ) ) ;
#2045 = EDGE_CURVE ( 'NONE', #5480, #4903, #4182, .T. ) ;
#2046 = CARTESIAN_POINT ( 'NONE',  ( -3.552691728120336734, 5.948377034980283362, -15.50000000000000000 ) ) ;
#2047 = DIRECTION ( 'NONE',  ( 0.7547095796617272478, 0.6560590296359154472, -0.000000000000000000 ) ) ;
#2048 = AXIS2_PLACEMENT_3D ( 'NONE', #7656, #328, #2241 ) ;
#2049 = ORIENTED_EDGE ( 'NONE', *, *, #2524, .T. ) ;
#2050 = ORIENTED_EDGE ( 'NONE', *, *, #7775, .F. ) ;
#2051 = ORIENTED_EDGE ( 'NONE', *, *, #159, .T. ) ;
#2052 = FACE_OUTER_BOUND ( 'NONE', #7147, .T. ) ;
#2053 = VECTOR ( 'NONE', #1220, 1000.000000000000000 ) ;
#2054 = EDGE_CURVE ( 'NONE', #4445, #5937, #1297, .T. ) ;
#2055 = EDGE_CURVE ( 'NONE', #115, #6491, #2487, .T. ) ;
#2056 = VERTEX_POINT ( 'NONE', #3820 ) ;
#2057 = CARTESIAN_POINT ( 'NONE',  ( 0.8310882720000001278, 5.737494824999999743, -10.25000000000000000 ) ) ;
#2058 = VERTEX_POINT ( 'NONE', #3858 ) ;
#2059 = ORIENTED_EDGE ( 'NONE', *, *, #7092, .F. ) ;
#2060 = LINE ( 'NONE', #1538, #4157 ) ;
#2061 = SURFACE_STYLE_USAGE ( .BOTH. , #254 ) ;
#2062 = CARTESIAN_POINT ( 'NONE',  ( 3.376558929500000250, 6.572989208000000083, -10.25000000000000000 ) ) ;
#2063 = EDGE_CURVE ( 'NONE', #2156, #6780, #3781, .T. ) ;
#2064 = CIRCLE ( 'NONE', #6978, 0.7999999999999997113 ) ;
#2065 = CARTESIAN_POINT ( 'NONE',  ( -3.266124049500000126, 10.02862888950000020, -11.90000000000000036 ) ) ;
#2066 = ORIENTED_EDGE ( 'NONE', *, *, #133, .F. ) ;
#2067 = CARTESIAN_POINT ( 'NONE',  ( -7.849999999999999645, 4.750000000000000000, -13.75000000000000000 ) ) ;
#2068 = VECTOR ( 'NONE', #2968, 1000.000000000000000 ) ;
#2069 = ORIENTED_EDGE ( 'NONE', *, *, #4708, .F. ) ;
#2070 =( NAMED_UNIT ( * ) PLANE_ANGLE_UNIT ( ) SI_UNIT ( $, .RADIAN. ) );
#2071 = FILL_AREA_STYLE_COLOUR ( '', #5091 ) ;
#2072 = AXIS2_PLACEMENT_3D ( 'NONE', #7500, #359, #7054 ) ;
#2073 =( NAMED_UNIT ( * ) SI_UNIT ( $, .STERADIAN. ) SOLID_ANGLE_UNIT ( ) );
#2074 = SURFACE_SIDE_STYLE ('',( #268 ) ) ;
#2075 = CARTESIAN_POINT ( 'NONE',  ( 7.859999998816667777, 0.000000000000000000, -13.35000000000000320 ) ) ;
#2076 = FACE_OUTER_BOUND ( 'NONE', #1443, .T. ) ;
#2077 = EDGE_LOOP ( 'NONE', ( #249, #2086, #5392, #3145 ) ) ;
#2078 = ORIENTED_EDGE ( 'NONE', *, *, #1200, .T. ) ;
#2079 = DIRECTION ( 'NONE',  ( 0.000000000000000000, -0.000000000000000000, 1.000000000000000000 ) ) ;
#2080 = VECTOR ( 'NONE', #1679, 1000.000000000000114 ) ;
#2081 = CARTESIAN_POINT ( 'NONE',  ( 1.349999997333332535, 14.20000000418666808, -11.90000000000000036 ) ) ;
#2082 = CARTESIAN_POINT ( 'NONE',  ( 7.849999999999999645, 2.899999999999999911, -11.90000000000000036 ) ) ;
#2083 = EDGE_CURVE ( 'NONE', #6991, #4825, #150, .T. ) ;
#2084 = COLOUR_RGB ( '',0.7529411764705882248, 0.7529411764705882248, 0.7529411764705882248 ) ;
#2085 = ORIENTED_EDGE ( 'NONE', *, *, #2362, .F. ) ;
#2086 = ORIENTED_EDGE ( 'NONE', *, *, #441, .F. ) ;
#2087 = VERTEX_POINT ( 'NONE', #1984 ) ;
#2088 = CARTESIAN_POINT ( 'NONE',  ( -0.3500000000000000333, 1.000000000000000000, -11.95000000000000107 ) ) ;
#2089 = ORIENTED_EDGE ( 'NONE', *, *, #5888, .T. ) ;
#2090 = EDGE_CURVE ( 'NONE', #4776, #6115, #2687, .T. ) ;
#2091 = ORIENTED_EDGE ( 'NONE', *, *, #4316, .T. ) ;
#2092 = EDGE_CURVE ( 'NONE', #7318, #1873, #6252, .T. ) ;
#2093 = DIRECTION ( 'NONE',  ( 1.000000000000000000, 0.000000000000000000, 0.000000000000000000 ) ) ;
#2094 = CARTESIAN_POINT ( 'NONE',  ( -7.849999999999999645, 0.4000000000000000222, -13.00000000000000178 ) ) ;
#2095 = VERTEX_POINT ( 'NONE', #7396 ) ;
#2096 = LINE ( 'NONE', #5002, #4793 ) ;
#2097 = EDGE_CURVE ( 'NONE', #5633, #1315, #4972, .T. ) ;
#2098 = DIRECTION ( 'NONE',  ( 1.000000000000000000, -0.000000000000000000, -0.000000000000000000 ) ) ;
#2099 = EDGE_CURVE ( 'NONE', #92, #4400, #807, .T. ) ;
#2100 = LINE ( 'NONE', #6247, #5450 ) ;
#2101 = ORIENTED_EDGE ( 'NONE', *, *, #2055, .F. ) ;
#2102 = FILL_AREA_STYLE_COLOUR ( '', #1380 ) ;
#2103 = PRESENTATION_STYLE_ASSIGNMENT (( #2142 ) ) ;
#2104 = FILL_AREA_STYLE ('',( #6253 ) ) ;
#2105 = AXIS2_PLACEMENT_3D ( 'NONE', #5379, #6059, #6565 ) ;
#2106 = ADVANCED_FACE ( 'NONE', ( #6797 ), #5702, .F. ) ;
#2107 = CARTESIAN_POINT ( 'NONE',  ( -7.849999999999999645, 0.4000000000000000222, -13.75000000000000000 ) ) ;
#2108 = DIRECTION ( 'NONE',  ( -0.4067366430118496967, -0.9135454576710734242, -0.000000000000000000 ) ) ;
#2109 = EDGE_LOOP ( 'NONE', ( #6041, #1147, #3209, #3645, #3054, #1295 ) ) ;
#2110 = DIRECTION ( 'NONE',  ( 0.000000000000000000, -1.000000000000000000, 0.000000000000000000 ) ) ;
#2111 = FILL_AREA_STYLE ('',( #1996 ) ) ;
#2112 = LINE ( 'NONE', #2219, #6988 ) ;
#2113 = STYLED_ITEM ( 'NONE', ( #5962 ), #7844 ) ;
#2114 = DIRECTION ( 'NONE',  ( 0.000000000000000000, -1.000000000000000000, 0.000000000000000000 ) ) ;
#2115 = CARTESIAN_POINT ( 'NONE',  ( 0.000000000000000000, 8.724999999999999645, -13.95000000000000107 ) ) ;
#2116 = ORIENTED_EDGE ( 'NONE', *, *, #1188, .T. ) ;
#2117 = CARTESIAN_POINT ( 'NONE',  ( 7.500000000000000000, -3.000000000205103934, -13.00000000000000178 ) ) ;
#2118 = ORIENTED_EDGE ( 'NONE', *, *, #6047, .F. ) ;
#2119 = PRESENTATION_LAYER_ASSIGNMENT (  '', '', ( #4617 ) ) ;
#2120 = ORIENTED_EDGE ( 'NONE', *, *, #6794, .F. ) ;
#2121 = DIRECTION ( 'NONE',  ( 0.000000000000000000, 0.000000000000000000, -1.000000000000000000 ) ) ;
#2122 = FACE_OUTER_BOUND ( 'NONE', #6205, .T. ) ;
#2123 = VECTOR ( 'NONE', #4069, 1000.000000000000000 ) ;
#2124 = ORIENTED_EDGE ( 'NONE', *, *, #1752, .T. ) ;
#2125 = CARTESIAN_POINT ( 'NONE',  ( 0.000000000000000000, 0.000000000000000000, -11.90000000280000236 ) ) ;
#2126 =( NAMED_UNIT ( * ) SI_UNIT ( $, .STERADIAN. ) SOLID_ANGLE_UNIT ( ) );
#2127 = CARTESIAN_POINT ( 'NONE',  ( -2.913209907034315371, 5.663661385998055131, -15.49999999968422948 ) ) ;
#2128 = VECTOR ( 'NONE', #4460, 1000.000000000000114 ) ;
#2129 = DIRECTION ( 'NONE',  ( -1.000000000000000000, -0.000000000000000000, -0.000000000000000000 ) ) ;
#2130 = EDGE_CURVE ( 'NONE', #5137, #635, #6787, .T. ) ;
#2131 =( NAMED_UNIT ( * ) PLANE_ANGLE_UNIT ( ) SI_UNIT ( $, .RADIAN. ) );
#2132 = AXIS2_PLACEMENT_3D ( 'NONE', #6596, #6170, #1343 ) ;
#2133 = ORIENTED_EDGE ( 'NONE', *, *, #2940, .F. ) ;
#2134 = FACE_OUTER_BOUND ( 'NONE', #53, .T. ) ;
#2135 = LINE ( 'NONE', #1542, #7333 ) ;
#2136 = CARTESIAN_POINT ( 'NONE',  ( -2.499999999999999556, 2.899999999999999911, -13.35000000000000320 ) ) ;
#2137 = EDGE_LOOP ( 'NONE', ( #5729, #5305, #2802, #4260 ) ) ;
#2138 = CARTESIAN_POINT ( 'NONE',  ( -3.534155546000000037, 10.25370469200000123, -13.75000000000000000 ) ) ;
#2139 = FACE_OUTER_BOUND ( 'NONE', #1060, .T. ) ;
#2140 = DIRECTION ( 'NONE',  ( -0.3435815312635316920, 0.9391228521203213164, 0.000000000000000000 ) ) ;
#2141 = VECTOR ( 'NONE', #6349, 999.9999999999998863 ) ;
#2142 = SURFACE_STYLE_USAGE ( .BOTH. , #4427 ) ;
#2143 = EDGE_CURVE ( 'NONE', #7030, #4083, #1426, .T. ) ;
#2144 = EDGE_CURVE ( 'NONE', #5451, #7570, #227, .T. ) ;
#2145 = LINE ( 'NONE', #3824, #874 ) ;
#2146 = CARTESIAN_POINT ( 'NONE',  ( -4.349999999999999645, 1.699000000000000288, -15.50000000000000000 ) ) ;
#2147 = DIRECTION ( 'NONE',  ( 1.000000000000000000, 0.000000000000000000, 0.000000000000000000 ) ) ;
#2148 = LINE ( 'NONE', #2692, #734 ) ;
#2149 = ORIENTED_EDGE ( 'NONE', *, *, #1084, .F. ) ;
#2150 = VERTEX_POINT ( 'NONE', #5615 ) ;
#2151 = SURFACE_STYLE_USAGE ( .BOTH. , #3198 ) ;
#2152 = VECTOR ( 'NONE', #1949, 1000.000000000000000 ) ;
#2153 = ADVANCED_FACE ( 'NONE', ( #6958 ), #5090, .F. ) ;
#2154 = CARTESIAN_POINT ( 'NONE',  ( 0.000000000000000000, 0.000000000000000000, -13.35000000000000320 ) ) ;
#2155 = ORIENTED_EDGE ( 'NONE', *, *, #4970, .T. ) ;
#2156 = VERTEX_POINT ( 'NONE', #2795 ) ;
#2157 = AXIS2_PLACEMENT_3D ( 'NONE', #5378, #7205, #6607 ) ;
#2158 = ORIENTED_EDGE ( 'NONE', *, *, #4296, .T. ) ;
#2159 =( NAMED_UNIT ( * ) PLANE_ANGLE_UNIT ( ) SI_UNIT ( $, .RADIAN. ) );
#2160 = AXIS2_PLACEMENT_3D ( 'NONE', #7015, #1842, #529 ) ;
#2161 = ORIENTED_EDGE ( 'NONE', *, *, #6805, .F. ) ;
#2162 = VERTEX_POINT ( 'NONE', #5816 ) ;
#2163 = CARTESIAN_POINT ( 'NONE',  ( -4.143671233575091151, 2.899999998133231394, -11.90000000000000036 ) ) ;
#2164 = VECTOR ( 'NONE', #6928, 1000.000000000000000 ) ;
#2165 = VECTOR ( 'NONE', #5995, 1000.000000000000000 ) ;
#2166 = SURFACE_STYLE_USAGE ( .BOTH. , #915 ) ;
#2167 = COLOUR_RGB ( '',0.7529411764705882248, 0.7529411764705882248, 0.7529411764705882248 ) ;
#2168 = EDGE_CURVE ( 'NONE', #5227, #3018, #4602, .T. ) ;
#2169 = VERTEX_POINT ( 'NONE', #965 ) ;
#2170 = SURFACE_STYLE_USAGE ( .BOTH. , #956 ) ;
#2171 = FILL_AREA_STYLE ('',( #6427 ) ) ;
#2172 = LINE ( 'NONE', #2207, #5317 ) ;
#2173 = ADVANCED_FACE ( 'NONE', ( #5781 ), #2178, .F. ) ;
#2174 = ORIENTED_EDGE ( 'NONE', *, *, #1654, .F. ) ;
#2175 = CARTESIAN_POINT ( 'NONE',  ( -0.3500000000000000333, 0.000000000000000000, -11.95000000000000107 ) ) ;
#2176 =( GEOMETRIC_REPRESENTATION_CONTEXT ( 3 ) GLOBAL_UNCERTAINTY_ASSIGNED_CONTEXT ( ( #594 ) ) GLOBAL_UNIT_ASSIGNED_CONTEXT ( ( #4472, #928, #4506 ) ) REPRESENTATION_CONTEXT ( 'NONE', 'WORKASPACE' ) );
#2177 =( LENGTH_UNIT ( ) NAMED_UNIT ( * ) SI_UNIT ( .MILLI., .METRE. ) );
#2178 = CYLINDRICAL_SURFACE ( 'NONE', #7818, 0.7999999999999997113 ) ;
#2179 = VECTOR ( 'NONE', #2719, 1000.000000000000000 ) ;
#2180 = DIRECTION ( 'NONE',  ( -1.000000000000000000, 0.000000000000000000, 0.000000000000000000 ) ) ;
#2181 = FILL_AREA_STYLE_COLOUR ( '', #38 ) ;
#2182 = FILL_AREA_STYLE ('',( #5165 ) ) ;
#2183 = EDGE_CURVE ( 'NONE', #4563, #2514, #299, .T. ) ;
#2184 = EDGE_CURVE ( 'NONE', #1510, #2542, #3381, .T. ) ;
#2185 = CARTESIAN_POINT ( 'NONE',  ( 0.3500000000000000333, 2.899999999450000310, -11.90000000000000036 ) ) ;
#2186 = VECTOR ( 'NONE', #5986, 1000.000000000000114 ) ;
#2187 = CYLINDRICAL_SURFACE ( 'NONE', #873, 0.2999999999999999334 ) ;
#2188 = LINE ( 'NONE', #6895, #5573 ) ;
#2189 = VECTOR ( 'NONE', #156, 1000.000000000000000 ) ;
#2190 = VERTEX_POINT ( 'NONE', #337 ) ;
#2191 = ADVANCED_FACE ( 'NONE', ( #2831 ), #7668, .F. ) ;
#2192 = ORIENTED_EDGE ( 'NONE', *, *, #3399, .F. ) ;
#2193 = PRESENTATION_STYLE_ASSIGNMENT (( #3358 ) ) ;
#2194 = CARTESIAN_POINT ( 'NONE',  ( 4.409724396000000546, 8.348325096999998252, 0.000000000000000000 ) ) ;
#2195 = ORIENTED_EDGE ( 'NONE', *, *, #6368, .T. ) ;
#2196 = ORIENTED_EDGE ( 'NONE', *, *, #2063, .T. ) ;
#2197 = ADVANCED_FACE ( 'NONE', ( #6908 ), #3843, .T. ) ;
#2198 = DIRECTION ( 'NONE',  ( 0.000000000000000000, 1.000000000000000000, 0.000000000000000000 ) ) ;
#2199 = VECTOR ( 'NONE', #30, 1000.000000000000000 ) ;
#2200 = LINE ( 'NONE', #5075, #1110 ) ;
#2201 = UNCERTAINTY_MEASURE_WITH_UNIT (LENGTH_MEASURE( 1.000000000000000082E-05 ), #3875, 'distance_accuracy_value', 'NONE');
#2202 = DIRECTION ( 'NONE',  ( 0.000000000000000000, 1.000000000000000000, 0.000000000000000000 ) ) ;
#2203 = AXIS2_PLACEMENT_3D ( 'NONE', #414, #7632, #4008 ) ;
#2204 = VERTEX_POINT ( 'NONE', #3807 ) ;
#2205 = CARTESIAN_POINT ( 'NONE',  ( 5.263545457999999400, 2.105736643000000630, -13.70000000000000107 ) ) ;
#2206 = CARTESIAN_POINT ( 'NONE',  ( -7.150000000133333700, 0.9999999996080000120, -13.35000000013333299 ) ) ;
#2207 = CARTESIAN_POINT ( 'NONE',  ( 6.460000000000000853, 0.5000000000000000000, -4.400000000000000355 ) ) ;
#2208 = EDGE_LOOP ( 'NONE', ( #3301, #5683, #3203, #5909 ) ) ;
#2209 = FACE_OUTER_BOUND ( 'NONE', #6839, .T. ) ;
#2210 = FACE_OUTER_BOUND ( 'NONE', #534, .T. ) ;
#2211 = LINE ( 'NONE', #6399, #3756 ) ;
#2212 = EDGE_CURVE ( 'NONE', #3405, #6888, #795, .T. ) ;
#2213 = CARTESIAN_POINT ( 'NONE',  ( 1.583247329200999420, 7.721406365188689946, -10.25000000000000000 ) ) ;
#2214 = EDGE_CURVE ( 'NONE', #5625, #7414, #7539, .T. ) ;
#2215 = ORIENTED_EDGE ( 'NONE', *, *, #7053, .T. ) ;
#2216 = DIRECTION ( 'NONE',  ( 0.000000000000000000, -1.000000000000000000, 0.000000000000000000 ) ) ;
#2217 = LINE ( 'NONE', #2765, #7178 ) ;
#2218 = PLANE ( 'NONE',  #1879 ) ;
#2219 = CARTESIAN_POINT ( 'NONE',  ( -5.038916918000000855, 7.373237602000000557, -13.75000000000000000 ) ) ;
#2220 = CARTESIAN_POINT ( 'NONE',  ( 7.849999999999999645, 4.750000000000000000, -13.75000000000000000 ) ) ;
#2221 = EDGE_CURVE ( 'NONE', #593, #4357, #6315, .T. ) ;
#2222 = AXIS2_PLACEMENT_3D ( 'NONE', #5724, #707, #2121 ) ;
#2223 = DIRECTION ( 'NONE',  ( -0.000000000000000000, -1.000000000000000000, -0.000000000000000000 ) ) ;
#2224 =( GEOMETRIC_REPRESENTATION_CONTEXT ( 3 ) GLOBAL_UNCERTAINTY_ASSIGNED_CONTEXT ( ( #3366 ) ) GLOBAL_UNIT_ASSIGNED_CONTEXT ( ( #2992, #4846, #69 ) ) REPRESENTATION_CONTEXT ( 'NONE', 'WORKASPACE' ) );
#2225 = SURFACE_STYLE_FILL_AREA ( #2334 ) ;
#2226 = CARTESIAN_POINT ( 'NONE',  ( -3.674999999999999822, 2.200000000000000178, -2.850000000750000151 ) ) ;
#2227 = EDGE_LOOP ( 'NONE', ( #7695, #4285, #5733, #135, #1851, #559, #606, #2763 ) ) ;
#2228 = ORIENTED_EDGE ( 'NONE', *, *, #22, .F. ) ;
#2229 =( NAMED_UNIT ( * ) SI_UNIT ( $, .STERADIAN. ) SOLID_ANGLE_UNIT ( ) );
#2230 = AXIS2_PLACEMENT_3D ( 'NONE', #7768, #7848, #4778 ) ;
#2231 = AXIS2_PLACEMENT_3D ( 'NONE', #2716, #837, #2595 ) ;
#2232 = EDGE_CURVE ( 'NONE', #7257, #6854, #3212, .T. ) ;
#2233 = EDGE_CURVE ( 'NONE', #4759, #2058, #3926, .T. ) ;
#2234 = VECTOR ( 'NONE', #4826, 1000.000000000000000 ) ;
#2235 = VERTEX_POINT ( 'NONE', #6382 ) ;
#2236 = DIRECTION ( 'NONE',  ( 0.000000000000000000, 0.000000000000000000, 1.000000000000000000 ) ) ;
#2237 = ORIENTED_EDGE ( 'NONE', *, *, #6087, .F. ) ;
#2238 = DIRECTION ( 'NONE',  ( 1.000000000000000000, -0.000000000000000000, -0.000000000000000000 ) ) ;
#2239 = CIRCLE ( 'NONE', #6149, 0.2999999999999999334 ) ;
#2240 = EDGE_CURVE ( 'NONE', #2318, #7752, #949, .T. ) ;
#2241 = DIRECTION ( 'NONE',  ( 0.000000000000000000, 0.000000000000000000, 1.000000000000000000 ) ) ;
#2242 = ORIENTED_EDGE ( 'NONE', *, *, #3238, .T. ) ;
#2243 = VECTOR ( 'NONE', #6119, 1000.000000000000000 ) ;
#2244 = DIRECTION ( 'NONE',  ( 1.000000000000000000, 0.000000000000000000, 0.000000000000000000 ) ) ;
#2245 = VERTEX_POINT ( 'NONE', #4409 ) ;
#2246 = LINE ( 'NONE', #6397, #1832 ) ;
#2247 = DIRECTION ( 'NONE',  ( 0.000000000000000000, 0.000000000000000000, -1.000000000000000000 ) ) ;
#2248 =( NAMED_UNIT ( * ) PLANE_ANGLE_UNIT ( ) SI_UNIT ( $, .RADIAN. ) );
#2249 = AXIS2_PLACEMENT_3D ( 'NONE', #426, #1044, #3458 ) ;
#2250 = LINE ( 'NONE', #467, #7603 ) ;
#2251 = CARTESIAN_POINT ( 'NONE',  ( -7.150000004399999831, 4.750000000000000000, -11.90000000000000036 ) ) ;
#2252 = VERTEX_POINT ( 'NONE', #5802 ) ;
#2253 = CARTESIAN_POINT ( 'NONE',  ( -0.3500000000000000333, -1.300000000000000044, -13.00000000000000178 ) ) ;
#2254 = DIRECTION ( 'NONE',  ( 0.000000000000000000, 1.000000000000000000, 0.000000000000000000 ) ) ;
#2255 = DIRECTION ( 'NONE',  ( 1.000000000000000000, 0.000000000000000000, 0.000000000000000000 ) ) ;
#2256 = FACE_OUTER_BOUND ( 'NONE', #7587, .T. ) ;
#2257 = AXIS2_PLACEMENT_3D ( 'NONE', #1473, #739, #6969 ) ;
#2258 =( NAMED_UNIT ( * ) PLANE_ANGLE_UNIT ( ) SI_UNIT ( $, .RADIAN. ) );
#2259 = FILL_AREA_STYLE_COLOUR ( '', #3933 ) ;
#2260 = EDGE_CURVE ( 'NONE', #4533, #4199, #5307, .T. ) ;
#2261 = DIRECTION ( 'NONE',  ( 0.000000000000000000, 0.000000000000000000, -1.000000000000000000 ) ) ;
#2262 = ORIENTED_EDGE ( 'NONE', *, *, #3086, .F. ) ;
#2263 = VERTEX_POINT ( 'NONE', #3995 ) ;
#2264 = CARTESIAN_POINT ( 'NONE',  ( -2.152319813987952468, 7.372648519000000178, -11.90000000000000036 ) ) ;
#2265 = DIRECTION ( 'NONE',  ( 0.000000000000000000, -0.4170690758208101534, 0.9088747911533113788 ) ) ;
#2266 = EDGE_CURVE ( 'NONE', #7468, #2887, #1641, .T. ) ;
#2267 = VECTOR ( 'NONE', #2108, 1000.000000000000114 ) ;
#2268 =( LENGTH_UNIT ( ) NAMED_UNIT ( * ) SI_UNIT ( .MILLI., .METRE. ) );
#2269 = DIRECTION ( 'NONE',  ( -0.4067366430846897085, -0.9135454576386430325, 0.000000000000000000 ) ) ;
#2270 = COLOUR_RGB ( '',0.7529411764705882248, 0.7529411764705882248, 0.7529411764705882248 ) ;
#2271 = EDGE_LOOP ( 'NONE', ( #6143, #4754, #2050, #5598, #3594, #3729, #1667, #6357, #4877 ) ) ;
#2272 = CARTESIAN_POINT ( 'NONE',  ( 3.310004910999999606, 11.65500245600000362, -13.95000000000000107 ) ) ;
#2273 = CARTESIAN_POINT ( 'NONE',  ( -7.149999999999999467, -3.000000000000000000, -11.99999999995000088 ) ) ;
#2274 = ORIENTED_EDGE ( 'NONE', *, *, #285, .T. ) ;
#2275 = CARTESIAN_POINT ( 'NONE',  ( -5.349999999999998757, 1.698999999794896798, -13.35000000039999968 ) ) ;
#2276 = EDGE_CURVE ( 'NONE', #5835, #434, #2312, .T. ) ;
#2277 = EDGE_CURVE ( 'NONE', #532, #2263, #5914, .T. ) ;
#2278 = STYLED_ITEM ( 'NONE', ( #4646 ), #4582 ) ;
#2279 = FILL_AREA_STYLE_COLOUR ( '', #691 ) ;
#2280 = MECHANICAL_DESIGN_GEOMETRIC_PRESENTATION_REPRESENTATION (  '', ( #5697 ), #6950 ) ;
#2281 = CARTESIAN_POINT ( 'NONE',  ( -4.649999999999999467, -2.173727777637912695E-10, -13.35000000000000320 ) ) ;
#2282 = DIRECTION ( 'NONE',  ( 0.4067366430118496967, 0.9135454576710734242, 0.000000000000000000 ) ) ;
#2283 = VERTEX_POINT ( 'NONE', #4625 ) ;
#2284 = DIRECTION ( 'NONE',  ( -1.000000000000000000, 0.000000000000000000, 0.000000000000000000 ) ) ;
#2285 = FACE_OUTER_BOUND ( 'NONE', #7349, .T. ) ;
#2286 = MECHANICAL_DESIGN_GEOMETRIC_PRESENTATION_REPRESENTATION (  '', ( #3523 ), #3030 ) ;
#2287 = DIRECTION ( 'NONE',  ( 0.000000000000000000, -3.469446951953611033E-15, 1.000000000000000000 ) ) ;
#2288 = ORIENTED_EDGE ( 'NONE', *, *, #7367, .T. ) ;
#2289 = PLANE ( 'NONE',  #5885 ) ;
#2290 = DIRECTION ( 'NONE',  ( 0.000000000000000000, 0.000000000000000000, -1.000000000000000000 ) ) ;
#2291 = ORIENTED_EDGE ( 'NONE', *, *, #2524, .F. ) ;
#2292 = DIRECTION ( 'NONE',  ( -0.000000000000000000, -0.000000000000000000, -1.000000000000000000 ) ) ;
#2293 = FILL_AREA_STYLE ('',( #4287 ) ) ;
#2294 = VECTOR ( 'NONE', #4806, 1000.000000000000000 ) ;
#2295 = DIRECTION ( 'NONE',  ( -0.000000000000000000, -1.000000000000000000, -0.000000000000000000 ) ) ;
#2296 = LINE ( 'NONE', #1627, #6694 ) ;
#2297 = MECHANICAL_DESIGN_GEOMETRIC_PRESENTATION_REPRESENTATION (  '', ( #4934 ), #3296 ) ;
#2298 = DIRECTION ( 'NONE',  ( 1.000000000000000000, 0.000000000000000000, 0.000000000000000000 ) ) ;
#2299 = CARTESIAN_POINT ( 'NONE',  ( 1.699999999600278144, 3.209565551353944279, -10.25000000000000000 ) ) ;
#2300 = LINE ( 'NONE', #5933, #1245 ) ;
#2301 = ORIENTED_EDGE ( 'NONE', *, *, #4659, .T. ) ;
#2302 = ORIENTED_EDGE ( 'NONE', *, *, #4340, .T. ) ;
#2303 = CARTESIAN_POINT ( 'NONE',  ( 2.296206600999999736, 7.358516468999998672, -10.25000000000000000 ) ) ;
#2304 =( GEOMETRIC_REPRESENTATION_CONTEXT ( 3 ) GLOBAL_UNCERTAINTY_ASSIGNED_CONTEXT ( ( #4707 ) ) GLOBAL_UNIT_ASSIGNED_CONTEXT ( ( #2848, #5252, #1673 ) ) REPRESENTATION_CONTEXT ( 'NONE', 'WORKASPACE' ) );
#2305 = EDGE_CURVE ( 'NONE', #5630, #2927, #2778, .T. ) ;
#2306 = LINE ( 'NONE', #5341, #983 ) ;
#2307 = SURFACE_STYLE_USAGE ( .BOTH. , #6064 ) ;
#2308 = VECTOR ( 'NONE', #420, 1000.000000000000000 ) ;
#2309 = LINE ( 'NONE', #6, #1345 ) ;
#2310 = ORIENTED_EDGE ( 'NONE', *, *, #565, .T. ) ;
#2311 = CARTESIAN_POINT ( 'NONE',  ( 2.549999999999999822, 8.725000000000001421, -13.94999999999999929 ) ) ;
#2312 = LINE ( 'NONE', #5264, #5796 ) ;
#2313 = ORIENTED_EDGE ( 'NONE', *, *, #495, .T. ) ;
#2314 = CARTESIAN_POINT ( 'NONE',  ( 5.649999999999999467, 2.200000000000000178, -1.574999999999999956 ) ) ;
#2315 =( LENGTH_UNIT ( ) NAMED_UNIT ( * ) SI_UNIT ( .MILLI., .METRE. ) );
#2316 = ADVANCED_FACE ( 'NONE', ( #5948, #7130 ), #6456, .T. ) ;
#2317 = EDGE_CURVE ( 'NONE', #3945, #4533, #1602, .T. ) ;
#2318 = VERTEX_POINT ( 'NONE', #5837 ) ;
#2319 = CIRCLE ( 'NONE', #4962, 0.7999999999999997113 ) ;
#2320 = CARTESIAN_POINT ( 'NONE',  ( -4.192989996321783153, 9.600294026817293158, -5.124999999999999112 ) ) ;
#2321 = DIRECTION ( 'NONE',  ( -0.000000000000000000, -0.000000000000000000, -1.000000000000000000 ) ) ;
#2322 = PLANE ( 'NONE',  #7619 ) ;
#2323 = VERTEX_POINT ( 'NONE', #7057 ) ;
#2324 = SURFACE_SIDE_STYLE ('',( #3028 ) ) ;
#2325 = SURFACE_STYLE_FILL_AREA ( #4012 ) ;
#2326 = EDGE_CURVE ( 'NONE', #92, #842, #447, .T. ) ;
#2327 = EDGE_CURVE ( 'NONE', #3705, #1510, #4660, .T. ) ;
#2328 = ORIENTED_EDGE ( 'NONE', *, *, #5731, .F. ) ;
#2329 = LINE ( 'NONE', #4054, #6840 ) ;
#2330 = VERTEX_POINT ( 'NONE', #5187 ) ;
#2331 = CARTESIAN_POINT ( 'NONE',  ( 3.500000000000000000, 10.00000000000000000, -10.25000000000000000 ) ) ;
#2332 = FILL_AREA_STYLE_COLOUR ( '', #4824 ) ;
#2333 = LINE ( 'NONE', #3497, #6190 ) ;
#2334 = FILL_AREA_STYLE ('',( #5827 ) ) ;
#2335 = CARTESIAN_POINT ( 'NONE',  ( -4.882530848999998341, 8.717721982999997010, -5.125000000000000000 ) ) ;
#2336 = VERTEX_POINT ( 'NONE', #7733 ) ;
#2337 = CARTESIAN_POINT ( 'NONE',  ( -7.615804274404636587, 5.393073720550459527, -11.90000000000000036 ) ) ;
#2338 = ORIENTED_EDGE ( 'NONE', *, *, #7346, .F. ) ;
#2339 =( NAMED_UNIT ( * ) SI_UNIT ( $, .STERADIAN. ) SOLID_ANGLE_UNIT ( ) );
#2340 = FACE_OUTER_BOUND ( 'NONE', #725, .T. ) ;
#2341 = PLANE ( 'NONE',  #6526 ) ;
#2342 = PLANE ( 'NONE',  #5734 ) ;
#2343 = VECTOR ( 'NONE', #6495, 1000.000000000000000 ) ;
#2344 = COLOUR_RGB ( '',0.7529411764705882248, 0.7529411764705882248, 0.7529411764705882248 ) ;
#2345 = ORIENTED_EDGE ( 'NONE', *, *, #5023, .F. ) ;
#2346 = CARTESIAN_POINT ( 'NONE',  ( -7.150000008799999307, 10.44500000000000028, -11.90000000000000036 ) ) ;
#2347 = ORIENTED_EDGE ( 'NONE', *, *, #3586, .F. ) ;
#2348 = DIRECTION ( 'NONE',  ( -0.000000000000000000, -0.000000000000000000, -1.000000000000000000 ) ) ;
#2349 = VECTOR ( 'NONE', #1839, 1000.000000000000000 ) ;
#2350 = DIRECTION ( 'NONE',  ( -0.000000000000000000, -0.000000000000000000, -1.000000000000000000 ) ) ;
#2351 = VERTEX_POINT ( 'NONE', #2273 ) ;
#2352 = VECTOR ( 'NONE', #1934, 1000.000000000000000 ) ;
#2353 = LINE ( 'NONE', #1280, #5884 ) ;
#2354 = VECTOR ( 'NONE', #413, 1000.000000000000000 ) ;
#2355 = ORIENTED_EDGE ( 'NONE', *, *, #5897, .T. ) ;
#2356 = LINE ( 'NONE', #4752, #2554 ) ;
#2357 = LINE ( 'NONE', #3642, #4797 ) ;
#2358 = DIRECTION ( 'NONE',  ( 0.7547095800460240644, -0.6560590291938325214, 0.000000000000000000 ) ) ;
#2359 = ORIENTED_EDGE ( 'NONE', *, *, #943, .F. ) ;
#2360 = LINE ( 'NONE', #2984, #5512 ) ;
#2361 = DIRECTION ( 'NONE',  ( 0.000000000000000000, 0.000000000000000000, 1.000000000000000000 ) ) ;
#2362 = EDGE_CURVE ( 'NONE', #2728, #1581, #5346, .T. ) ;
#2363 = DIRECTION ( 'NONE',  ( -1.000000000000000000, 0.000000000000000000, 0.000000000000000000 ) ) ;
#2364 = FACE_OUTER_BOUND ( 'NONE', #5024, .T. ) ;
#2365 = ORIENTED_EDGE ( 'NONE', *, *, #2055, .T. ) ;
#2366 = FILL_AREA_STYLE_COLOUR ( '', #7203 ) ;
#2367 =( NAMED_UNIT ( * ) SI_UNIT ( $, .STERADIAN. ) SOLID_ANGLE_UNIT ( ) );
#2368 = VERTEX_POINT ( 'NONE', #1062 ) ;
#2369 = LINE ( 'NONE', #4683, #2976 ) ;
#2370 = SURFACE_STYLE_USAGE ( .BOTH. , #5490 ) ;
#2371 = EDGE_CURVE ( 'NONE', #6780, #2330, #491, .T. ) ;
#2372 = VECTOR ( 'NONE', #29, 1000.000000000000000 ) ;
#2373 = EDGE_CURVE ( 'NONE', #1808, #3018, #7694, .T. ) ;
#2374 = CARTESIAN_POINT ( 'NONE',  ( 0.3500000000000000333, -3.520999999999999908, -13.00000000000000178 ) ) ;
#2375 = CARTESIAN_POINT ( 'NONE',  ( 1.574999999511150106, 6.779999998884830070, -11.90000000000000036 ) ) ;
#2376 = CARTESIAN_POINT ( 'NONE',  ( -4.143671231999999982, 2.899999999999999911, -11.90000000000000036 ) ) ;
#2377 = VECTOR ( 'NONE', #4033, 1000.000000000000114 ) ;
#2378 = FILL_AREA_STYLE ('',( #2259 ) ) ;
#2379 = ORIENTED_EDGE ( 'NONE', *, *, #4570, .F. ) ;
#2380 = FACE_OUTER_BOUND ( 'NONE', #7605, .T. ) ;
#2381 = LINE ( 'NONE', #7206, #549 ) ;
#2382 = EDGE_CURVE ( 'NONE', #3495, #6178, #1725, .T. ) ;
#2383 = PRESENTATION_LAYER_ASSIGNMENT (  '', '', ( #66 ) ) ;
#2384 = CARTESIAN_POINT ( 'NONE',  ( -7.000000000000000000, 10.00000000000000000, -11.90000000000000036 ) ) ;
#2385 = VERTEX_POINT ( 'NONE', #4075 ) ;
#2386 = EDGE_LOOP ( 'NONE', ( #2430, #311, #6324, #2965 ) ) ;
#2387 = DIRECTION ( 'NONE',  ( -0.000000000000000000, -0.000000000000000000, 1.000000000000000000 ) ) ;
#2388 = EDGE_LOOP ( 'NONE', ( #5596, #6134, #7494, #7079 ) ) ;
#2389 = VECTOR ( 'NONE', #4950, 1000.000000000000000 ) ;
#2390 = ORIENTED_EDGE ( 'NONE', *, *, #4237, .T. ) ;
#2391 = FACE_OUTER_BOUND ( 'NONE', #3117, .T. ) ;
#2392 = FILL_AREA_STYLE ('',( #7822 ) ) ;
#2393 = CARTESIAN_POINT ( 'NONE',  ( -1.583247330000000064, 7.721406364999999994, -10.25000000000000000 ) ) ;
#2394 = ORIENTED_EDGE ( 'NONE', *, *, #1013, .F. ) ;
#2395 = VECTOR ( 'NONE', #7758, 1000.000000000000000 ) ;
#2396 = VERTEX_POINT ( 'NONE', #4746 ) ;
#2397 = DIRECTION ( 'NONE',  ( 0.6977825135039713578, -0.7163096843182283902, -0.000000000000000000 ) ) ;
#2398 = CARTESIAN_POINT ( 'NONE',  ( -1.349999997333332535, 14.20000000418666808, -11.90000000000000036 ) ) ;
#2399 =( LENGTH_UNIT ( ) NAMED_UNIT ( * ) SI_UNIT ( .MILLI., .METRE. ) );
#2400 = LINE ( 'NONE', #2985, #6112 ) ;
#2401 = EDGE_CURVE ( 'NONE', #2927, #4903, #7173, .T. ) ;
#2402 = AXIS2_PLACEMENT_3D ( 'NONE', #6580, #631, #6078 ) ;
#2403 = ORIENTED_EDGE ( 'NONE', *, *, #1912, .T. ) ;
#2404 = FACE_OUTER_BOUND ( 'NONE', #736, .T. ) ;
#2405 = VERTEX_POINT ( 'NONE', #3404 ) ;
#2406 = VECTOR ( 'NONE', #936, 1000.000000000000000 ) ;
#2407 =( GEOMETRIC_REPRESENTATION_CONTEXT ( 3 ) GLOBAL_UNCERTAINTY_ASSIGNED_CONTEXT ( ( #6237 ) ) GLOBAL_UNIT_ASSIGNED_CONTEXT ( ( #1346, #1869, #4265 ) ) REPRESENTATION_CONTEXT ( 'NONE', 'WORKASPACE' ) );
#2408 = FACE_OUTER_BOUND ( 'NONE', #3222, .T. ) ;
#2409 =( NAMED_UNIT ( * ) PLANE_ANGLE_UNIT ( ) SI_UNIT ( $, .RADIAN. ) );
#2410 = CARTESIAN_POINT ( 'NONE',  ( -1.668680021499999944, 8.537679147500000454, -10.25000000000000000 ) ) ;
#2411 = AXIS2_PLACEMENT_3D ( 'NONE', #1007, #4639, #4572 ) ;
#2412 = DIRECTION ( 'NONE',  ( 0.000000000000000000, -0.8191520443588538036, 0.5735764362512727477 ) ) ;
#2413 = ADVANCED_FACE ( 'NONE', ( #6573 ), #4866, .T. ) ;
#2414 = EDGE_CURVE ( 'NONE', #1611, #2559, #3919, .T. ) ;
#2415 = ORIENTED_EDGE ( 'NONE', *, *, #49, .F. ) ;
#2416 = ORIENTED_EDGE ( 'NONE', *, *, #2740, .T. ) ;
#2417 = CARTESIAN_POINT ( 'NONE',  ( 0.000000000000000000, 19.50000000000000000, -0.9499999992999997867 ) ) ;
#2418 = FILL_AREA_STYLE_COLOUR ( '', #6034 ) ;
#2419 = PRESENTATION_LAYER_ASSIGNMENT (  '', '', ( #489 ) ) ;
#2420 = DIRECTION ( 'NONE',  ( 0.7658042757547681711, 0.6430737214625668052, 0.000000000000000000 ) ) ;
#2421 = FILL_AREA_STYLE ('',( #5259 ) ) ;
#2422 = CARTESIAN_POINT ( 'NONE',  ( -5.500000000000000000, -4.000000000000000000, -3.149999999999999911 ) ) ;
#2423 = ORIENTED_EDGE ( 'NONE', *, *, #2949, .T. ) ;
#2424 = EDGE_CURVE ( 'NONE', #635, #4407, #4446, .T. ) ;
#2425 = DIRECTION ( 'NONE',  ( 0.000000000000000000, 0.000000000000000000, 1.000000000000000000 ) ) ;
#2426 = VERTEX_POINT ( 'NONE', #2337 ) ;
#2427 = MECHANICAL_DESIGN_GEOMETRIC_PRESENTATION_REPRESENTATION (  '', ( #5841 ), #7491 ) ;
#2428 = CARTESIAN_POINT ( 'NONE',  ( -0.3500000000000000333, 3.640000000000000124, -11.90000000000000036 ) ) ;
#2429 = ORIENTED_EDGE ( 'NONE', *, *, #3426, .T. ) ;
#2430 = ORIENTED_EDGE ( 'NONE', *, *, #3992, .F. ) ;
#2431 = CARTESIAN_POINT ( 'NONE',  ( 4.124294583499999334, -3.000000000000000000, -15.50000000000000000 ) ) ;
#2432 = CARTESIAN_POINT ( 'NONE',  ( 4.143671232196886933, 2.899999999999999911, -11.90000000000000036 ) ) ;
#2433 = UNCERTAINTY_MEASURE_WITH_UNIT (LENGTH_MEASURE( 1.000000000000000082E-05 ), #4772, 'distance_accuracy_value', 'NONE');
#2434 = AXIS2_PLACEMENT_3D ( 'NONE', #2750, #2284, #7064 ) ;
#2435 = ADVANCED_FACE ( 'NONE', ( #1567 ), #3955, .F. ) ;
#2436 = ORIENTED_EDGE ( 'NONE', *, *, #5668, .F. ) ;
#2437 = DIRECTION ( 'NONE',  ( -0.4067366423167072531, -0.9135454579805708519, 0.000000000000000000 ) ) ;
#2438 = CARTESIAN_POINT ( 'NONE',  ( 0.000000000000000000, 8.344997543999999934, -13.95000000000000462 ) ) ;
#2439 = VERTEX_POINT ( 'NONE', #7047 ) ;
#2440 = AXIS2_PLACEMENT_3D ( 'NONE', #3970, #6426, #3372 ) ;
#2441 = EDGE_LOOP ( 'NONE', ( #6980, #5265, #4297, #5463 ) ) ;
#2442 = DIRECTION ( 'NONE',  ( -0.7547095817585617317, -0.6560590272237833975, 0.000000000000000000 ) ) ;
#2443 = PRESENTATION_STYLE_ASSIGNMENT (( #3027 ) ) ;
#2444 = LINE ( 'NONE', #1122, #2988 ) ;
#2445 = ORIENTED_EDGE ( 'NONE', *, *, #1503, .T. ) ;
#2446 =( LENGTH_UNIT ( ) NAMED_UNIT ( * ) SI_UNIT ( .MILLI., .METRE. ) );
#2447 = FILL_AREA_STYLE_COLOUR ( '', #5782 ) ;
#2448 = CARTESIAN_POINT ( 'NONE',  ( 0.000000000000000000, 2.199999999999999734, -3.900000000799999533 ) ) ;
#2449 = EDGE_LOOP ( 'NONE', ( #4661, #5685, #6675, #1769, #4163, #3098, #7002, #695, #4925, #1950, #515 ) ) ;
#2450 = EDGE_CURVE ( 'NONE', #5140, #2526, #4693, .T. ) ;
#2451 = CIRCLE ( 'NONE', #916, 1.000000000000001776 ) ;
#2452 = DIRECTION ( 'NONE',  ( 0.000000000000000000, 0.000000000000000000, -1.000000000000000000 ) ) ;
#2453 = CARTESIAN_POINT ( 'NONE',  ( 2.807010003749998983, 10.39970597330715663, -5.125000000000000000 ) ) ;
#2454 = LINE ( 'NONE', #1261, #3680 ) ;
#2455 = FILL_AREA_STYLE ('',( #6172 ) ) ;
#2456 = DIRECTION ( 'NONE',  ( -0.000000000000000000, -1.000000000000000000, -0.000000000000000000 ) ) ;
#2457 = DIRECTION ( 'NONE',  ( -0.7658042757547681711, -0.6430737214625668052, -0.000000000000000000 ) ) ;
#2458 = EDGE_LOOP ( 'NONE', ( #2614, #796, #6485, #4886 ) ) ;
#2459 = EDGE_LOOP ( 'NONE', ( #3899, #955, #6372, #5988 ) ) ;
#2460 = CARTESIAN_POINT ( 'NONE',  ( 0.000000000000000000, 11.87499999991027977, -13.35000000000000675 ) ) ;
#2461 = DIRECTION ( 'NONE',  ( 1.000000000000000000, 0.000000000000000000, 0.000000000000000000 ) ) ;
#2462 = EDGE_CURVE ( 'NONE', #3892, #5441, #354, .T. ) ;
#2463 = DIRECTION ( 'NONE',  ( -0.6560590287264920217, -0.7547095804522769846, 0.000000000000000000 ) ) ;
#2464 = SURFACE_STYLE_FILL_AREA ( #4231 ) ;
#2465 = ORIENTED_EDGE ( 'NONE', *, *, #2715, .F. ) ;
#2466 = PLANE ( 'NONE',  #5510 ) ;
#2467 = ORIENTED_EDGE ( 'NONE', *, *, #4495, .F. ) ;
#2468 = ORIENTED_EDGE ( 'NONE', *, *, #618, .F. ) ;
#2469 = VECTOR ( 'NONE', #6384, 1000.000000000000114 ) ;
#2470 = EDGE_CURVE ( 'NONE', #2001, #7284, #2997, .T. ) ;
#2471 = ADVANCED_FACE ( 'NONE', ( #4593 ), #834, .F. ) ;
#2472 = CIRCLE ( 'NONE', #2105, 0.7999999999999999334 ) ;
#2473 = VECTOR ( 'NONE', #6468, 1000.000000000000000 ) ;
#2474 = VERTEX_POINT ( 'NONE', #7506 ) ;
#2475 = PLANE ( 'NONE',  #2682 ) ;
#2476 = CARTESIAN_POINT ( 'NONE',  ( -3.310004910999999606, 8.344997543999998157, -13.95000000000000107 ) ) ;
#2477 = ORIENTED_EDGE ( 'NONE', *, *, #1943, .T. ) ;
#2478 = ORIENTED_EDGE ( 'NONE', *, *, #2846, .F. ) ;
#2479 = DIRECTION ( 'NONE',  ( -0.000000000000000000, -0.000000000000000000, -1.000000000000000000 ) ) ;
#2480 = DIRECTION ( 'NONE',  ( 0.6156614756949899681, 0.7880107533181683888, 0.000000000000000000 ) ) ;
#2481 = EDGE_CURVE ( 'NONE', #6307, #7131, #2200, .T. ) ;
#2482 =( GEOMETRIC_REPRESENTATION_CONTEXT ( 3 ) GLOBAL_UNCERTAINTY_ASSIGNED_CONTEXT ( ( #5912 ) ) GLOBAL_UNIT_ASSIGNED_CONTEXT ( ( #6319, #3764, #5268 ) ) REPRESENTATION_CONTEXT ( 'NONE', 'WORKASPACE' ) );
#2483 = ORIENTED_EDGE ( 'NONE', *, *, #7753, .T. ) ;
#2484 = VECTOR ( 'NONE', #3474, 1000.000000000000227 ) ;
#2485 = CARTESIAN_POINT ( 'NONE',  ( 0.3500000000000000333, -1.000000000000000000, -12.00000000000000000 ) ) ;
#2486 = VERTEX_POINT ( 'NONE', #2714 ) ;
#2487 = LINE ( 'NONE', #7311, #5793 ) ;
#2488 = CARTESIAN_POINT ( 'NONE',  ( -4.192989995999998776, 9.600294027000000341, -10.25000000000000000 ) ) ;
#2489 = PRESENTATION_LAYER_ASSIGNMENT (  '', '', ( #4875 ) ) ;
#2490 = SURFACE_STYLE_USAGE ( .BOTH. , #4974 ) ;
#2491 = LINE ( 'NONE', #1948, #2053 ) ;
#2492 =( NAMED_UNIT ( * ) PLANE_ANGLE_UNIT ( ) SI_UNIT ( $, .RADIAN. ) );
#2493 = AXIS2_PLACEMENT_3D ( 'NONE', #3889, #4919, #7344 ) ;
#2494 = ORIENTED_EDGE ( 'NONE', *, *, #1306, .T. ) ;
#2495 = CARTESIAN_POINT ( 'NONE',  ( -2.935046030000000084, 11.21038888050000182, 0.000000000000000000 ) ) ;
#2496 = CARTESIAN_POINT ( 'NONE',  ( 7.500000000000000000, 0.4000000000000000222, -13.00000000000000178 ) ) ;
#2497 = DIRECTION ( 'NONE',  ( -1.000000000000000000, -0.000000000000000000, -0.000000000000000000 ) ) ;
#2498 = LINE ( 'NONE', #1227, #3903 ) ;
#2499 = COLOUR_RGB ( '',0.7529411764705882248, 0.7529411764705882248, 0.7529411764705882248 ) ;
#2500 = EDGE_CURVE ( 'NONE', #5937, #6621, #5111, .T. ) ;
#2501 = ORIENTED_EDGE ( 'NONE', *, *, #3376, .T. ) ;
#2502 = VERTEX_POINT ( 'NONE', #1536 ) ;
#2503 = ADVANCED_FACE ( 'NONE', ( #7540 ), #5767, .T. ) ;
#2504 = VERTEX_POINT ( 'NONE', #4906 ) ;
#2505 = ORIENTED_EDGE ( 'NONE', *, *, #7586, .F. ) ;
#2506 = AXIS2_PLACEMENT_3D ( 'NONE', #1111, #5908, #3435 ) ;
#2507 = COLOUR_RGB ( '',0.7529411764705882248, 0.7529411764705882248, 0.7529411764705882248 ) ;
#2508 = ORIENTED_EDGE ( 'NONE', *, *, #6602, .F. ) ;
#2509 = SURFACE_STYLE_FILL_AREA ( #2392 ) ;
#2510 = EDGE_CURVE ( 'NONE', #4290, #124, #4282, .T. ) ;
#2511 = ADVANCED_FACE ( 'NONE', ( #10 ), #1962, .T. ) ;
#2512 = ORIENTED_EDGE ( 'NONE', *, *, #5797, .T. ) ;
#2513 = UNCERTAINTY_MEASURE_WITH_UNIT (LENGTH_MEASURE( 1.000000000000000082E-05 ), #2315, 'distance_accuracy_value', 'NONE');
#2514 = VERTEX_POINT ( 'NONE', #2432 ) ;
#2515 = SURFACE_STYLE_USAGE ( .BOTH. , #7342 ) ;
#2516 = FACE_OUTER_BOUND ( 'NONE', #144, .T. ) ;
#2517 = CIRCLE ( 'NONE', #5416, 0.7999999999999999334 ) ;
#2518 = DIRECTION ( 'NONE',  ( 0.000000000000000000, 0.000000000000000000, 1.000000000000000000 ) ) ;
#2519 = CARTESIAN_POINT ( 'NONE',  ( 5.349999999999999645, -0.9160969999999999391, -11.90000000000000036 ) ) ;
#2520 = EDGE_LOOP ( 'NONE', ( #2328, #2585, #5363, #5056 ) ) ;
#2521 = AXIS2_PLACEMENT_3D ( 'NONE', #1262, #735, #1947 ) ;
#2522 = CARTESIAN_POINT ( 'NONE',  ( -4.349999999999999645, 1.699000000000000288, -13.35000000000000320 ) ) ;
#2523 = CIRCLE ( 'NONE', #6943, 0.7999999999999999334 ) ;
#2524 = EDGE_CURVE ( 'NONE', #7766, #6946, #2545, .T. ) ;
#2525 = CARTESIAN_POINT ( 'NONE',  ( -10.25000000000000000, 9.750000000000000000, -0.9500000000000000666 ) ) ;
#2526 = VERTEX_POINT ( 'NONE', #5551 ) ;
#2527 = DIRECTION ( 'NONE',  ( -0.000000000000000000, -1.000000000000000000, -0.000000000000000000 ) ) ;
#2528 = LINE ( 'NONE', #5492, #6110 ) ;
#2529 = STYLED_ITEM ( 'NONE', ( #3351 ), #4432 ) ;
#2530 = AXIS2_PLACEMENT_3D ( 'NONE', #5288, #5972, #2298 ) ;
#2531 = SURFACE_STYLE_FILL_AREA ( #72 ) ;
#2532 = DIRECTION ( 'NONE',  ( 0.000000000000000000, -1.000000000000000000, 0.000000000000000000 ) ) ;
#2533 = VECTOR ( 'NONE', #6944, 1000.000000000000000 ) ;
#2534 = VECTOR ( 'NONE', #1770, 1000.000000000000000 ) ;
#2535 = VERTEX_POINT ( 'NONE', #4831 ) ;
#2536 = CARTESIAN_POINT ( 'NONE',  ( 5.650000000999999550, 2.200000000875000250, 0.000000000000000000 ) ) ;
#2537 = LINE ( 'NONE', #6182, #6554 ) ;
#2538 = VECTOR ( 'NONE', #121, 1000.000000000000000 ) ;
#2539 = PLANE ( 'NONE',  #6834 ) ;
#2540 = ORIENTED_EDGE ( 'NONE', *, *, #6911, .F. ) ;
#2541 = EDGE_LOOP ( 'NONE', ( #3555, #2116, #3867, #7615 ) ) ;
#2542 = VERTEX_POINT ( 'NONE', #7377 ) ;
#2543 = VERTEX_POINT ( 'NONE', #671 ) ;
#2544 = CARTESIAN_POINT ( 'NONE',  ( 4.999999999999999112, -0.001000000000000000238, -14.50000000000000000 ) ) ;
#2545 = LINE ( 'NONE', #3130, #6935 ) ;
#2546 = EDGE_CURVE ( 'NONE', #2927, #3923, #7252, .T. ) ;
#2547 = VECTOR ( 'NONE', #727, 1000.000000000000000 ) ;
#2548 = ORIENTED_EDGE ( 'NONE', *, *, #5171, .T. ) ;
#2549 = DIRECTION ( 'NONE',  ( -1.000000000000000000, 0.000000000000000000, 0.000000000000000000 ) ) ;
#2550 = CARTESIAN_POINT ( 'NONE',  ( -0.3500000000000000333, -3.000000000000000000, -12.00000000000000000 ) ) ;
#2551 = VERTEX_POINT ( 'NONE', #5514 ) ;
#2552 = ORIENTED_EDGE ( 'NONE', *, *, #3230, .T. ) ;
#2553 = FACE_OUTER_BOUND ( 'NONE', #6331, .T. ) ;
#2554 = VECTOR ( 'NONE', #3600, 1000.000000000000000 ) ;
#2555 = CARTESIAN_POINT ( 'NONE',  ( 7.850000002666666532, 2.900000000765667441, -11.90000000000000036 ) ) ;
#2556 = ADVANCED_FACE ( 'NONE', ( #6779 ), #6655, .T. ) ;
#2557 = EDGE_CURVE ( 'NONE', #4400, #4992, #7331, .T. ) ;
#2558 = SURFACE_STYLE_USAGE ( .BOTH. , #3850 ) ;
#2559 = VERTEX_POINT ( 'NONE', #750 ) ;
#2560 = AXIS2_PLACEMENT_3D ( 'NONE', #1588, #816, #6887 ) ;
#2561 = CARTESIAN_POINT ( 'NONE',  ( 0.3500000000000000333, 1.000000000000000000, -11.97499999999999964 ) ) ;
#2562 = CARTESIAN_POINT ( 'NONE',  ( 2.556340124907138023, 6.601991155649773901, 0.000000000000000000 ) ) ;
#2563 = ORIENTED_EDGE ( 'NONE', *, *, #2233, .T. ) ;
#2564 = DIRECTION ( 'NONE',  ( 0.000000000000000000, 1.000000000000000000, 0.000000000000000000 ) ) ;
#2565 = DIRECTION ( 'NONE',  ( 0.000000000000000000, 0.000000000000000000, 1.000000000000000000 ) ) ;
#2566 = CARTESIAN_POINT ( 'NONE',  ( -4.143671233569400592, 2.899999998680891089, -13.35000000000000320 ) ) ;
#2567 = EDGE_CURVE ( 'NONE', #1893, #5835, #3208, .T. ) ;
#2568 = EDGE_CURVE ( 'NONE', #2001, #2502, #4450, .T. ) ;
#2569 = DIRECTION ( 'NONE',  ( 1.000000000000000000, 0.000000000000000000, 0.000000000000000000 ) ) ;
#2570 = DIRECTION ( 'NONE',  ( -1.000000000000000000, 0.000000000000000000, 0.000000000000000000 ) ) ;
#2571 = CARTESIAN_POINT ( 'NONE',  ( 9.199999999999999289, 0.000000000000000000, -1.700000000000000178 ) ) ;
#2572 = DIRECTION ( 'NONE',  ( 0.000000000000000000, 0.000000000000000000, 1.000000000000000000 ) ) ;
#2573 = ORIENTED_EDGE ( 'NONE', *, *, #5627, .T. ) ;
#2574 = ORIENTED_EDGE ( 'NONE', *, *, #6033, .F. ) ;
#2575 = CARTESIAN_POINT ( 'NONE',  ( 4.409724396000000546, 8.348325096999998252, -5.125000000000000000 ) ) ;
#2576 = DIRECTION ( 'NONE',  ( 0.000000000000000000, 0.000000000000000000, 1.000000000000000000 ) ) ;
#2577 = DIRECTION ( 'NONE',  ( 1.000000000000000000, 0.000000000000000000, 0.000000000000000000 ) ) ;
#2578 = SURFACE_STYLE_USAGE ( .BOTH. , #5587 ) ;
#2579 = EDGE_CURVE ( 'NONE', #6888, #7685, #6934, .T. ) ;
#2580 = CARTESIAN_POINT ( 'NONE',  ( -7.849999999999999645, -3.500000000000000000, -12.50000000000000000 ) ) ;
#2581 = CIRCLE ( 'NONE', #1311, 5.850000000000000533 ) ;
#2582 = CARTESIAN_POINT ( 'NONE',  ( -5.574979910999998900, 7.823389207000000845, -13.75000000000000000 ) ) ;
#2583 = ORIENTED_EDGE ( 'NONE', *, *, #1514, .T. ) ;
#2584 = ORIENTED_EDGE ( 'NONE', *, *, #7234, .F. ) ;
#2585 = ORIENTED_EDGE ( 'NONE', *, *, #2240, .F. ) ;
#2586 = LINE ( 'NONE', #5679, #7777 ) ;
#2587 = ORIENTED_EDGE ( 'NONE', *, *, #149, .T. ) ;
#2588 = CARTESIAN_POINT ( 'NONE',  ( 4.649999999999999467, -0.0009999987028897743685, -14.49999999946666662 ) ) ;
#2589 = VERTEX_POINT ( 'NONE', #2665 ) ;
#2590 =( LENGTH_UNIT ( ) NAMED_UNIT ( * ) SI_UNIT ( .MILLI., .METRE. ) );
#2591 = ORIENTED_EDGE ( 'NONE', *, *, #4457, .F. ) ;
#2592 = UNCERTAINTY_MEASURE_WITH_UNIT (LENGTH_MEASURE( 1.000000000000000082E-05 ), #6124, 'distance_accuracy_value', 'NONE');
#2593 = ORIENTED_EDGE ( 'NONE', *, *, #1651, .T. ) ;
#2594 = PLANE ( 'NONE',  #4111 ) ;
#2595 = DIRECTION ( 'NONE',  ( -0.7880107534842409889, -0.6156614754824266678, 0.000000000000000000 ) ) ;
#2596 = AXIS2_PLACEMENT_3D ( 'NONE', #402, #3364, #7099 ) ;
#2597 = DIRECTION ( 'NONE',  ( 0.000000000000000000, 1.000000000000000000, 0.000000000000000000 ) ) ;
#2598 = EDGE_CURVE ( 'NONE', #5451, #3677, #5142, .T. ) ;
#2599 = EDGE_LOOP ( 'NONE', ( #7, #1674, #5755, #3719 ) ) ;
#2600 = CARTESIAN_POINT ( 'NONE',  ( 0.3500000013749998695, 0.000000000000000000, -11.94999999952499969 ) ) ;
#2601 = LINE ( 'NONE', #5773, #3787 ) ;
#2602 = CARTESIAN_POINT ( 'NONE',  ( 3.552691727021363377, 5.948377036276816021, -15.49999999931335282 ) ) ;
#2603 = EDGE_CURVE ( 'NONE', #901, #179, #3799, .T. ) ;
#2604 = PLANE ( 'NONE',  #5285 ) ;
#2605 = VERTEX_POINT ( 'NONE', #7576 ) ;
#2606 = AXIS2_PLACEMENT_3D ( 'NONE', #3528, #7343, #4841 ) ;
#2607 = CARTESIAN_POINT ( 'NONE',  ( -7.859999999999998543, 0.000000000000000000, -13.35000000000000320 ) ) ;
#2608 = CARTESIAN_POINT ( 'NONE',  ( 2.590275603999999898, 11.65167490299999997, -5.125000000000000000 ) ) ;
#2609 = SURFACE_SIDE_STYLE ('',( #6844 ) ) ;
#2610 = PLANE ( 'NONE',  #2411 ) ;
#2611 = CARTESIAN_POINT ( 'NONE',  ( 4.624063637042841179, 1.821020992903773505, -15.50000000000000000 ) ) ;
#2612 = EDGE_CURVE ( 'NONE', #1691, #3092, #4555, .T. ) ;
#2613 = EDGE_CURVE ( 'NONE', #5928, #4365, #2881, .T. ) ;
#2614 = ORIENTED_EDGE ( 'NONE', *, *, #5515, .F. ) ;
#2615 = CARTESIAN_POINT ( 'NONE',  ( 9.199999999999999289, 0.000000000000000000, -7.525000000000001243 ) ) ;
#2616 = VECTOR ( 'NONE', #5609, 1000.000000000000000 ) ;
#2617 = LINE ( 'NONE', #5542, #5552 ) ;
#2618 = LINE ( 'NONE', #7369, #7718 ) ;
#2619 = ORIENTED_EDGE ( 'NONE', *, *, #3666, .T. ) ;
#2620 = MECHANICAL_DESIGN_GEOMETRIC_PRESENTATION_REPRESENTATION (  '', ( #1224 ), #50 ) ;
#2621 = ORIENTED_EDGE ( 'NONE', *, *, #4494, .T. ) ;
#2622 = ADVANCED_FACE ( 'NONE', ( #5635 ), #1483, .T. ) ;
#2623 = ORIENTED_EDGE ( 'NONE', *, *, #4404, .F. ) ;
#2624 = DIRECTION ( 'NONE',  ( 0.000000000000000000, -0.000000000000000000, 1.000000000000000000 ) ) ;
#2625 = AXIS2_PLACEMENT_3D ( 'NONE', #7566, #3314, #3872 ) ;
#2626 = VERTEX_POINT ( 'NONE', #830 ) ;
#2627 = ORIENTED_EDGE ( 'NONE', *, *, #582, .F. ) ;
#2628 = MECHANICAL_DESIGN_GEOMETRIC_PRESENTATION_REPRESENTATION (  '', ( #5271 ), #1104 ) ;
#2629 = EDGE_CURVE ( 'NONE', #5149, #2252, #3882, .T. ) ;
#2630 = SURFACE_SIDE_STYLE ('',( #2711 ) ) ;
#2631 = EDGE_LOOP ( 'NONE', ( #2911, #296, #826, #7069 ) ) ;
#2632 = ORIENTED_EDGE ( 'NONE', *, *, #6658, .T. ) ;
#2633 = FACE_OUTER_BOUND ( 'NONE', #167, .T. ) ;
#2634 = LINE ( 'NONE', #3765, #3878 ) ;
#2635 = PRESENTATION_LAYER_ASSIGNMENT (  '', '', ( #5144 ) ) ;
#2636 = DIRECTION ( 'NONE',  ( 0.7547095817585622868, -0.6560590272237826204, 0.000000000000000000 ) ) ;
#2637 = EDGE_LOOP ( 'NONE', ( #2947, #1784 ) ) ;
#2638 = SURFACE_STYLE_FILL_AREA ( #1378 ) ;
#2639 = FACE_BOUND ( 'NONE', #389, .T. ) ;
#2640 = DIRECTION ( 'NONE',  ( 1.000000000000000000, 0.000000000000000000, 0.000000000000000000 ) ) ;
#2641 = CIRCLE ( 'NONE', #2761, 0.7999999999999999334 ) ;
#2642 = ORIENTED_EDGE ( 'NONE', *, *, #993, .F. ) ;
#2643 = DIRECTION ( 'NONE',  ( 0.000000000000000000, 1.000000000000000000, 0.000000000000000000 ) ) ;
#2644 = CARTESIAN_POINT ( 'NONE',  ( 3.009165872966901301, 6.995626573038075335, 0.000000000000000000 ) ) ;
#2645 = ADVANCED_FACE ( 'NONE', ( #2122 ), #6452, .F. ) ;
#2646 = COLOUR_RGB ( '',1.000000000000000000, 1.000000000000000000, 1.000000000000000000 ) ;
#2647 = PRESENTATION_LAYER_ASSIGNMENT (  '', '', ( #204 ) ) ;
#2648 =( BOUNDED_CURVE ( )  B_SPLINE_CURVE ( 3, ( #4226, #617, #6644, #3045, #7886, #6099, #2460 ),
 .UNSPECIFIED., .F., .T. ) 
 B_SPLINE_CURVE_WITH_KNOTS ( ( 4, 3, 4 ),
 ( 0.03300759282461255412, 0.5000000000000000000, 0.9669924073507721873 ),
 .UNSPECIFIED. ) 
 CURVE ( )  GEOMETRIC_REPRESENTATION_ITEM ( )  RATIONAL_B_SPLINE_CURVE ( ( 0.9594150821093948567, 0.7815445120480920549, 0.7950728180116272137, 1.000000000000000000, 0.7950728179346643332, 0.7815445120379308497, 0.9594150823097995495 ) ) 
 REPRESENTATION_ITEM ( '' )  );
#2649 = LINE ( 'NONE', #2725, #3410 ) ;
#2650 = PLANE ( 'NONE',  #1113 ) ;
#2651 = ORIENTED_EDGE ( 'NONE', *, *, #6981, .F. ) ;
#2652 = CARTESIAN_POINT ( 'NONE',  ( -2.152319813343514188, 7.372648517648983102, -13.70000000000000107 ) ) ;
#2653 = FACE_OUTER_BOUND ( 'NONE', #962, .T. ) ;
#2654 = CARTESIAN_POINT ( 'NONE',  ( 1.349999997999999257, 16.86858791935550528, -11.90000000000000036 ) ) ;
#2655 = FACE_OUTER_BOUND ( 'NONE', #2386, .T. ) ;
#2656 = ADVANCED_FACE ( 'NONE', ( #7489 ), #819, .F. ) ;
#2657 = EDGE_CURVE ( 'NONE', #2852, #292, #3162, .T. ) ;
#2658 = DIRECTION ( 'NONE',  ( 0.6427876047099303491, 0.7660444472948487737, 0.000000000000000000 ) ) ;
#2659 = COLOUR_RGB ( '',0.7529411764705882248, 0.7529411764705882248, 0.7529411764705882248 ) ;
#2660 = ORIENTED_EDGE ( 'NONE', *, *, #5460, .T. ) ;
#2661 = AXIS2_PLACEMENT_3D ( 'NONE', #5829, #755, #3393 ) ;
#2662 = ORIENTED_EDGE ( 'NONE', *, *, #5023, .T. ) ;
#2663 = ORIENTED_EDGE ( 'NONE', *, *, #67, .F. ) ;
#2664 = DIRECTION ( 'NONE',  ( -0.6430737215281266961, 0.7658042756997152090, 0.000000000000000000 ) ) ;
#2665 = CARTESIAN_POINT ( 'NONE',  ( 5.850000000000000533, 10.00000000000000000, -10.25000000110000009 ) ) ;
#2666 = VECTOR ( 'NONE', #4221, 1000.000000000000000 ) ;
#2667 = EDGE_CURVE ( 'NONE', #6865, #2169, #5671, .T. ) ;
#2668 = ORIENTED_EDGE ( 'NONE', *, *, #5859, .T. ) ;
#2669 = CARTESIAN_POINT ( 'NONE',  ( 4.909916628000001282, 2.899999999999999911, -11.90000000000000036 ) ) ;
#2670 = ORIENTED_EDGE ( 'NONE', *, *, #1219, .T. ) ;
#2671 =( LENGTH_UNIT ( ) NAMED_UNIT ( * ) SI_UNIT ( .MILLI., .METRE. ) );
#2672 = VERTEX_POINT ( 'NONE', #3870 ) ;
#2673 = UNCERTAINTY_MEASURE_WITH_UNIT (LENGTH_MEASURE( 1.000000000000000082E-05 ), #4070, 'distance_accuracy_value', 'NONE');
#2674 = PLANE ( 'NONE',  #6905 ) ;
#2675 = DIRECTION ( 'NONE',  ( 0.000000000000000000, 0.000000000000000000, 1.000000000000000000 ) ) ;
#2676 = CIRCLE ( 'NONE', #4314, 0.7500000000000006661 ) ;
#2677 = EDGE_CURVE ( 'NONE', #6106, #6185, #1512, .T. ) ;
#2678 = LINE ( 'NONE', #1331, #4540 ) ;
#2679 = ORIENTED_EDGE ( 'NONE', *, *, #7357, .F. ) ;
#2680 = LINE ( 'NONE', #5084, #1404 ) ;
#2681 = DIRECTION ( 'NONE',  ( 0.000000000000000000, 1.000000000000000000, 0.000000000000000000 ) ) ;
#2682 = AXIS2_PLACEMENT_3D ( 'NONE', #3175, #3803, #6781 ) ;
#2683 = ORIENTED_EDGE ( 'NONE', *, *, #110, .T. ) ;
#2684 = CARTESIAN_POINT ( 'NONE',  ( -5.000000000000000000, -4.000000000000000000, -3.000000000000000000 ) ) ;
#2685 = SURFACE_STYLE_FILL_AREA ( #3777 ) ;
#2686 = DIRECTION ( 'NONE',  ( -0.000000000000000000, -0.000000000000000000, 1.000000000000000000 ) ) ;
#2687 = LINE ( 'NONE', #1386, #4262 ) ;
#2688 = PLANE ( 'NONE',  #7245 ) ;
#2689 =( GEOMETRIC_REPRESENTATION_CONTEXT ( 3 ) GLOBAL_UNCERTAINTY_ASSIGNED_CONTEXT ( ( #1729 ) ) GLOBAL_UNIT_ASSIGNED_CONTEXT ( ( #4039, #5992, #5349 ) ) REPRESENTATION_CONTEXT ( 'NONE', 'WORKASPACE' ) );
#2690 = SURFACE_STYLE_USAGE ( .BOTH. , #6961 ) ;
#2691 = EDGE_CURVE ( 'NONE', #2535, #6628, #3313, .T. ) ;
#2692 = CARTESIAN_POINT ( 'NONE',  ( -0.2999999997845325117, 7.241619848796727155, -5.125000000000000000 ) ) ;
#2693 = EDGE_LOOP ( 'NONE', ( #2049, #3885, #6177, #1377, #3102 ) ) ;
#2694 = DIRECTION ( 'NONE',  ( 0.000000000000000000, 0.000000000000000000, 1.000000000000000000 ) ) ;
#2695 = AXIS2_PLACEMENT_3D ( 'NONE', #6892, #7567, #7611 ) ;
#2696 = LINE ( 'NONE', #5097, #3122 ) ;
#2697 = PLANE ( 'NONE',  #786 ) ;
#2698 = CARTESIAN_POINT ( 'NONE',  ( -7.150000000000000355, -3.500000000000000444, -12.50000000000000000 ) ) ;
#2699 = VECTOR ( 'NONE', #6636, 1000.000000000000114 ) ;
#2700 = ORIENTED_EDGE ( 'NONE', *, *, #5868, .F. ) ;
#2701 = CARTESIAN_POINT ( 'NONE',  ( -0.3000000000000000444, 5.198380150999999394, -10.25000000000000000 ) ) ;
#2702 = ORIENTED_EDGE ( 'NONE', *, *, #1260, .F. ) ;
#2703 = EDGE_LOOP ( 'NONE', ( #6248, #5421, #3244, #578, #875, #7528, #6906, #5856, #6029, #616, #1150, #2977, #2059, #7479 ) ) ;
#2704 = CARTESIAN_POINT ( 'NONE',  ( 0.8750000000000001110, 3.049999999999999822, -8.150000000000000355 ) ) ;
#2705 = DIRECTION ( 'NONE',  ( 1.000000000000000000, 0.000000000000000000, 0.000000000000000000 ) ) ;
#2706 = EDGE_CURVE ( 'NONE', #7456, #5480, #7641, .T. ) ;
#2707 = DIRECTION ( 'NONE',  ( -0.000000000000000000, -1.000000000000000000, -0.000000000000000000 ) ) ;
#2708 = VERTEX_POINT ( 'NONE', #972 ) ;
#2709 = DIRECTION ( 'NONE',  ( -0.000000000000000000, -0.000000000000000000, -1.000000000000000000 ) ) ;
#2710 = VERTEX_POINT ( 'NONE', #1706 ) ;
#2711 = SURFACE_STYLE_FILL_AREA ( #5204 ) ;
#2712 = LINE ( 'NONE', #2127, #7019 ) ;
#2713 = EDGE_CURVE ( 'NONE', #2368, #4894, #7004, .T. ) ;
#2714 = CARTESIAN_POINT ( 'NONE',  ( 2.807010003752127503, 10.39970597331084790, -10.25000000000000000 ) ) ;
#2715 = EDGE_CURVE ( 'NONE', #262, #3776, #2803, .T. ) ;
#2716 = CARTESIAN_POINT ( 'NONE',  ( 2.590275603999999898, 11.65167490299999997, -10.25000000000000000 ) ) ;
#2717 = SURFACE_SIDE_STYLE ('',( #5113 ) ) ;
#2718 = ORIENTED_EDGE ( 'NONE', *, *, #2769, .T. ) ;
#2719 = DIRECTION ( 'NONE',  ( -0.000000000000000000, -0.000000000000000000, -1.000000000000000000 ) ) ;
#2720 = EDGE_CURVE ( 'NONE', #5315, #1145, #2217, .T. ) ;
#2721 = ORIENTED_EDGE ( 'NONE', *, *, #4062, .T. ) ;
#2722 = CARTESIAN_POINT ( 'NONE',  ( 1.668680021499999944, 8.537679147500000454, 0.000000000000000000 ) ) ;
#2723 = FACE_OUTER_BOUND ( 'NONE', #3812, .T. ) ;
#2724 = CIRCLE ( 'NONE', #1593, 0.7999999999999997113 ) ;
#2725 = CARTESIAN_POINT ( 'NONE',  ( 2.117469151000000327, 11.28227801699999944, -5.125000000000000000 ) ) ;
#2726 = AXIS2_PLACEMENT_3D ( 'NONE', #6954, #2828, #3935 ) ;
#2727 = LINE ( 'NONE', #5709, #863 ) ;
#2728 = VERTEX_POINT ( 'NONE', #5167 ) ;
#2729 = PLANE ( 'NONE',  #7166 ) ;
#2730 = FACE_OUTER_BOUND ( 'NONE', #904, .T. ) ;
#2731 = VECTOR ( 'NONE', #4673, 1000.000000000000000 ) ;
#2732 = COLOUR_RGB ( '',0.7529411764705882248, 0.7529411764705882248, 0.7529411764705882248 ) ;
#2733 = CARTESIAN_POINT ( 'NONE',  ( 7.859999999999998543, 1.000000000000000000, -8.875000000000001776 ) ) ;
#2734 = ORIENTED_EDGE ( 'NONE', *, *, #2009, .T. ) ;
#2735 = LINE ( 'NONE', #2701, #5455 ) ;
#2736 = ORIENTED_EDGE ( 'NONE', *, *, #6312, .T. ) ;
#2737 = VECTOR ( 'NONE', #7390, 1000.000000000000000 ) ;
#2738 = VERTEX_POINT ( 'NONE', #7116 ) ;
#2739 = DIRECTION ( 'NONE',  ( 0.000000000000000000, 0.000000000000000000, -1.000000000000000000 ) ) ;
#2740 = EDGE_CURVE ( 'NONE', #2235, #4356, #3254, .T. ) ;
#2741 = AXIS2_PLACEMENT_3D ( 'NONE', #4716, #2361, #4756 ) ;
#2742 = ADVANCED_FACE ( 'NONE', ( #932 ), #6479, .F. ) ;
#2743 = ORIENTED_EDGE ( 'NONE', *, *, #199, .T. ) ;
#2744 = DIRECTION ( 'NONE',  ( 0.000000000000000000, 0.000000000000000000, -1.000000000000000000 ) ) ;
#2745 = VECTOR ( 'NONE', #1789, 1000.000000000000000 ) ;
#2746 = CARTESIAN_POINT ( 'NONE',  ( 4.649999999999999467, -0.9160969999999999391, -11.90000000000000036 ) ) ;
#2747 = LINE ( 'NONE', #5806, #2533 ) ;
#2748 = EDGE_CURVE ( 'NONE', #7456, #6514, #469, .T. ) ;
#2749 = ORIENTED_EDGE ( 'NONE', *, *, #2691, .F. ) ;
#2750 = CARTESIAN_POINT ( 'NONE',  ( 5.000000000000000000, 13.70000000000000107, -13.35000000000000320 ) ) ;
#2751 = DIRECTION ( 'NONE',  ( 0.4067366430846897085, -0.9135454576386430325, 0.000000000000000000 ) ) ;
#2752 = FACE_OUTER_BOUND ( 'NONE', #3572, .T. ) ;
#2753 = VERTEX_POINT ( 'NONE', #5211 ) ;
#2754 = DIRECTION ( 'NONE',  ( -0.000000000000000000, -0.000000000000000000, -1.000000000000000000 ) ) ;
#2755 = DIRECTION ( 'NONE',  ( 0.000000000000000000, -0.000000000000000000, 1.000000000000000000 ) ) ;
#2756 = FILL_AREA_STYLE ('',( #1550 ) ) ;
#2757 = VECTOR ( 'NONE', #4402, 1000.000000000000000 ) ;
#2758 = FILL_AREA_STYLE_COLOUR ( '', #60 ) ;
#2759 = EDGE_CURVE ( 'NONE', #83, #6896, #1041, .T. ) ;
#2760 = SURFACE_STYLE_FILL_AREA ( #3344 ) ;
#2761 = AXIS2_PLACEMENT_3D ( 'NONE', #6019, #1221, #6175 ) ;
#2762 = PLANE ( 'NONE',  #3904 ) ;
#2763 = ORIENTED_EDGE ( 'NONE', *, *, #2184, .T. ) ;
#2764 = ORIENTED_EDGE ( 'NONE', *, *, #3329, .T. ) ;
#2765 = CARTESIAN_POINT ( 'NONE',  ( 0.3000000000000000444, 8.361619849000003768, -5.125000000000000000 ) ) ;
#2766 = CARTESIAN_POINT ( 'NONE',  ( 1.301286965000000295, 8.960316512000002120, 0.000000000000000000 ) ) ;
#2767 = CIRCLE ( 'NONE', #3390, 0.5000000000000004441 ) ;
#2768 = PRESENTATION_LAYER_ASSIGNMENT (  '', '', ( #740 ) ) ;
#2769 = EDGE_CURVE ( 'NONE', #4453, #100, #5801, .T. ) ;
#2770 = ORIENTED_EDGE ( 'NONE', *, *, #4131, .T. ) ;
#2771 = DIRECTION ( 'NONE',  ( -1.000000000000000000, 0.000000000000000000, 0.000000000000000000 ) ) ;
#2772 = ORIENTED_EDGE ( 'NONE', *, *, #1271, .F. ) ;
#2773 = VECTOR ( 'NONE', #2129, 1000.000000000000000 ) ;
#2774 = ORIENTED_EDGE ( 'NONE', *, *, #4885, .T. ) ;
#2775 = FACE_OUTER_BOUND ( 'NONE', #7223, .T. ) ;
#2776 = AXIS2_PLACEMENT_3D ( 'NONE', #3481, #256, #7025 ) ;
#2777 = VERTEX_POINT ( 'NONE', #7713 ) ;
#2778 = LINE ( 'NONE', #2819, #6169 ) ;
#2779 = EDGE_CURVE ( 'NONE', #5625, #2323, #7677, .T. ) ;
#2780 = PLANE ( 'NONE',  #153 ) ;
#2781 = VECTOR ( 'NONE', #5217, 1000.000000000000000 ) ;
#2782 = DIRECTION ( 'NONE',  ( 0.000000000000000000, 0.000000000000000000, -1.000000000000000000 ) ) ;
#2783 = CARTESIAN_POINT ( 'NONE',  ( 7.149999999999999467, -3.000000000000000000, -12.00000000000000000 ) ) ;
#2784 = COLOUR_RGB ( '',0.7529411764705882248, 0.7529411764705882248, 0.7529411764705882248 ) ;
#2785 = ORIENTED_EDGE ( 'NONE', *, *, #5668, .T. ) ;
#2786 = PLANE ( 'NONE',  #2434 ) ;
#2787 = CARTESIAN_POINT ( 'NONE',  ( 9.200000001000001149, 0.000000000000000000, 0.000000000000000000 ) ) ;
#2788 = LINE ( 'NONE', #2908, #3871 ) ;
#2789 = DIRECTION ( 'NONE',  ( -0.000000000000000000, -1.000000000000000000, -0.000000000000000000 ) ) ;
#2790 = ORIENTED_EDGE ( 'NONE', *, *, #2567, .F. ) ;
#2791 = DIRECTION ( 'NONE',  ( 1.000000000000000000, 0.000000000000000000, 0.000000000000000000 ) ) ;
#2792 = LINE ( 'NONE', #7111, #4861 ) ;
#2793 = CARTESIAN_POINT ( 'NONE',  ( 0.000000000000000000, 9.324999999910284387, -13.35000000000000497 ) ) ;
#2794 = EDGE_CURVE ( 'NONE', #2058, #6857, #4642, .T. ) ;
#2795 = CARTESIAN_POINT ( 'NONE',  ( 2.913209907238555996, 5.663661385913600022, -15.49999999984133581 ) ) ;
#2796 = CARTESIAN_POINT ( 'NONE',  ( 0.000000000000000000, 10.00000000000000000, -10.25000000110000009 ) ) ;
#2797 = ADVANCED_BREP_SHAPE_REPRESENTATION ( 'KCDX-5S-N', ( #2937, #4242 ), #4853 ) ;
#2798 = CARTESIAN_POINT ( 'NONE',  ( 4.349999999999999645, 1.699000000000000288, -15.50000000000000000 ) ) ;
#2799 = COLOUR_RGB ( '',0.7529411764705882248, 0.7529411764705882248, 0.7529411764705882248 ) ;
#2800 = CARTESIAN_POINT ( 'NONE',  ( 5.000000000000000000, 12.25000000000000000, -11.90000000000000036 ) ) ;
#2801 = PRESENTATION_STYLE_ASSIGNMENT (( #381 ) ) ;
#2802 = ORIENTED_EDGE ( 'NONE', *, *, #1503, .F. ) ;
#2803 = LINE ( 'NONE', #4057, #6674 ) ;
#2804 = ADVANCED_FACE ( 'NONE', ( #561 ), #1214, .F. ) ;
#2805 = EDGE_CURVE ( 'NONE', #3357, #6164, #4847, .T. ) ;
#2806 = FACE_OUTER_BOUND ( 'NONE', #1845, .T. ) ;
#2807 = VECTOR ( 'NONE', #5456, 1000.000000000000114 ) ;
#2808 = CARTESIAN_POINT ( 'NONE',  ( 2.923733181499999834, 6.179353791000000484, 0.000000000000000000 ) ) ;
#2809 = CARTESIAN_POINT ( 'NONE',  ( -7.079741283200002400, 4.942922121169999627, -11.90000000000000036 ) ) ;
#2810 = DIRECTION ( 'NONE',  ( -0.000000000000000000, -0.000000000000000000, -1.000000000000000000 ) ) ;
#2811 = CARTESIAN_POINT ( 'NONE',  ( -3.009165872834788313, 6.995626572881619154, 0.000000000000000000 ) ) ;
#2812 = CIRCLE ( 'NONE', #7235, 0.7999999999999999334 ) ;
#2813 = ORIENTED_EDGE ( 'NONE', *, *, #5250, .T. ) ;
#2814 = VERTEX_POINT ( 'NONE', #5531 ) ;
#2815 = DIRECTION ( 'NONE',  ( 1.000000000000000000, 0.000000000000000000, 0.000000000000000000 ) ) ;
#2816 = DIRECTION ( 'NONE',  ( -0.000000000000000000, -0.000000000000000000, -1.000000000000000000 ) ) ;
#2817 = ADVANCED_FACE ( 'NONE', ( #1255 ), #6595, .F. ) ;
#2818 = EDGE_LOOP ( 'NONE', ( #788, #1412, #6771, #7262, #2926 ) ) ;
#2819 = CARTESIAN_POINT ( 'NONE',  ( -7.149999999999999467, 0.6002499999999998392, -13.75000000000000000 ) ) ;
#2820 = ORIENTED_EDGE ( 'NONE', *, *, #7438, .F. ) ;
#2821 = VECTOR ( 'NONE', #7789, 1000.000000000000000 ) ;
#2822 =( NAMED_UNIT ( * ) PLANE_ANGLE_UNIT ( ) SI_UNIT ( $, .RADIAN. ) );
#2823 = ORIENTED_EDGE ( 'NONE', *, *, #442, .F. ) ;
#2824 = DIRECTION ( 'NONE',  ( -0.6156614747073927418, 0.7880107540897639540, 0.000000000000000000 ) ) ;
#2825 = LINE ( 'NONE', #5230, #6284 ) ;
#2826 = CARTESIAN_POINT ( 'NONE',  ( -3.561775521000000388, 8.105235947000002383, -13.53330605100000206 ) ) ;
#2827 = ORIENTED_EDGE ( 'NONE', *, *, #7060, .T. ) ;
#2828 = DIRECTION ( 'NONE',  ( 0.000000000000000000, -0.000000000000000000, 1.000000000000000000 ) ) ;
#2829 = CARTESIAN_POINT ( 'NONE',  ( 0.000000000000000000, 10.00000000000000000, 0.000000000000000000 ) ) ;
#2830 = CARTESIAN_POINT ( 'NONE',  ( 5.000000000000000000, 10.80000000000000071, -13.35000000000000320 ) ) ;
#2831 = FACE_OUTER_BOUND ( 'NONE', #2863, .T. ) ;
#2832 = CARTESIAN_POINT ( 'NONE',  ( -3.720183544000000619, 9.230897141999998112, -5.125000000000000000 ) ) ;
#2833 = ADVANCED_FACE ( 'NONE', ( #2030 ), #6880, .F. ) ;
#2834 = SURFACE_STYLE_USAGE ( .BOTH. , #5925 ) ;
#2835 = EDGE_CURVE ( 'NONE', #4776, #5830, #1613, .T. ) ;
#2836 = CARTESIAN_POINT ( 'NONE',  ( -4.349999999999999645, 1.699000000000000288, -15.50000000000000000 ) ) ;
#2837 = ORIENTED_EDGE ( 'NONE', *, *, #7061, .F. ) ;
#2838 = VERTEX_POINT ( 'NONE', #7704 ) ;
#2839 = LINE ( 'NONE', #5860, #709 ) ;
#2840 = CARTESIAN_POINT ( 'NONE',  ( -7.849999999999999645, 0.4000000000000000222, -13.75000000000000000 ) ) ;
#2841 = LINE ( 'NONE', #1133, #1395 ) ;
#2842 = AXIS2_PLACEMENT_3D ( 'NONE', #6778, #1364, #5141 ) ;
#2843 =( NAMED_UNIT ( * ) SI_UNIT ( $, .STERADIAN. ) SOLID_ANGLE_UNIT ( ) );
#2844 = LINE ( 'NONE', #429, #4557 ) ;
#2845 = VECTOR ( 'NONE', #5659, 1000.000000000000000 ) ;
#2846 = EDGE_CURVE ( 'NONE', #3290, #1040, #7555, .T. ) ;
#2847 = EDGE_CURVE ( 'NONE', #4280, #1027, #379, .T. ) ;
#2848 =( LENGTH_UNIT ( ) NAMED_UNIT ( * ) SI_UNIT ( .MILLI., .METRE. ) );
#2849 = CARTESIAN_POINT ( 'NONE',  ( 6.460000000000000853, 1.000000000000000000, -8.875000000000001776 ) ) ;
#2850 = ORIENTED_EDGE ( 'NONE', *, *, #2629, .T. ) ;
#2851 = DIRECTION ( 'NONE',  ( -0.000000000000000000, -0.000000000000000000, -1.000000000000000000 ) ) ;
#2852 = VERTEX_POINT ( 'NONE', #1583 ) ;
#2853 = CARTESIAN_POINT ( 'NONE',  ( -7.849999999999999645, -3.000000000000000000, -12.00000000000000000 ) ) ;
#2854 =( BOUNDED_CURVE ( )  B_SPLINE_CURVE ( 3, ( #3276, #6445, #240, #2115, #5754, #3876, #3428 ),
 .UNSPECIFIED., .F., .T. ) 
 B_SPLINE_CURVE_WITH_KNOTS ( ( 4, 3, 4 ),
 ( 0.03300759282461337984, 0.5000000000000000000, 0.9669924073507715212 ),
 .UNSPECIFIED. ) 
 CURVE ( )  GEOMETRIC_REPRESENTATION_ITEM ( )  RATIONAL_B_SPLINE_CURVE ( ( 0.9594150821093940795, 0.7815445120480922769, 0.7950728180116275468, 1.000000000000000000, 0.7950728179346646662, 0.7815445120379309607, 0.9594150823097986613 ) ) 
 REPRESENTATION_ITEM ( '' )  );
#2855 = VECTOR ( 'NONE', #6765, 1000.000000000000000 ) ;
#2856 = MECHANICAL_DESIGN_GEOMETRIC_PRESENTATION_REPRESENTATION (  '', ( #1859 ), #2482 ) ;
#2857 = DIRECTION ( 'NONE',  ( -1.000000000000000000, 0.000000000000000000, 0.000000000000000000 ) ) ;
#2858 = CARTESIAN_POINT ( 'NONE',  ( -5.349999999999999645, -3.000000000000000000, -15.00000000000000000 ) ) ;
#2859 = AXIS2_PLACEMENT_3D ( 'NONE', #6571, #6028, #1844 ) ;
#2860 = EDGE_CURVE ( 'NONE', #3544, #3092, #3383, .T. ) ;
#2861 = VERTEX_POINT ( 'NONE', #5127 ) ;
#2862 = DIRECTION ( 'NONE',  ( -1.000000000000000000, -0.000000000000000000, -0.000000000000000000 ) ) ;
#2863 = EDGE_LOOP ( 'NONE', ( #714, #6265, #12, #7876, #4373, #1557 ) ) ;
#2864 = PLANE ( 'NONE',  #1069 ) ;
#2865 = VECTOR ( 'NONE', #3732, 1000.000000000000000 ) ;
#2866 = ORIENTED_EDGE ( 'NONE', *, *, #7306, .T. ) ;
#2867 = PRESENTATION_STYLE_ASSIGNMENT (( #2170 ) ) ;
#2868 =( LENGTH_UNIT ( ) NAMED_UNIT ( * ) SI_UNIT ( .MILLI., .METRE. ) );
#2869 = CARTESIAN_POINT ( 'NONE',  ( 5.349999999999999645, -0.0009999987028898105808, -11.90000000000000036 ) ) ;
#2870 = PRESENTATION_LAYER_ASSIGNMENT (  '', '', ( #6782 ) ) ;
#2871 = SURFACE_STYLE_FILL_AREA ( #960 ) ;
#2872 = ORIENTED_EDGE ( 'NONE', *, *, #4340, .F. ) ;
#2873 =( NAMED_UNIT ( * ) PLANE_ANGLE_UNIT ( ) SI_UNIT ( $, .RADIAN. ) );
#2874 = CARTESIAN_POINT ( 'NONE',  ( -4.649999999999999467, 1.449999999999999956, -13.35000000000000320 ) ) ;
#2875 = PLANE ( 'NONE',  #5991 ) ;
#2876 = VECTOR ( 'NONE', #2565, 1000.000000000000000 ) ;
#2877 = EDGE_CURVE ( 'NONE', #5872, #5256, #4677, .T. ) ;
#2878 = DIRECTION ( 'NONE',  ( -1.000000000000000000, 0.000000000000000000, 0.000000000000000000 ) ) ;
#2879 = LINE ( 'NONE', #386, #2008 ) ;
#2880 =( LENGTH_UNIT ( ) NAMED_UNIT ( * ) SI_UNIT ( .MILLI., .METRE. ) );
#2881 = CIRCLE ( 'NONE', #1758, 7.900000000000000355 ) ;
#2882 = CARTESIAN_POINT ( 'NONE',  ( 2.949999999979111109, 10.04999999999235882, -11.90000000000000036 ) ) ;
#2883 = FILL_AREA_STYLE_COLOUR ( '', #5174 ) ;
#2884 = LINE ( 'NONE', #5332, #3674 ) ;
#2885 = CARTESIAN_POINT ( 'NONE',  ( 4.409724395882908432, 8.348325098645320352, -10.25000000000000000 ) ) ;
#2886 = ORIENTED_EDGE ( 'NONE', *, *, #5951, .T. ) ;
#2887 = VERTEX_POINT ( 'NONE', #336 ) ;
#2888 = SURFACE_SIDE_STYLE ('',( #906 ) ) ;
#2889 = CARTESIAN_POINT ( 'NONE',  ( 2.998092552999999771, 9.803553087000000943, -13.75000000000000000 ) ) ;
#2890 = EDGE_CURVE ( 'NONE', #6628, #2323, #1001, .T. ) ;
#2891 = DIRECTION ( 'NONE',  ( -0.000000000000000000, 0.000000000000000000, -1.000000000000000000 ) ) ;
#2892 = DIRECTION ( 'NONE',  ( 1.000000000000000000, 0.000000000000000000, 0.000000000000000000 ) ) ;
#2893 = PRESENTATION_LAYER_ASSIGNMENT (  '', '', ( #733 ) ) ;
#2894 = COLOUR_RGB ( '',0.7529411764705882248, 0.7529411764705882248, 0.7529411764705882248 ) ;
#2895 = LINE ( 'NONE', #487, #3233 ) ;
#2896 = ORIENTED_EDGE ( 'NONE', *, *, #2860, .T. ) ;
#2897 = DIRECTION ( 'NONE',  ( 0.000000000000000000, 0.000000000000000000, 1.000000000000000000 ) ) ;
#2898 = ORIENTED_EDGE ( 'NONE', *, *, #6729, .F. ) ;
#2899 = DIRECTION ( 'NONE',  ( -0.000000000000000000, -1.000000000000000000, -0.000000000000000000 ) ) ;
#2900 = ORIENTED_EDGE ( 'NONE', *, *, #7234, .T. ) ;
#2901 = CARTESIAN_POINT ( 'NONE',  ( -2.117469151000000327, 11.28227801699999944, 0.000000000000000000 ) ) ;
#2902 = VECTOR ( 'NONE', #3255, 1000.000000000000000 ) ;
#2903 = EDGE_CURVE ( 'NONE', #3615, #2777, #5203, .T. ) ;
#2904 = EDGE_CURVE ( 'NONE', #4590, #7405, #2211, .T. ) ;
#2905 = ORIENTED_EDGE ( 'NONE', *, *, #7559, .T. ) ;
#2906 = VECTOR ( 'NONE', #724, 1000.000000000000000 ) ;
#2907 = LINE ( 'NONE', #1607, #341 ) ;
#2908 = CARTESIAN_POINT ( 'NONE',  ( 0.3000000000000000444, 5.758380150999999891, -5.125000000000000000 ) ) ;
#2909 = PRESENTATION_STYLE_ASSIGNMENT (( #5198 ) ) ;
#2910 = UNCERTAINTY_MEASURE_WITH_UNIT (LENGTH_MEASURE( 1.000000000000000082E-05 ), #1105, 'distance_accuracy_value', 'NONE');
#2911 = ORIENTED_EDGE ( 'NONE', *, *, #133, .T. ) ;
#2912 = SURFACE_STYLE_FILL_AREA ( #3338 ) ;
#2913 = ADVANCED_FACE ( 'NONE', ( #1080 ), #7032, .F. ) ;
#2914 = COLOUR_RGB ( '',0.7529411764705882248, 0.7529411764705882248, 0.7529411764705882248 ) ;
#2915 = ORIENTED_EDGE ( 'NONE', *, *, #6864, .T. ) ;
#2916 = SURFACE_SIDE_STYLE ('',( #3451 ) ) ;
#2917 = MECHANICAL_DESIGN_GEOMETRIC_PRESENTATION_REPRESENTATION (  '', ( #3792 ), #5833 ) ;
#2918 = ORIENTED_EDGE ( 'NONE', *, *, #1690, .T. ) ;
#2919 = DIRECTION ( 'NONE',  ( 0.000000000000000000, 1.000000000000000000, 0.000000000000000000 ) ) ;
#2920 = PRESENTATION_STYLE_ASSIGNMENT (( #4183 ) ) ;
#2921 = PLANE ( 'NONE',  #6435 ) ;
#2922 = STYLED_ITEM ( 'NONE', ( #1159 ), #5768 ) ;
#2923 = SURFACE_STYLE_USAGE ( .BOTH. , #4104 ) ;
#2924 = PLANE ( 'NONE',  #4451 ) ;
#2925 = DIRECTION ( 'NONE',  ( 0.000000000000000000, 0.000000000000000000, 1.000000000000000000 ) ) ;
#2926 = ORIENTED_EDGE ( 'NONE', *, *, #4232, .T. ) ;
#2927 = VERTEX_POINT ( 'NONE', #1033 ) ;
#2928 = CARTESIAN_POINT ( 'NONE',  ( -4.882530848999998341, 8.717721982999997010, 0.000000000000000000 ) ) ;
#2929 =( GEOMETRIC_REPRESENTATION_CONTEXT ( 3 ) GLOBAL_UNCERTAINTY_ASSIGNED_CONTEXT ( ( #2433 ) ) GLOBAL_UNIT_ASSIGNED_CONTEXT ( ( #4772, #976, #476 ) ) REPRESENTATION_CONTEXT ( 'NONE', 'WORKASPACE' ) );
#2930 = DIRECTION ( 'NONE',  ( 1.000000000000000000, 0.000000000000000000, 0.000000000000000000 ) ) ;
#2931 = AXIS2_PLACEMENT_3D ( 'NONE', #5172, #6972, #428 ) ;
#2932 = DIRECTION ( 'NONE',  ( 0.000000000000000000, 1.000000000000000000, 0.000000000000000000 ) ) ;
#2933 = ORIENTED_EDGE ( 'NONE', *, *, #3745, .T. ) ;
#2934 = LINE ( 'NONE', #3634, #4565 ) ;
#2935 = DIRECTION ( 'NONE',  ( 0.9135454573972845438, 0.4067366436267898511, 7.536605272122904360E-10 ) ) ;
#2936 = ORIENTED_EDGE ( 'NONE', *, *, #3745, .F. ) ;
#2937 = MANIFOLD_SOLID_BREP ( 'Imported1', #4724 ) ;
#2938 = ORIENTED_EDGE ( 'NONE', *, *, #1604, .F. ) ;
#2939 = CARTESIAN_POINT ( 'NONE',  ( -7.149999999999999467, 0.3999999973200000780, -13.00000000037500136 ) ) ;
#2940 = EDGE_CURVE ( 'NONE', #4238, #4759, #6957, .T. ) ;
#2941 = EDGE_CURVE ( 'NONE', #7658, #4666, #433, .T. ) ;
#2942 = ORIENTED_EDGE ( 'NONE', *, *, #7199, .T. ) ;
#2943 = CARTESIAN_POINT ( 'NONE',  ( -0.8750000000000001110, 3.049999999999999822, -8.150000000000000355 ) ) ;
#2944 = DIRECTION ( 'NONE',  ( 0.000000000000000000, 0.000000000000000000, -1.000000000000000000 ) ) ;
#2945 = FILL_AREA_STYLE ('',( #5318 ) ) ;
#2946 = PRESENTATION_LAYER_ASSIGNMENT (  '', '', ( #5221 ) ) ;
#2947 = ORIENTED_EDGE ( 'NONE', *, *, #2847, .F. ) ;
#2948 =( LENGTH_UNIT ( ) NAMED_UNIT ( * ) SI_UNIT ( .MILLI., .METRE. ) );
#2949 = EDGE_CURVE ( 'NONE', #4214, #593, #7804, .T. ) ;
#2950 = DIRECTION ( 'NONE',  ( -1.000000000000000000, 0.000000000000000000, 0.000000000000000000 ) ) ;
#2951 = DIRECTION ( 'NONE',  ( 0.000000000000000000, 1.000000000000000000, 0.000000000000000000 ) ) ;
#2952 = ORIENTED_EDGE ( 'NONE', *, *, #2266, .F. ) ;
#2953 = LINE ( 'NONE', #4101, #1910 ) ;
#2954 =( LENGTH_UNIT ( ) NAMED_UNIT ( * ) SI_UNIT ( .MILLI., .METRE. ) );
#2955 = DIRECTION ( 'NONE',  ( 0.6430737218280181411, 0.7658042754478854297, 0.000000000000000000 ) ) ;
#2956 = PRESENTATION_STYLE_ASSIGNMENT (( #6411 ) ) ;
#2957 = LINE ( 'NONE', #5375, #7448 ) ;
#2958 = ORIENTED_EDGE ( 'NONE', *, *, #2629, .F. ) ;
#2959 = ORIENTED_EDGE ( 'NONE', *, *, #7753, .F. ) ;
#2960 = SURFACE_STYLE_USAGE ( .BOTH. , #3148 ) ;
#2961 = LINE ( 'NONE', #3581, #5369 ) ;
#2962 = CARTESIAN_POINT ( 'NONE',  ( 0.3500000000000000333, 1.000000000000000000, -12.00000000000000000 ) ) ;
#2963 = VECTOR ( 'NONE', #3246, 1000.000000000000000 ) ;
#2964 = AXIS2_PLACEMENT_3D ( 'NONE', #6795, #3778, #6211 ) ;
#2965 = ORIENTED_EDGE ( 'NONE', *, *, #1447, .T. ) ;
#2966 = LINE ( 'NONE', #4785, #2234 ) ;
#2967 = ORIENTED_EDGE ( 'NONE', *, *, #3563, .T. ) ;
#2968 = DIRECTION ( 'NONE',  ( 0.000000000000000000, 1.000000000000000000, 0.000000000000000000 ) ) ;
#2969 = VERTEX_POINT ( 'NONE', #6559 ) ;
#2970 = DIRECTION ( 'NONE',  ( -1.000000000000000000, 0.000000000000000000, 0.000000000000000000 ) ) ;
#2971 = VERTEX_POINT ( 'NONE', #7684 ) ;
#2972 = COLOUR_RGB ( '',0.7529411764705882248, 0.7529411764705882248, 0.7529411764705882248 ) ;
#2973 = DIRECTION ( 'NONE',  ( -0.7547095796617272478, 0.6560590296359154472, 0.000000000000000000 ) ) ;
#2974 =( NAMED_UNIT ( * ) PLANE_ANGLE_UNIT ( ) SI_UNIT ( $, .RADIAN. ) );
#2975 = ADVANCED_FACE ( 'NONE', ( #4814 ), #7842, .T. ) ;
#2976 = VECTOR ( 'NONE', #6052, 1000.000000000000000 ) ;
#2977 = ORIENTED_EDGE ( 'NONE', *, *, #7508, .F. ) ;
#2978 = FACE_OUTER_BOUND ( 'NONE', #7825, .T. ) ;
#2979 = ORIENTED_EDGE ( 'NONE', *, *, #3510, .T. ) ;
#2980 = UNCERTAINTY_MEASURE_WITH_UNIT (LENGTH_MEASURE( 1.000000000000000082E-05 ), #2954, 'distance_accuracy_value', 'NONE');
#2981 = PRESENTATION_LAYER_ASSIGNMENT (  '', '', ( #1075 ) ) ;
#2982 = ORIENTED_EDGE ( 'NONE', *, *, #952, .T. ) ;
#2983 = CARTESIAN_POINT ( 'NONE',  ( 9.200000000499999331, 0.000000000000000000, -0.9500000000000000666 ) ) ;
#2984 = CARTESIAN_POINT ( 'NONE',  ( 7.849999999999999645, 0.6002500000000000613, -13.35000000039999968 ) ) ;
#2985 = CARTESIAN_POINT ( 'NONE',  ( -5.000000004999999526, -4.000000000000000000, -2.849999999999999645 ) ) ;
#2986 = EDGE_CURVE ( 'NONE', #6932, #3652, #4649, .T. ) ;
#2987 = EDGE_CURVE ( 'NONE', #4590, #7414, #2300, .T. ) ;
#2988 = VECTOR ( 'NONE', #1776, 1000.000000000000227 ) ;
#2989 = VERTEX_POINT ( 'NONE', #1137 ) ;
#2990 = DIRECTION ( 'NONE',  ( 0.000000000000000000, 0.4170690758590134273, -0.9088747911357804021 ) ) ;
#2991 = ORIENTED_EDGE ( 'NONE', *, *, #6758, .T. ) ;
#2992 =( LENGTH_UNIT ( ) NAMED_UNIT ( * ) SI_UNIT ( .MILLI., .METRE. ) );
#2993 = VECTOR ( 'NONE', #5212, 1000.000000000000000 ) ;
#2994 = EDGE_CURVE ( 'NONE', #182, #7003, #6523, .T. ) ;
#2995 = CARTESIAN_POINT ( 'NONE',  ( 1.349999995999998870, 10.44500000000000028, -11.90000000000000036 ) ) ;
#2996 = FILL_AREA_STYLE ('',( #3577 ) ) ;
#2997 = CIRCLE ( 'NONE', #7437, 7.000000000000000000 ) ;
#2998 = EDGE_LOOP ( 'NONE', ( #3394, #794, #1803, #4958 ) ) ;
#2999 = ORIENTED_EDGE ( 'NONE', *, *, #7650, .F. ) ;
#3000 = DIRECTION ( 'NONE',  ( 0.6156614747073927418, 0.7880107540897638430, -0.000000000000000000 ) ) ;
#3001 =( NAMED_UNIT ( * ) SI_UNIT ( $, .STERADIAN. ) SOLID_ANGLE_UNIT ( ) );
#3002 = LINE ( 'NONE', #5258, #2080 ) ;
#3003 = VECTOR ( 'NONE', #1569, 1000.000000000000000 ) ;
#3004 = EDGE_CURVE ( 'NONE', #2838, #3414, #478, .T. ) ;
#3005 = CARTESIAN_POINT ( 'NONE',  ( -0.3500000000000000333, 2.899999999999999911, -11.90000000000000036 ) ) ;
#3006 = ORIENTED_EDGE ( 'NONE', *, *, #910, .F. ) ;
#3007 = CARTESIAN_POINT ( 'NONE',  ( 2.152319813343514188, 7.372648517648983102, -13.70000000000000107 ) ) ;
#3008 = ORIENTED_EDGE ( 'NONE', *, *, #2462, .T. ) ;
#3009 = CARTESIAN_POINT ( 'NONE',  ( 0.000000000000000000, 8.090060557000001040, -13.66820397600000092 ) ) ;
#3010 = ORIENTED_EDGE ( 'NONE', *, *, #6671, .T. ) ;
#3011 = COLOUR_RGB ( '',0.2509803921568627416, 0.2509803921568627416, 0.2509803921568627416 ) ;
#3012 = ORIENTED_EDGE ( 'NONE', *, *, #2657, .F. ) ;
#3013 = LINE ( 'NONE', #5513, #6759 ) ;
#3014 = CARTESIAN_POINT ( 'NONE',  ( -0.8750000000000001110, 2.200000000000000178, -8.752517895000002213 ) ) ;
#3015 = STYLED_ITEM ( 'NONE', ( #5619 ), #4112 ) ;
#3016 = VECTOR ( 'NONE', #5282, 1000.000000000000000 ) ;
#3017 = EDGE_CURVE ( 'NONE', #7792, #435, #5333, .T. ) ;
#3018 = VERTEX_POINT ( 'NONE', #5974 ) ;
#3019 = LINE ( 'NONE', #7863, #496 ) ;
#3020 = CARTESIAN_POINT ( 'NONE',  ( -1.355995001999999783, 10.67799750099999834, -13.29009995000000011 ) ) ;
#3021 = FILL_AREA_STYLE ('',( #6582 ) ) ;
#3022 = ORIENTED_EDGE ( 'NONE', *, *, #2603, .T. ) ;
#3023 = VECTOR ( 'NONE', #7041, 1000.000000000000000 ) ;
#3024 = COLOUR_RGB ( '',0.7529411764705882248, 0.7529411764705882248, 0.7529411764705882248 ) ;
#3025 = ORIENTED_EDGE ( 'NONE', *, *, #1053, .T. ) ;
#3026 = SURFACE_STYLE_FILL_AREA ( #7747 ) ;
#3027 = SURFACE_STYLE_USAGE ( .BOTH. , #58 ) ;
#3028 = SURFACE_STYLE_FILL_AREA ( #2945 ) ;
#3029 = CIRCLE ( 'NONE', #1649, 0.7999999999999997113 ) ;
#3030 =( GEOMETRIC_REPRESENTATION_CONTEXT ( 3 ) GLOBAL_UNCERTAINTY_ASSIGNED_CONTEXT ( ( #4411 ) ) GLOBAL_UNIT_ASSIGNED_CONTEXT ( ( #6620, #713, #3720 ) ) REPRESENTATION_CONTEXT ( 'NONE', 'WORKASPACE' ) );
#3031 = VERTEX_POINT ( 'NONE', #523 ) ;
#3032 = FACE_OUTER_BOUND ( 'NONE', #6590, .T. ) ;
#3033 = EDGE_CURVE ( 'NONE', #279, #6106, #2957, .T. ) ;
#3034 = ORIENTED_EDGE ( 'NONE', *, *, #1973, .F. ) ;
#3035 = CARTESIAN_POINT ( 'NONE',  ( -0.3000000000000000444, 8.361619849000003768, -10.25000000000000000 ) ) ;
#3036 = CARTESIAN_POINT ( 'NONE',  ( 7.150000000133333700, 0.9999999996080000120, -11.99999999893333502 ) ) ;
#3037 = LINE ( 'NONE', #152, #4030 ) ;
#3038 = CARTESIAN_POINT ( 'NONE',  ( 7.849999999999999645, -3.549500000000000099, -13.75000000000000000 ) ) ;
#3039 = CARTESIAN_POINT ( 'NONE',  ( 3.500000000000000000, 10.00000000000000000, -10.25000000000000000 ) ) ;
#3040 = CARTESIAN_POINT ( 'NONE',  ( 1.350000002600000304, 15.69209978751075951, -10.25000000110000009 ) ) ;
#3041 = ORIENTED_EDGE ( 'NONE', *, *, #5460, .F. ) ;
#3042 = EDGE_CURVE ( 'NONE', #1304, #5517, #4188, .T. ) ;
#3043 = EDGE_CURVE ( 'NONE', #4190, #6764, #2641, .T. ) ;
#3044 = ORIENTED_EDGE ( 'NONE', *, *, #4457, .T. ) ;
#3045 = CARTESIAN_POINT ( 'NONE',  ( 0.000000000000000000, 11.27500000000000036, -13.95000000000000107 ) ) ;
#3046 = DIRECTION ( 'NONE',  ( -1.000000000000000000, 0.000000000000000000, 0.000000000000000000 ) ) ;
#3047 = DIRECTION ( 'NONE',  ( 1.000000000000000000, 0.000000000000000000, 0.000000000000000000 ) ) ;
#3048 = ORIENTED_EDGE ( 'NONE', *, *, #3805, .F. ) ;
#3049 = FACE_OUTER_BOUND ( 'NONE', #2703, .T. ) ;
#3050 = ORIENTED_EDGE ( 'NONE', *, *, #1936, .T. ) ;
#3051 = AXIS2_PLACEMENT_3D ( 'NONE', #7454, #6774, #3675 ) ;
#3052 = CARTESIAN_POINT ( 'NONE',  ( 9.199999999999999289, 10.00000000000000000, -7.525000000000001243 ) ) ;
#3053 = ORIENTED_EDGE ( 'NONE', *, *, #159, .F. ) ;
#3054 = ORIENTED_EDGE ( 'NONE', *, *, #2579, .T. ) ;
#3055 = PLANE ( 'NONE',  #6381 ) ;
#3056 = PRESENTATION_LAYER_ASSIGNMENT (  '', '', ( #5846 ) ) ;
#3057 = ORIENTED_EDGE ( 'NONE', *, *, #2481, .T. ) ;
#3058 = CARTESIAN_POINT ( 'NONE',  ( -1.349999997999999257, 16.86858791935550528, -11.90000000000000036 ) ) ;
#3059 = ORIENTED_EDGE ( 'NONE', *, *, #4885, .F. ) ;
#3060 = VECTOR ( 'NONE', #2497, 1000.000000000000000 ) ;
#3061 = UNCERTAINTY_MEASURE_WITH_UNIT (LENGTH_MEASURE( 1.000000000000000082E-05 ), #2671, 'distance_accuracy_value', 'NONE');
#3062 = EDGE_LOOP ( 'NONE', ( #999, #5103, #4871, #6353 ) ) ;
#3063 = DIRECTION ( 'NONE',  ( -0.7547095800460230652, 0.6560590291938337426, 0.000000000000000000 ) ) ;
#3064 = CARTESIAN_POINT ( 'NONE',  ( 0.000000000000000000, 6.879999999999999893, -13.75000000000000000 ) ) ;
#3065 = PLANE ( 'NONE',  #7291 ) ;
#3066 =( NAMED_UNIT ( * ) PLANE_ANGLE_UNIT ( ) SI_UNIT ( $, .RADIAN. ) );
#3067 = PRESENTATION_LAYER_ASSIGNMENT (  '', '', ( #3691 ) ) ;
#3068 = ORIENTED_EDGE ( 'NONE', *, *, #3510, .F. ) ;
#3069 = DIRECTION ( 'NONE',  ( -0.000000000000000000, -0.000000000000000000, -1.000000000000000000 ) ) ;
#3070 = ORIENTED_EDGE ( 'NONE', *, *, #2168, .F. ) ;
#3071 =( GEOMETRIC_REPRESENTATION_CONTEXT ( 3 ) GLOBAL_UNCERTAINTY_ASSIGNED_CONTEXT ( ( #4791 ) ) GLOBAL_UNIT_ASSIGNED_CONTEXT ( ( #4091, #1740, #4129 ) ) REPRESENTATION_CONTEXT ( 'NONE', 'WORKASPACE' ) );
#3072 = ADVANCED_FACE ( 'NONE', ( #4268 ), #4222, .F. ) ;
#3073 = CARTESIAN_POINT ( 'NONE',  ( 7.849999999999999645, 0.6002499999999998392, -13.75000000000000000 ) ) ;
#3074 = DIRECTION ( 'NONE',  ( 1.000000000000000000, 0.000000000000000000, 0.000000000000000000 ) ) ;
#3075 = EDGE_CURVE ( 'NONE', #5178, #6737, #1301, .T. ) ;
#3076 = PRESENTATION_STYLE_ASSIGNMENT (( #6129 ) ) ;
#3077 = FACE_OUTER_BOUND ( 'NONE', #6544, .T. ) ;
#3078 = CARTESIAN_POINT ( 'NONE',  ( 4.624063637042841179, 1.821020992903773505, -13.35000000039999968 ) ) ;
#3079 = DIRECTION ( 'NONE',  ( 0.000000000000000000, -0.000000000000000000, 1.000000000000000000 ) ) ;
#3080 = FILL_AREA_STYLE ('',( #5583 ) ) ;
#3081 = ORIENTED_EDGE ( 'NONE', *, *, #2986, .T. ) ;
#3082 = DIRECTION ( 'NONE',  ( -0.000000000000000000, -1.000000000000000000, -0.000000000000000000 ) ) ;
#3083 = CARTESIAN_POINT ( 'NONE',  ( 2.949999999999999734, 10.05000000000000249, -13.35000000000000320 ) ) ;
#3084 = DIRECTION ( 'NONE',  ( 1.000000000000000000, 0.000000000000000000, 0.000000000000000000 ) ) ;
#3085 = DIRECTION ( 'NONE',  ( 1.000000000000000000, 0.000000000000000000, 0.000000000000000000 ) ) ;
#3086 = EDGE_CURVE ( 'NONE', #4713, #4480, #4310, .T. ) ;
#3087 = EDGE_CURVE ( 'NONE', #3934, #5359, #1349, .T. ) ;
#3088 = DIRECTION ( 'NONE',  ( -0.7547095804522769846, 0.6560590287264919107, -0.000000000000000000 ) ) ;
#3089 = ORIENTED_EDGE ( 'NONE', *, *, #79, .F. ) ;
#3090 = SURFACE_STYLE_USAGE ( .BOTH. , #2074 ) ;
#3091 = VERTEX_POINT ( 'NONE', #7401 ) ;
#3092 = VERTEX_POINT ( 'NONE', #1991 ) ;
#3093 = ORIENTED_EDGE ( 'NONE', *, *, #5568, .T. ) ;
#3094 = SURFACE_STYLE_USAGE ( .BOTH. , #6656 ) ;
#3095 = VECTOR ( 'NONE', #2238, 1000.000000000000000 ) ;
#3096 = PRESENTATION_LAYER_ASSIGNMENT (  '', '', ( #5637 ) ) ;
#3097 = AXIS2_PLACEMENT_3D ( 'NONE', #4342, #730, #5047 ) ;
#3098 = ORIENTED_EDGE ( 'NONE', *, *, #1849, .F. ) ;
#3099 = PRESENTATION_STYLE_ASSIGNMENT (( #673 ) ) ;
#3100 = VERTEX_POINT ( 'NONE', #6217 ) ;
#3101 = ORIENTED_EDGE ( 'NONE', *, *, #6556, .F. ) ;
#3102 = ORIENTED_EDGE ( 'NONE', *, *, #7297, .F. ) ;
#3103 = CYLINDRICAL_SURFACE ( 'NONE', #6145, 0.7999999999999999334 ) ;
#3104 = CARTESIAN_POINT ( 'NONE',  ( -2.807010003999999892, 10.39970597300000144, -10.25000000000000000 ) ) ;
#3105 = CARTESIAN_POINT ( 'NONE',  ( 2.935046030000000084, 11.21038888050000182, -10.25000000000000000 ) ) ;
#3106 = MECHANICAL_DESIGN_GEOMETRIC_PRESENTATION_REPRESENTATION (  '', ( #2113 ), #1731 ) ;
#3107 = VERTEX_POINT ( 'NONE', #5622 ) ;
#3108 = ORIENTED_EDGE ( 'NONE', *, *, #5807, .T. ) ;
#3109 = DIRECTION ( 'NONE',  ( 0.000000000000000000, 0.000000000000000000, -1.000000000000000000 ) ) ;
#3110 = PLANE ( 'NONE',  #5342 ) ;
#3111 = PRESENTATION_LAYER_ASSIGNMENT (  '', '', ( #2002 ) ) ;
#3112 = CARTESIAN_POINT ( 'NONE',  ( -5.349999999999999645, -0.9160970000000000502, -13.35000000079999971 ) ) ;
#3113 = EDGE_CURVE ( 'NONE', #4874, #5560, #2517, .T. ) ;
#3114 = CARTESIAN_POINT ( 'NONE',  ( 0.3000000000000000444, 5.198380150999999394, 0.000000000000000000 ) ) ;
#3115 = ORIENTED_EDGE ( 'NONE', *, *, #2740, .F. ) ;
#3116 = AXIS2_PLACEMENT_3D ( 'NONE', #2331, #1748, #3537 ) ;
#3117 = EDGE_LOOP ( 'NONE', ( #4574, #6223, #4205, #395, #1837, #5545, #6953, #6494, #3270, #4916, #817, #4434, #2813, #1864, #2091, #3204, #2017, #1023, #5027, #5196, #6813, #4175, #1520, #2627, #6314, #869, #7703, #917, #6156, #4912, #629, #6199, #7651, #5967, #829, #4618, #6701, #2900, #4067, #1723 ) ) ;
#3118 = DIRECTION ( 'NONE',  ( -1.000000000000000000, -0.000000000000000000, -0.000000000000000000 ) ) ;
#3119 = CARTESIAN_POINT ( 'NONE',  ( -3.500000000000000000, 10.00000000000000000, 0.000000000000000000 ) ) ;
#3120 = EDGE_CURVE ( 'NONE', #4436, #4356, #7000, .T. ) ;
#3121 = CARTESIAN_POINT ( 'NONE',  ( 5.349999999999999645, -0.0009999980543347157524, -13.70000000000000107 ) ) ;
#3122 = VECTOR ( 'NONE', #3239, 1000.000000000000000 ) ;
#3123 = DIRECTION ( 'NONE',  ( -0.6560590296359154472, 0.7547095796617272478, 0.000000000000000000 ) ) ;
#3124 = VERTEX_POINT ( 'NONE', #5747 ) ;
#3125 = ORIENTED_EDGE ( 'NONE', *, *, #5897, .F. ) ;
#3126 = VERTEX_POINT ( 'NONE', #7521 ) ;
#3127 = VERTEX_POINT ( 'NONE', #6335 ) ;
#3128 = LINE ( 'NONE', #2544, #6131 ) ;
#3129 = EDGE_CURVE ( 'NONE', #842, #90, #7486, .T. ) ;
#3130 = CARTESIAN_POINT ( 'NONE',  ( -1.700000000000000178, 2.200000000000000178, -1.574999999999999956 ) ) ;
#3131 = VECTOR ( 'NONE', #7417, 1000.000000000000000 ) ;
#3132 = VECTOR ( 'NONE', #6818, 1000.000000000000000 ) ;
#3133 = ORIENTED_EDGE ( 'NONE', *, *, #2424, .T. ) ;
#3134 = VERTEX_POINT ( 'NONE', #191 ) ;
#3135 = ORIENTED_EDGE ( 'NONE', *, *, #2949, .F. ) ;
#3136 = EDGE_CURVE ( 'NONE', #3475, #4466, #3865, .T. ) ;
#3137 = UNCERTAINTY_MEASURE_WITH_UNIT (LENGTH_MEASURE( 1.000000000000000082E-05 ), #4648, 'distance_accuracy_value', 'NONE');
#3138 = EDGE_CURVE ( 'NONE', #4865, #83, #2037, .T. ) ;
#3139 = VERTEX_POINT ( 'NONE', #5013 ) ;
#3140 = LINE ( 'NONE', #7428, #1730 ) ;
#3141 = VECTOR ( 'NONE', #3746, 1000.000000000000000 ) ;
#3142 = DIRECTION ( 'NONE',  ( -0.6560590291938325214, 0.7547095800460241755, -0.000000000000000000 ) ) ;
#3143 = DIRECTION ( 'NONE',  ( 1.000000000000000000, 0.000000000000000000, 0.000000000000000000 ) ) ;
#3144 = FILL_AREA_STYLE_COLOUR ( '', #1528 ) ;
#3145 = ORIENTED_EDGE ( 'NONE', *, *, #698, .F. ) ;
#3146 = MECHANICAL_DESIGN_GEOMETRIC_PRESENTATION_REPRESENTATION (  '', ( #2278 ), #3517 ) ;
#3147 = LINE ( 'NONE', #3775, #763 ) ;
#3148 = SURFACE_SIDE_STYLE ('',( #4777 ) ) ;
#3149 = ADVANCED_FACE ( 'NONE', ( #6258 ), #2650, .F. ) ;
#3150 = ORIENTED_EDGE ( 'NONE', *, *, #493, .F. ) ;
#3151 = CARTESIAN_POINT ( 'NONE',  ( 2.923733181499999834, 6.179353791000000484, -10.25000000000000000 ) ) ;
#3152 = SURFACE_STYLE_USAGE ( .BOTH. , #226 ) ;
#3153 = FACE_OUTER_BOUND ( 'NONE', #3310, .T. ) ;
#3154 = COLOUR_RGB ( '',0.7529411764705882248, 0.7529411764705882248, 0.7529411764705882248 ) ;
#3155 = VECTOR ( 'NONE', #2412, 1000.000000000000000 ) ;
#3156 = CARTESIAN_POINT ( 'NONE',  ( -6.850000000000000533, 4.750000000000000000, -13.75000000000000000 ) ) ;
#3157 = DIRECTION ( 'NONE',  ( 0.000000000000000000, 0.000000000000000000, 1.000000000000000000 ) ) ;
#3158 = CARTESIAN_POINT ( 'NONE',  ( -4.899121218999999527, 8.328504999000001519, -10.25000000000000000 ) ) ;
#3159 = VECTOR ( 'NONE', #7119, 1000.000000000000227 ) ;
#3160 = VERTEX_POINT ( 'NONE', #896 ) ;
#3161 = LINE ( 'NONE', #2615, #6272 ) ;
#3162 = LINE ( 'NONE', #2042, #7577 ) ;
#3163 = CARTESIAN_POINT ( 'NONE',  ( 4.537760422499999002, 9.159008004999998676, 0.000000000000000000 ) ) ;
#3164 = LINE ( 'NONE', #3121, #5694 ) ;
#3165 = STYLED_ITEM ( 'NONE', ( #5621 ), #5262 ) ;
#3166 = SURFACE_STYLE_FILL_AREA ( #3793 ) ;
#3167 = ORIENTED_EDGE ( 'NONE', *, *, #7024, .F. ) ;
#3168 = ORIENTED_EDGE ( 'NONE', *, *, #7306, .F. ) ;
#3169 = ORIENTED_EDGE ( 'NONE', *, *, #7819, .T. ) ;
#3170 = DIRECTION ( 'NONE',  ( -0.000000000000000000, -1.000000000000000000, -0.000000000000000000 ) ) ;
#3171 = VECTOR ( 'NONE', #1422, 1000.000000000000000 ) ;
#3172 = DIRECTION ( 'NONE',  ( 0.000000000000000000, 0.000000000000000000, 1.000000000000000000 ) ) ;
#3173 = VECTOR ( 'NONE', #5120, 1000.000000000000000 ) ;
#3174 = ORIENTED_EDGE ( 'NONE', *, *, #5130, .F. ) ;
#3175 = CARTESIAN_POINT ( 'NONE',  ( 4.909916627000000311, 2.899999999999999911, -11.90000000000000036 ) ) ;
#3176 = ORIENTED_EDGE ( 'NONE', *, *, #6625, .F. ) ;
#3177 = ORIENTED_EDGE ( 'NONE', *, *, #909, .F. ) ;
#3178 = FACE_OUTER_BOUND ( 'NONE', #4034, .T. ) ;
#3179 = CARTESIAN_POINT ( 'NONE',  ( 3.266124049500000126, 10.02862888950000020, -11.90000000000000036 ) ) ;
#3180 = SURFACE_STYLE_FILL_AREA ( #764 ) ;
#3181 = EDGE_CURVE ( 'NONE', #4365, #1807, #6296, .T. ) ;
#3182 = ADVANCED_FACE ( 'NONE', ( #2076 ), #4433, .F. ) ;
#3183 = VERTEX_POINT ( 'NONE', #3347 ) ;
#3184 = VECTOR ( 'NONE', #6520, 1000.000000000000000 ) ;
#3185 = DIRECTION ( 'NONE',  ( 0.4067366430846897085, -0.9135454576386430325, 0.000000000000000000 ) ) ;
#3186 = CARTESIAN_POINT ( 'NONE',  ( 7.849999999999999645, 4.750000000000000000, -12.82499999999999929 ) ) ;
#3187 = CARTESIAN_POINT ( 'NONE',  ( 0.000000000000000000, 10.00000000000000000, -11.90000000000000036 ) ) ;
#3188 = VERTEX_POINT ( 'NONE', #4473 ) ;
#3189 = CARTESIAN_POINT ( 'NONE',  ( 5.574979910999998900, 7.823389207000000845, -13.75000000000000000 ) ) ;
#3190 =( GEOMETRIC_REPRESENTATION_CONTEXT ( 3 ) GLOBAL_UNCERTAINTY_ASSIGNED_CONTEXT ( ( #583 ) ) GLOBAL_UNIT_ASSIGNED_CONTEXT ( ( #5135, #2409, #1132 ) ) REPRESENTATION_CONTEXT ( 'NONE', 'WORKASPACE' ) );
#3191 = FILL_AREA_STYLE ('',( #776 ) ) ;
#3192 = SURFACE_STYLE_USAGE ( .BOTH. , #778 ) ;
#3193 = DIRECTION ( 'NONE',  ( 1.000000000000000000, 0.000000000000000000, 0.000000000000000000 ) ) ;
#3194 = PRESENTATION_LAYER_ASSIGNMENT (  '', '', ( #3317 ) ) ;
#3195 = DIRECTION ( 'NONE',  ( 0.000000000000000000, 1.000000000000000000, 0.000000000000000000 ) ) ;
#3196 = ORIENTED_EDGE ( 'NONE', *, *, #4971, .F. ) ;
#3197 = DIRECTION ( 'NONE',  ( 0.000000000000000000, 0.000000000000000000, -1.000000000000000000 ) ) ;
#3198 = SURFACE_SIDE_STYLE ('',( #6303 ) ) ;
#3199 = CARTESIAN_POINT ( 'NONE',  ( 0.3500000000000000333, 6.879999999999999893, -12.82499999999999929 ) ) ;
#3200 = CARTESIAN_POINT ( 'NONE',  ( -2.296206600999999736, 7.358516468999998672, -10.25000000000000000 ) ) ;
#3201 =( GEOMETRIC_REPRESENTATION_CONTEXT ( 3 ) GLOBAL_UNCERTAINTY_ASSIGNED_CONTEXT ( ( #3439 ) ) GLOBAL_UNIT_ASSIGNED_CONTEXT ( ( #4254, #1774, #6003 ) ) REPRESENTATION_CONTEXT ( 'NONE', 'WORKASPACE' ) );
#3202 =( NAMED_UNIT ( * ) SI_UNIT ( $, .STERADIAN. ) SOLID_ANGLE_UNIT ( ) );
#3203 = ORIENTED_EDGE ( 'NONE', *, *, #4143, .T. ) ;
#3204 = ORIENTED_EDGE ( 'NONE', *, *, #5031, .T. ) ;
#3205 = VERTEX_POINT ( 'NONE', #5785 ) ;
#3206 = DIRECTION ( 'NONE',  ( -1.000000000000000000, 0.000000000000000000, 0.000000000000000000 ) ) ;
#3207 = CARTESIAN_POINT ( 'NONE',  ( -5.349999999999999645, -0.0009999980543360167951, -13.70000000000000107 ) ) ;
#3208 = LINE ( 'NONE', #907, #3003 ) ;
#3209 = ORIENTED_EDGE ( 'NONE', *, *, #3, .T. ) ;
#3210 = CARTESIAN_POINT ( 'NONE',  ( 6.850000000000000533, 4.750000000000000000, -11.90000000000000036 ) ) ;
#3211 = VERTEX_POINT ( 'NONE', #3979 ) ;
#3212 = LINE ( 'NONE', #878, #4628 ) ;
#3213 = EDGE_CURVE ( 'NONE', #5256, #789, #4507, .T. ) ;
#3214 = UNCERTAINTY_MEASURE_WITH_UNIT (LENGTH_MEASURE( 1.000000000000000082E-05 ), #3549, 'distance_accuracy_value', 'NONE');
#3215 = ORIENTED_EDGE ( 'NONE', *, *, #4709, .T. ) ;
#3216 = DIRECTION ( 'NONE',  ( -0.000000000000000000, -0.000000000000000000, -1.000000000000000000 ) ) ;
#3217 = CARTESIAN_POINT ( 'NONE',  ( -10.25000000000000000, 0.000000000000000000, -6.675000000000001599 ) ) ;
#3218 = VECTOR ( 'NONE', #7089, 1000.000000000000000 ) ;
#3219 = DIRECTION ( 'NONE',  ( -0.6156614754824263347, -0.7880107534842414330, 0.000000000000000000 ) ) ;
#3220 =( GEOMETRIC_REPRESENTATION_CONTEXT ( 3 ) GLOBAL_UNCERTAINTY_ASSIGNED_CONTEXT ( ( #403 ) ) GLOBAL_UNIT_ASSIGNED_CONTEXT ( ( #5089, #2070, #1385 ) ) REPRESENTATION_CONTEXT ( 'NONE', 'WORKASPACE' ) );
#3221 = DIRECTION ( 'NONE',  ( -0.7880107540897639540, 0.6156614747073927418, 0.000000000000000000 ) ) ;
#3222 = EDGE_LOOP ( 'NONE', ( #2345, #6455, #480, #805 ) ) ;
#3223 = CARTESIAN_POINT ( 'NONE',  ( 4.499999998999999917, -3.404123201799999610, -2.849999999999999645 ) ) ;
#3224 = CARTESIAN_POINT ( 'NONE',  ( -3.534155546000000037, 10.25370469200000123, -13.75000000000000000 ) ) ;
#3225 = CARTESIAN_POINT ( 'NONE',  ( 0.000000000000000000, 10.00000000000000000, -10.25000000000000000 ) ) ;
#3226 = ORIENTED_EDGE ( 'NONE', *, *, #3488, .F. ) ;
#3227 = VECTOR ( 'NONE', #3142, 1000.000000000000114 ) ;
#3228 = CARTESIAN_POINT ( 'NONE',  ( 0.000000000000000000, 8.361619849000003768, -10.25000000000000000 ) ) ;
#3229 = CARTESIAN_POINT ( 'NONE',  ( -0.5250000000000002442, 19.50000000000000000, 0.000000000000000000 ) ) ;
#3230 = EDGE_CURVE ( 'NONE', #6178, #1846, #1509, .T. ) ;
#3231 = EDGE_CURVE ( 'NONE', #1484, #5536, #6886, .T. ) ;
#3232 = DIRECTION ( 'NONE',  ( -0.000000000000000000, -0.000000000000000000, -1.000000000000000000 ) ) ;
#3233 = VECTOR ( 'NONE', #1760, 1000.000000000000114 ) ;
#3234 = CARTESIAN_POINT ( 'NONE',  ( -7.150000000000000355, -3.500000000000000444, -12.50000000000000000 ) ) ;
#3235 = EDGE_LOOP ( 'NONE', ( #468, #4210, #5838, #1836, #6235, #1229, #5220, #4379, #2662, #716, #1705, #2215 ) ) ;
#3236 = CARTESIAN_POINT ( 'NONE',  ( 6.850000000000000533, 4.750000000000000000, -11.90000000000000036 ) ) ;
#3237 = VECTOR ( 'NONE', #5774, 1000.000000000000114 ) ;
#3238 = EDGE_CURVE ( 'NONE', #362, #4805, #2727, .T. ) ;
#3239 = DIRECTION ( 'NONE',  ( -0.000000000000000000, -0.000000000000000000, 1.000000000000000000 ) ) ;
#3240 = DIRECTION ( 'NONE',  ( -0.000000000000000000, 1.000000000000000000, -0.000000000000000000 ) ) ;
#3241 = DIRECTION ( 'NONE',  ( -1.000000000000000000, 0.000000000000000000, 0.000000000000000000 ) ) ;
#3242 = EDGE_LOOP ( 'NONE', ( #6907, #3868, #6337, #3994 ) ) ;
#3243 = VECTOR ( 'NONE', #5039, 1000.000000000000000 ) ;
#3244 = ORIENTED_EDGE ( 'NONE', *, *, #7297, .T. ) ;
#3245 = FACE_OUTER_BOUND ( 'NONE', #2541, .T. ) ;
#3246 = DIRECTION ( 'NONE',  ( 1.000000000000000000, -0.000000000000000000, -0.000000000000000000 ) ) ;
#3247 = AXIS2_PLACEMENT_3D ( 'NONE', #3035, #7797, #3660 ) ;
#3248 = CARTESIAN_POINT ( 'NONE',  ( -0.8750000000000001110, 3.049999999999999822, -8.150000000000000355 ) ) ;
#3249 = ORIENTED_EDGE ( 'NONE', *, *, #2097, .T. ) ;
#3250 = MECHANICAL_DESIGN_GEOMETRIC_PRESENTATION_REPRESENTATION (  '', ( #715 ), #1887 ) ;
#3251 = ORIENTED_EDGE ( 'NONE', *, *, #4006, .T. ) ;
#3252 = CARTESIAN_POINT ( 'NONE',  ( -5.000000000000000000, 13.70000000000000107, -12.62500000000000000 ) ) ;
#3253 = CARTESIAN_POINT ( 'NONE',  ( 5.349999999119978256, 1.449999999999999956, -13.35000000000000320 ) ) ;
#3254 = CIRCLE ( 'NONE', #4764, 0.5000000000000004441 ) ;
#3255 = DIRECTION ( 'NONE',  ( -0.000000000000000000, 1.000000000000000000, -0.000000000000000000 ) ) ;
#3256 = ORIENTED_EDGE ( 'NONE', *, *, #1417, .F. ) ;
#3257 = DIRECTION ( 'NONE',  ( -0.000000000000000000, -0.000000000000000000, 1.000000000000000000 ) ) ;
#3258 = CARTESIAN_POINT ( 'NONE',  ( 0.3000000000000000444, 7.241619849000000109, -10.25000000000000000 ) ) ;
#3259 = MECHANICAL_DESIGN_GEOMETRIC_PRESENTATION_REPRESENTATION (  '', ( #6186 ), #6181 ) ;
#3260 = VERTEX_POINT ( 'NONE', #231 ) ;
#3261 = LINE ( 'NONE', #4502, #3340 ) ;
#3262 = CARTESIAN_POINT ( 'NONE',  ( -2.117469151871505861, 11.28227801627318527, -10.25000000000000000 ) ) ;
#3263 = CARTESIAN_POINT ( 'NONE',  ( 3.500000000000000000, 10.00000000000000000, 0.000000000000000000 ) ) ;
#3264 = AXIS2_PLACEMENT_3D ( 'NONE', #244, #6899, #6308 ) ;
#3265 = EDGE_CURVE ( 'NONE', #2263, #4453, #2148, .T. ) ;
#3266 = DIRECTION ( 'NONE',  ( 0.000000000000000000, 1.000000000000000000, 0.000000000000000000 ) ) ;
#3267 = DIRECTION ( 'NONE',  ( -0.000000000000000000, -0.000000000000000000, -1.000000000000000000 ) ) ;
#3268 = CARTESIAN_POINT ( 'NONE',  ( -2.462239577499999665, 10.84099199499999955, -10.25000000000000000 ) ) ;
#3269 = ORIENTED_EDGE ( 'NONE', *, *, #3918, .T. ) ;
#3270 = ORIENTED_EDGE ( 'NONE', *, *, #5859, .F. ) ;
#3271 = LINE ( 'NONE', #818, #2855 ) ;
#3272 = VECTOR ( 'NONE', #1937, 1000.000000000000227 ) ;
#3273 = PRESENTATION_LAYER_ASSIGNMENT (  '', '', ( #5697 ) ) ;
#3274 = CARTESIAN_POINT ( 'NONE',  ( 2.678207951999999725, 7.912499774899999672, -11.90000000000000036 ) ) ;
#3275 = CARTESIAN_POINT ( 'NONE',  ( 6.460000000000000853, 0.000000000000000000, -4.400000000000000355 ) ) ;
#3276 = CARTESIAN_POINT ( 'NONE',  ( 0.000000000000000000, 8.125000000089720231, -13.35000000032535183 ) ) ;
#3277 = STYLED_ITEM ( 'NONE', ( #1491 ), #4718 ) ;
#3278 = ADVANCED_FACE ( 'NONE', ( #4542 ), #3942, .T. ) ;
#3279 = EDGE_LOOP ( 'NONE', ( #4447, #1922, #1099, #3636, #2621, #2161 ) ) ;
#3280 = VECTOR ( 'NONE', #7389, 1000.000000000000000 ) ;
#3281 = ADVANCED_FACE ( 'NONE', ( #7602 ), #2762, .T. ) ;
#3282 = ORIENTED_EDGE ( 'NONE', *, *, #4237, .F. ) ;
#3283 = ORIENTED_EDGE ( 'NONE', *, *, #3, .F. ) ;
#3284 = PLANE ( 'NONE',  #2222 ) ;
#3285 = DIRECTION ( 'NONE',  ( 0.000000000000000000, 0.000000000000000000, 1.000000000000000000 ) ) ;
#3286 = MECHANICAL_DESIGN_GEOMETRIC_PRESENTATION_REPRESENTATION (  '', ( #3655 ), #5181 ) ;
#3287 = EDGE_CURVE ( 'NONE', #4357, #5177, #6010, .T. ) ;
#3288 = EDGE_LOOP ( 'NONE', ( #7497, #3929, #5946, #1323 ) ) ;
#3289 = VECTOR ( 'NONE', #7351, 1000.000000000000000 ) ;
#3290 = VERTEX_POINT ( 'NONE', #1664 ) ;
#3291 = DIRECTION ( 'NONE',  ( 1.000000000000000000, 0.000000000000000000, 0.000000000000000000 ) ) ;
#3292 = VERTEX_POINT ( 'NONE', #4723 ) ;
#3293 = CARTESIAN_POINT ( 'NONE',  ( 0.6831000000000001515, 9.316900000000000404, -13.35000000000000320 ) ) ;
#3294 = CARTESIAN_POINT ( 'NONE',  ( -9.200000003999999620, 19.50000000000000000, -0.9499999992999997867 ) ) ;
#3295 = FILL_AREA_STYLE ('',( #5380 ) ) ;
#3296 =( GEOMETRIC_REPRESENTATION_CONTEXT ( 3 ) GLOBAL_UNCERTAINTY_ASSIGNED_CONTEXT ( ( #494 ) ) GLOBAL_UNIT_ASSIGNED_CONTEXT ( ( #644, #4927, #2367 ) ) REPRESENTATION_CONTEXT ( 'NONE', 'WORKASPACE' ) );
#3297 = VERTEX_POINT ( 'NONE', #2251 ) ;
#3298 = CARTESIAN_POINT ( 'NONE',  ( 0.3500000000000000333, 6.879999999879999883, -13.35000000026666811 ) ) ;
#3299 = LINE ( 'NONE', #2602, #628 ) ;
#3300 = VECTOR ( 'NONE', #7017, 1000.000000000000000 ) ;
#3301 = ORIENTED_EDGE ( 'NONE', *, *, #4494, .F. ) ;
#3302 = CARTESIAN_POINT ( 'NONE',  ( -1.700000000000000178, 2.704782775500000458, 0.000000000000000000 ) ) ;
#3303 = DIRECTION ( 'NONE',  ( 0.000000000000000000, 0.000000000000000000, 1.000000000000000000 ) ) ;
#3304 = CARTESIAN_POINT ( 'NONE',  ( -0.8750000000000001110, 2.200000000000000178, -3.899999999999999911 ) ) ;
#3305 = AXIS2_PLACEMENT_3D ( 'NONE', #4452, #6861, #7292 ) ;
#3306 = DIRECTION ( 'NONE',  ( -0.6977825175943508373, -0.7163096803336455043, 0.000000000000000000 ) ) ;
#3307 =( NAMED_UNIT ( * ) SI_UNIT ( $, .STERADIAN. ) SOLID_ANGLE_UNIT ( ) );
#3308 = DIRECTION ( 'NONE',  ( 0.000000000000000000, 0.000000000000000000, 1.000000000000000000 ) ) ;
#3309 = DIRECTION ( 'NONE',  ( -0.6977825096479751688, 0.7163096880744901362, 0.000000000000000000 ) ) ;
#3310 = EDGE_LOOP ( 'NONE', ( #5652, #1283, #1856, #4745 ) ) ;
#3311 = EDGE_CURVE ( 'NONE', #5032, #6652, #4055, .T. ) ;
#3312 = COLOUR_RGB ( '',0.7529411764705882248, 0.7529411764705882248, 0.7529411764705882248 ) ;
#3313 = LINE ( 'NONE', #5753, #3890 ) ;
#3314 = DIRECTION ( 'NONE',  ( 0.7163096843182283902, 0.6977825135039713578, -0.000000000000000000 ) ) ;
#3315 = EDGE_CURVE ( 'NONE', #6764, #7427, #7711, .T. ) ;
#3316 =( NAMED_UNIT ( * ) SI_UNIT ( $, .STERADIAN. ) SOLID_ANGLE_UNIT ( ) );
#3317 = STYLED_ITEM ( 'NONE', ( #852 ), #6966 ) ;
#3318 = EDGE_LOOP ( 'NONE', ( #674, #921, #4882, #1923, #1481, #173, #2573, #2896 ) ) ;
#3319 = ORIENTED_EDGE ( 'NONE', *, *, #1973, .T. ) ;
#3320 = ORIENTED_EDGE ( 'NONE', *, *, #2706, .T. ) ;
#3321 = CARTESIAN_POINT ( 'NONE',  ( 0.8000000000000000444, 6.500000000000000888, -10.25000000000000000 ) ) ;
#3322 = PLANE ( 'NONE',  #4731 ) ;
#3323 = ADVANCED_FACE ( 'NONE', ( #4339 ), #4300, .F. ) ;
#3324 = ADVANCED_FACE ( 'NONE', ( #3245 ), #4482, .F. ) ;
#3325 = ORIENTED_EDGE ( 'NONE', *, *, #2054, .F. ) ;
#3326 = SURFACE_SIDE_STYLE ('',( #4487 ) ) ;
#3327 = DIRECTION ( 'NONE',  ( 0.7547095804522767626, -0.6560590287264921328, -0.000000000000000000 ) ) ;
#3328 = FILL_AREA_STYLE_COLOUR ( '', #975 ) ;
#3329 = EDGE_CURVE ( 'NONE', #3290, #4894, #870, .T. ) ;
#3330 = CYLINDRICAL_SURFACE ( 'NONE', #2048, 0.5000000000000004441 ) ;
#3331 = FILL_AREA_STYLE ('',( #6788 ) ) ;
#3332 = ORIENTED_EDGE ( 'NONE', *, *, #3806, .T. ) ;
#3333 =( NAMED_UNIT ( * ) SI_UNIT ( $, .STERADIAN. ) SOLID_ANGLE_UNIT ( ) );
#3334 = CARTESIAN_POINT ( 'NONE',  ( -0.8750000000000001110, 3.869152044321892081, -8.723576436304064430 ) ) ;
#3335 = FACE_OUTER_BOUND ( 'NONE', #1371, .T. ) ;
#3336 = ORIENTED_EDGE ( 'NONE', *, *, #7775, .T. ) ;
#3337 = CARTESIAN_POINT ( 'NONE',  ( -2.898589166999999911, -3.000000000000000000, -15.50000000000000000 ) ) ;
#3338 = FILL_AREA_STYLE ('',( #462 ) ) ;
#3339 = AXIS2_PLACEMENT_3D ( 'NONE', #3881, #4951, #5634 ) ;
#3340 = VECTOR ( 'NONE', #3900, 1000.000000000000114 ) ;
#3341 = DIRECTION ( 'NONE',  ( -0.000000000000000000, 0.000000000000000000, 1.000000000000000000 ) ) ;
#3342 = CARTESIAN_POINT ( 'NONE',  ( -2.296206600999999736, 7.358516468999998672, 0.000000000000000000 ) ) ;
#3343 = CARTESIAN_POINT ( 'NONE',  ( 0.000000000000000000, 3.869152044284927872, -8.723576436356855979 ) ) ;
#3344 = FILL_AREA_STYLE ('',( #2181 ) ) ;
#3345 = CARTESIAN_POINT ( 'NONE',  ( 0.3500000000000000333, 0.000000000000000000, -12.50000000000000000 ) ) ;
#3346 = AXIS2_PLACEMENT_3D ( 'NONE', #4881, #2363, #20 ) ;
#3347 = CARTESIAN_POINT ( 'NONE',  ( 0.3000000000000000444, 7.241619848854782937, 0.000000000000000000 ) ) ;
#3348 = ORIENTED_EDGE ( 'NONE', *, *, #6884, .F. ) ;
#3349 = PLANE ( 'NONE',  #6038 ) ;
#3350 = VECTOR ( 'NONE', #4878, 1000.000000000000000 ) ;
#3351 = PRESENTATION_STYLE_ASSIGNMENT (( #6851 ) ) ;
#3352 = EDGE_CURVE ( 'NONE', #4865, #3495, #7375, .T. ) ;
#3353 = ORIENTED_EDGE ( 'NONE', *, *, #4349, .T. ) ;
#3354 = DIRECTION ( 'NONE',  ( 0.000000000000000000, -1.000000000000000000, 0.000000000000000000 ) ) ;
#3355 = ORIENTED_EDGE ( 'NONE', *, *, #7451, .F. ) ;
#3356 = VECTOR ( 'NONE', #1703, 1000.000000000000000 ) ;
#3357 = VERTEX_POINT ( 'NONE', #905 ) ;
#3358 = SURFACE_STYLE_USAGE ( .BOTH. , #3958 ) ;
#3359 = CARTESIAN_POINT ( 'NONE',  ( 0.000000000000000000, 10.00000000000000000, -10.25000000000000000 ) ) ;
#3360 = FACE_OUTER_BOUND ( 'NONE', #5386, .T. ) ;
#3361 = EDGE_LOOP ( 'NONE', ( #7413, #4087, #7771, #2938, #1642, #2790, #2174, #5607 ) ) ;
#3362 = ADVANCED_FACE ( 'NONE', ( #7574 ), #6414, .T. ) ;
#3363 = CARTESIAN_POINT ( 'NONE',  ( -2.038726125005490442, 7.627784118740639663, -13.35000000000000320 ) ) ;
#3364 = DIRECTION ( 'NONE',  ( -1.000000000000000000, 0.000000000000000000, 0.000000000000000000 ) ) ;
#3365 = CARTESIAN_POINT ( 'NONE',  ( 7.849999999999999645, 0.3999999959800001337, -12.82499999999999929 ) ) ;
#3366 = UNCERTAINTY_MEASURE_WITH_UNIT (LENGTH_MEASURE( 1.000000000000000082E-05 ), #2992, 'distance_accuracy_value', 'NONE');
#3367 = AXIS2_PLACEMENT_3D ( 'NONE', #3263, #7556, #5661 ) ;
#3368 = CARTESIAN_POINT ( 'NONE',  ( -0.3500000000000000333, 0.4000000000000003553, -13.75000000000000000 ) ) ;
#3369 = CARTESIAN_POINT ( 'NONE',  ( 3.500000000000000000, 10.00000000000000000, 0.000000000000000000 ) ) ;
#3370 = COLOUR_RGB ( '',0.7529411764705882248, 0.7529411764705882248, 0.7529411764705882248 ) ;
#3371 = ORIENTED_EDGE ( 'NONE', *, *, #7878, .T. ) ;
#3372 = DIRECTION ( 'NONE',  ( 0.000000000000000000, 0.000000000000000000, 1.000000000000000000 ) ) ;
#3373 = DIRECTION ( 'NONE',  ( 1.000000000000000000, 0.000000000000000000, 0.000000000000000000 ) ) ;
#3374 = EDGE_CURVE ( 'NONE', #124, #930, #3957, .T. ) ;
#3375 = CARTESIAN_POINT ( 'NONE',  ( -1.583247330000000064, 7.721406364999999994, -5.125000000000000000 ) ) ;
#3376 = EDGE_CURVE ( 'NONE', #2162, #1941, #6375, .T. ) ;
#3377 =( LENGTH_UNIT ( ) NAMED_UNIT ( * ) SI_UNIT ( .MILLI., .METRE. ) );
#3378 = ORIENTED_EDGE ( 'NONE', *, *, #1357, .F. ) ;
#3379 = DIRECTION ( 'NONE',  ( 0.000000000000000000, 0.000000000000000000, -1.000000000000000000 ) ) ;
#3380 = SURFACE_SIDE_STYLE ('',( #924 ) ) ;
#3381 = LINE ( 'NONE', #925, #850 ) ;
#3382 = SURFACE_STYLE_USAGE ( .BOTH. , #1829 ) ;
#3383 = CIRCLE ( 'NONE', #1899, 0.5000000000000004441 ) ;
#3384 = FILL_AREA_STYLE_COLOUR ( '', #2167 ) ;
#3385 = CARTESIAN_POINT ( 'NONE',  ( -0.3500000000000000333, 0.000000000000000000, -13.35000000000000320 ) ) ;
#3386 = VERTEX_POINT ( 'NONE', #5179 ) ;
#3387 = DIRECTION ( 'NONE',  ( -0.000000000000000000, -0.000000000000000000, -1.000000000000000000 ) ) ;
#3388 = CARTESIAN_POINT ( 'NONE',  ( -1.350000005200000297, 9.578299723000000654, -10.25000000000000178 ) ) ;
#3389 = DIRECTION ( 'NONE',  ( 1.000000000000000000, 0.000000000000000000, 0.000000000000000000 ) ) ;
#3390 = AXIS2_PLACEMENT_3D ( 'NONE', #699, #6768, #785 ) ;
#3391 = PLANE ( 'NONE',  #7074 ) ;
#3392 = CARTESIAN_POINT ( 'NONE',  ( 7.859999997000000960, 0.000000000000000000, -6.675000000000001599 ) ) ;
#3393 = DIRECTION ( 'NONE',  ( 1.000000000000000000, -8.896017825522087613E-16, 0.000000000000000000 ) ) ;
#3394 = ORIENTED_EDGE ( 'NONE', *, *, #1485, .F. ) ;
#3395 = VECTOR ( 'NONE', #6333, 1000.000000000000000 ) ;
#3396 = ORIENTED_EDGE ( 'NONE', *, *, #3129, .T. ) ;
#3397 =( LENGTH_UNIT ( ) NAMED_UNIT ( * ) SI_UNIT ( .MILLI., .METRE. ) );
#3398 = FILL_AREA_STYLE ('',( #5339 ) ) ;
#3399 = EDGE_CURVE ( 'NONE', #3466, #2710, #5867, .T. ) ;
#3400 =( GEOMETRIC_REPRESENTATION_CONTEXT ( 3 ) GLOBAL_UNCERTAINTY_ASSIGNED_CONTEXT ( ( #5919 ) ) GLOBAL_UNIT_ASSIGNED_CONTEXT ( ( #5842, #2822, #5270 ) ) REPRESENTATION_CONTEXT ( 'NONE', 'WORKASPACE' ) );
#3401 = STYLED_ITEM ( 'NONE', ( #1029 ), #3839 ) ;
#3402 = VERTEX_POINT ( 'NONE', #3321 ) ;
#3403 = LINE ( 'NONE', #1531, #3300 ) ;
#3404 = CARTESIAN_POINT ( 'NONE',  ( -1.583247329717746510, 7.721406365324695820, -10.25000000000000178 ) ) ;
#3405 = VERTEX_POINT ( 'NONE', #4587 ) ;
#3406 = AXIS2_PLACEMENT_3D ( 'NONE', #6532, #2891, #6567 ) ;
#3407 = EDGE_CURVE ( 'NONE', #7172, #3183, #5691, .T. ) ;
#3408 = ADVANCED_FACE ( 'NONE', ( #4654 ), #7012, .F. ) ;
#3409 =( LENGTH_UNIT ( ) NAMED_UNIT ( * ) SI_UNIT ( .MILLI., .METRE. ) );
#3410 = VECTOR ( 'NONE', #7520, 1000.000000000000000 ) ;
#3411 = VERTEX_POINT ( 'NONE', #6451 ) ;
#3412 = FACE_OUTER_BOUND ( 'NONE', #3242, .T. ) ;
#3413 =( NAMED_UNIT ( * ) SI_UNIT ( $, .STERADIAN. ) SOLID_ANGLE_UNIT ( ) );
#3414 = VERTEX_POINT ( 'NONE', #2928 ) ;
#3415 = CYLINDRICAL_SURFACE ( 'NONE', #7001, 7.900000000000000355 ) ;
#3416 = AXIS2_PLACEMENT_3D ( 'NONE', #5005, #6791, #6876 ) ;
#3417 = CARTESIAN_POINT ( 'NONE',  ( 5.349999999999999645, -3.531194000000000166, -15.50000000000000000 ) ) ;
#3418 = EDGE_CURVE ( 'NONE', #6726, #3934, #6061, .T. ) ;
#3419 = ADVANCED_FACE ( 'NONE', ( #1139 ), #2604, .F. ) ;
#3420 = AXIS2_PLACEMENT_3D ( 'NONE', #5216, #1097, #7646 ) ;
#3421 = LINE ( 'NONE', #2800, #6328 ) ;
#3422 = VERTEX_POINT ( 'NONE', #7434 ) ;
#3423 = DIRECTION ( 'NONE',  ( 1.000000000000000000, 0.000000000000000000, 0.000000000000000000 ) ) ;
#3424 = MECHANICAL_DESIGN_GEOMETRIC_PRESENTATION_REPRESENTATION (  '', ( #5846 ), #2689 ) ;
#3425 =( NAMED_UNIT ( * ) SI_UNIT ( $, .STERADIAN. ) SOLID_ANGLE_UNIT ( ) );
#3426 = EDGE_CURVE ( 'NONE', #1843, #6267, #4378, .T. ) ;
#3427 = LINE ( 'NONE', #1670, #208 ) ;
#3428 = CARTESIAN_POINT ( 'NONE',  ( 0.000000000000000000, 9.324999999910284387, -13.35000000000000497 ) ) ;
#3429 = AXIS2_PLACEMENT_3D ( 'NONE', #2889, #4655, #2420 ) ;
#3430 = ORIENTED_EDGE ( 'NONE', *, *, #5797, .F. ) ;
#3431 = VERTEX_POINT ( 'NONE', #7241 ) ;
#3432 =( NAMED_UNIT ( * ) PLANE_ANGLE_UNIT ( ) SI_UNIT ( $, .RADIAN. ) );
#3433 =( GEOMETRIC_REPRESENTATION_CONTEXT ( 3 ) GLOBAL_UNCERTAINTY_ASSIGNED_CONTEXT ( ( #6386 ) ) GLOBAL_UNIT_ASSIGNED_CONTEXT ( ( #689, #7356, #108 ) ) REPRESENTATION_CONTEXT ( 'NONE', 'WORKASPACE' ) );
#3434 = ORIENTED_EDGE ( 'NONE', *, *, #7243, .F. ) ;
#3435 = DIRECTION ( 'NONE',  ( -1.000000000000000000, 0.000000000000000000, 0.000000000000000000 ) ) ;
#3436 = ORIENTED_EDGE ( 'NONE', *, *, #6981, .T. ) ;
#3437 = LINE ( 'NONE', #4592, #6497 ) ;
#3438 = AXIS2_PLACEMENT_3D ( 'NONE', #3337, #2247, #7553 ) ;
#3439 = UNCERTAINTY_MEASURE_WITH_UNIT (LENGTH_MEASURE( 1.000000000000000082E-05 ), #4254, 'distance_accuracy_value', 'NONE');
#3440 = CARTESIAN_POINT ( 'NONE',  ( -5.500000000000000000, 0.000000000000000000, -3.149999999999999911 ) ) ;
#3441 = LINE ( 'NONE', #4037, #3782 ) ;
#3442 = ADVANCED_FACE ( 'NONE', ( #2380 ), #3580, .T. ) ;
#3443 = ORIENTED_EDGE ( 'NONE', *, *, #2130, .F. ) ;
#3444 = DIRECTION ( 'NONE',  ( 1.000000000000000000, -0.000000000000000000, -0.000000000000000000 ) ) ;
#3445 = ORIENTED_EDGE ( 'NONE', *, *, #7199, .F. ) ;
#3446 = CARTESIAN_POINT ( 'NONE',  ( 5.349999999999999645, 1.699000000000000288, -14.42500000000000071 ) ) ;
#3447 = DIRECTION ( 'NONE',  ( 1.000000000000000000, 0.000000000000000000, 0.000000000000000000 ) ) ;
#3448 = CARTESIAN_POINT ( 'NONE',  ( 7.149999999999999467, 0.6002500000000000613, -13.35000000039999968 ) ) ;
#3449 =( NAMED_UNIT ( * ) SI_UNIT ( $, .STERADIAN. ) SOLID_ANGLE_UNIT ( ) );
#3450 = CARTESIAN_POINT ( 'NONE',  ( -5.349999999999999645, -3.000000000000000000, -14.50000000000000000 ) ) ;
#3451 = SURFACE_STYLE_FILL_AREA ( #1621 ) ;
#3452 = DIRECTION ( 'NONE',  ( 1.000000000000000000, 0.000000000000000000, 0.000000000000000000 ) ) ;
#3453 = ORIENTED_EDGE ( 'NONE', *, *, #599, .T. ) ;
#3454 = EDGE_CURVE ( 'NONE', #1320, #2504, #2523, .T. ) ;
#3455 = AXIS2_PLACEMENT_3D ( 'NONE', #4281, #3679, #670 ) ;
#3456 = ADVANCED_FACE ( 'NONE', ( #7767 ), #6792, .T. ) ;
#3457 = CARTESIAN_POINT ( 'NONE',  ( -4.500000000000000888, -3.404123204000000236, -3.000000000000000000 ) ) ;
#3458 = DIRECTION ( 'NONE',  ( 1.000000000000000000, 0.000000000000000000, 0.000000000000000000 ) ) ;
#3459 = CARTESIAN_POINT ( 'NONE',  ( 4.499999999750000867, -0.01000000000000003664, -3.149999999999999911 ) ) ;
#3460 = AXIS2_PLACEMENT_3D ( 'NONE', #1394, #1352, #5713 ) ;
#3461 = FILL_AREA_STYLE ('',( #2883 ) ) ;
#3462 = COLOUR_RGB ( '',0.7529411764705882248, 0.7529411764705882248, 0.7529411764705882248 ) ;
#3463 = ORIENTED_EDGE ( 'NONE', *, *, #7254, .F. ) ;
#3464 = ADVANCED_FACE ( 'NONE', ( #5570 ), #1755, .T. ) ;
#3465 = ADVANCED_FACE ( 'NONE', ( #771 ), #1101, .F. ) ;
#3466 = VERTEX_POINT ( 'NONE', #261 ) ;
#3467 = CARTESIAN_POINT ( 'NONE',  ( 5.500000000000000000, 1.100000000000000089, -3.149999999999999911 ) ) ;
#3468 = STYLED_ITEM ( 'NONE', ( #1506 ), #1081 ) ;
#3469 = AXIS2_PLACEMENT_3D ( 'NONE', #6830, #5078, #6200 ) ;
#3470 = PRESENTATION_STYLE_ASSIGNMENT (( #7105 ) ) ;
#3471 = CARTESIAN_POINT ( 'NONE',  ( 3.096206600999999559, 7.358516468999998672, -10.25000000000000000 ) ) ;
#3472 =( NAMED_UNIT ( * ) SI_UNIT ( $, .STERADIAN. ) SOLID_ANGLE_UNIT ( ) );
#3473 = VECTOR ( 'NONE', #7600, 1000.000000000000000 ) ;
#3474 = DIRECTION ( 'NONE',  ( 0.6427876098746131417, -0.7660444429611653616, -0.000000000000000000 ) ) ;
#3475 = VERTEX_POINT ( 'NONE', #5122 ) ;
#3476 = EDGE_CURVE ( 'NONE', #4558, #7831, #6465, .T. ) ;
#3477 = DIRECTION ( 'NONE',  ( -1.000000000000000000, -0.000000000000000000, -0.000000000000000000 ) ) ;
#3478 = VERTEX_POINT ( 'NONE', #215 ) ;
#3479 = SURFACE_SIDE_STYLE ('',( #4080 ) ) ;
#3480 = AXIS2_PLACEMENT_3D ( 'NONE', #3895, #6327, #1543 ) ;
#3481 = CARTESIAN_POINT ( 'NONE',  ( -3.500000000000000000, 10.00000000000000000, 0.000000000000000000 ) ) ;
#3482 = ORIENTED_EDGE ( 'NONE', *, *, #6460, .F. ) ;
#3483 = CARTESIAN_POINT ( 'NONE',  ( 4.649999999999999467, 1.699000000000000288, -13.35000000039999968 ) ) ;
#3484 = DIRECTION ( 'NONE',  ( -0.2876062384945427541, -0.6459741880460925234, -0.7071067811562915528 ) ) ;
#3485 = ORIENTED_EDGE ( 'NONE', *, *, #565, .F. ) ;
#3486 = LINE ( 'NONE', #922, #1577 ) ;
#3487 = DIRECTION ( 'NONE',  ( -0.9391228521203213164, -0.3435815312635316920, 0.000000000000000000 ) ) ;
#3488 = EDGE_CURVE ( 'NONE', #729, #7723, #4527, .T. ) ;
#3489 = VECTOR ( 'NONE', #3232, 1000.000000000000000 ) ;
#3490 = ORIENTED_EDGE ( 'NONE', *, *, #4350, .T. ) ;
#3491 = CARTESIAN_POINT ( 'NONE',  ( -7.859999999999998543, 1.000000000000000000, -4.400000000000001243 ) ) ;
#3492 = CARTESIAN_POINT ( 'NONE',  ( -5.500000000000000000, 2.200000000000000178, -3.000000000000000000 ) ) ;
#3493 =( NAMED_UNIT ( * ) PLANE_ANGLE_UNIT ( ) SI_UNIT ( $, .RADIAN. ) );
#3494 = VECTOR ( 'NONE', #7772, 1000.000000000000000 ) ;
#3495 = VERTEX_POINT ( 'NONE', #6238 ) ;
#3496 = CARTESIAN_POINT ( 'NONE',  ( -7.160000000000000142, 1.000000000000000000, -11.99999999845000254 ) ) ;
#3497 = CARTESIAN_POINT ( 'NONE',  ( 4.999999999999999112, -0.001000000000000000238, -11.90000000000000036 ) ) ;
#3498 = ADVANCED_FACE ( 'NONE', ( #3967 ), #6387, .T. ) ;
#3499 = MECHANICAL_DESIGN_GEOMETRIC_PRESENTATION_REPRESENTATION (  '', ( #5144 ), #5409 ) ;
#3500 = CARTESIAN_POINT ( 'NONE',  ( -0.5250000000000002442, 2.200000003500000467, 0.000000000000000000 ) ) ;
#3501 = DIRECTION ( 'NONE',  ( 0.000000000000000000, 0.000000000000000000, 1.000000000000000000 ) ) ;
#3502 = DIRECTION ( 'NONE',  ( -0.000000000000000000, -0.000000000000000000, -1.000000000000000000 ) ) ;
#3503 = ORIENTED_EDGE ( 'NONE', *, *, #1417, .T. ) ;
#3504 = FILL_AREA_STYLE ('',( #1337 ) ) ;
#3505 = DIRECTION ( 'NONE',  ( 0.000000000000000000, 0.000000000000000000, 1.000000000000000000 ) ) ;
#3506 = STYLED_ITEM ( 'NONE', ( #375 ), #2937 ) ;
#3507 = FACE_OUTER_BOUND ( 'NONE', #6642, .T. ) ;
#3508 = DIRECTION ( 'NONE',  ( 0.000000000000000000, -0.000000000000000000, 1.000000000000000000 ) ) ;
#3509 = LINE ( 'NONE', #7725, #5828 ) ;
#3510 = EDGE_CURVE ( 'NONE', #7405, #4563, #2060, .T. ) ;
#3511 = CARTESIAN_POINT ( 'NONE',  ( 2.029642330999999356, 5.470925208999999789, -15.31669394900000114 ) ) ;
#3512 = AXIS2_PLACEMENT_3D ( 'NONE', #1381, #6207, #6564 ) ;
#3513 = CARTESIAN_POINT ( 'NONE',  ( 0.000000000000000000, 10.67500000008972094, -13.35000000032535361 ) ) ;
#3514 = ORIENTED_EDGE ( 'NONE', *, *, #5595, .T. ) ;
#3515 = CARTESIAN_POINT ( 'NONE',  ( 1.789995088999999817, 9.105002456000001132, -13.95000000000000107 ) ) ;
#3516 = ORIENTED_EDGE ( 'NONE', *, *, #5818, .T. ) ;
#3517 =( GEOMETRIC_REPRESENTATION_CONTEXT ( 3 ) GLOBAL_UNCERTAINTY_ASSIGNED_CONTEXT ( ( #4171 ) ) GLOBAL_UNIT_ASSIGNED_CONTEXT ( ( #4730, #472, #3576 ) ) REPRESENTATION_CONTEXT ( 'NONE', 'WORKASPACE' ) );
#3518 = VECTOR ( 'NONE', #378, 1000.000000000000114 ) ;
#3519 = EDGE_CURVE ( 'NONE', #1287, #7257, #6350, .T. ) ;
#3520 = EDGE_LOOP ( 'NONE', ( #2999, #5481, #6504, #123 ) ) ;
#3521 = STYLED_ITEM ( 'NONE', ( #5875 ), #4774 ) ;
#3522 = SURFACE_SIDE_STYLE ('',( #4004 ) ) ;
#3523 = STYLED_ITEM ( 'NONE', ( #3099 ), #3961 ) ;
#3524 = SURFACE_STYLE_USAGE ( .BOTH. , #1117 ) ;
#3525 = UNCERTAINTY_MEASURE_WITH_UNIT (LENGTH_MEASURE( 1.000000000000000082E-05 ), #5235, 'distance_accuracy_value', 'NONE');
#3526 = ORIENTED_EDGE ( 'NONE', *, *, #199, .F. ) ;
#3527 = DIRECTION ( 'NONE',  ( -1.000000000000000000, 0.000000000000000000, -0.000000000000000000 ) ) ;
#3528 = CARTESIAN_POINT ( 'NONE',  ( -7.149999999999999467, -3.000000000000000000, -12.50000000000000000 ) ) ;
#3529 = PRESENTATION_STYLE_ASSIGNMENT (( #4842 ) ) ;
#3530 = LINE ( 'NONE', #2832, #4206 ) ;
#3531 = VECTOR ( 'NONE', #4813, 1000.000000000000000 ) ;
#3532 = EDGE_LOOP ( 'NONE', ( #3545, #3683, #3553, #313 ) ) ;
#3533 = FACE_OUTER_BOUND ( 'NONE', #5855, .T. ) ;
#3534 = LINE ( 'NONE', #2448, #2294 ) ;
#3535 = AXIS2_PLACEMENT_3D ( 'NONE', #422, #7638, #5164 ) ;
#3536 = ORIENTED_EDGE ( 'NONE', *, *, #4396, .F. ) ;
#3537 = DIRECTION ( 'NONE',  ( 1.000000000000000000, 0.000000000000000000, 0.000000000000000000 ) ) ;
#3538 =( GEOMETRIC_REPRESENTATION_CONTEXT ( 3 ) GLOBAL_UNCERTAINTY_ASSIGNED_CONTEXT ( ( #1644 ) ) GLOBAL_UNIT_ASSIGNED_CONTEXT ( ( #4124, #5396, #6039 ) ) REPRESENTATION_CONTEXT ( 'NONE', 'WORKASPACE' ) );
#3539 = SURFACE_SIDE_STYLE ('',( #7840 ) ) ;
#3540 = DIRECTION ( 'NONE',  ( 0.7658042754478854297, -0.6430737218280181411, 0.000000000000000000 ) ) ;
#3541 = CARTESIAN_POINT ( 'NONE',  ( -0.3500000000000000333, 0.5000000000000000000, -11.95000000000000107 ) ) ;
#3542 = ADVANCED_FACE ( 'NONE', ( #3846 ), #6278, .F. ) ;
#3543 = DIRECTION ( 'NONE',  ( -0.6156614747073918537, -0.7880107540897646201, -0.000000000000000000 ) ) ;
#3544 = VERTEX_POINT ( 'NONE', #7719 ) ;
#3545 = ORIENTED_EDGE ( 'NONE', *, *, #2039, .T. ) ;
#3546 = CARTESIAN_POINT ( 'NONE',  ( 0.000000000000000000, 6.500000000000000888, -10.25000000000000000 ) ) ;
#3547 = VECTOR ( 'NONE', #2348, 1000.000000000000000 ) ;
#3548 = EDGE_CURVE ( 'NONE', #5032, #7003, #521, .T. ) ;
#3549 =( LENGTH_UNIT ( ) NAMED_UNIT ( * ) SI_UNIT ( .MILLI., .METRE. ) );
#3550 =( NAMED_UNIT ( * ) PLANE_ANGLE_UNIT ( ) SI_UNIT ( $, .RADIAN. ) );
#3551 = EDGE_LOOP ( 'NONE', ( #530, #6534, #2501, #5879, #4114 ) ) ;
#3552 = LINE ( 'NONE', #7727, #1210 ) ;
#3553 = ORIENTED_EDGE ( 'NONE', *, *, #2579, .F. ) ;
#3554 = CARTESIAN_POINT ( 'NONE',  ( 2.998092559199998064, 9.803553087890000128, -11.90000000000000036 ) ) ;
#3555 = ORIENTED_EDGE ( 'NONE', *, *, #6347, .F. ) ;
#3556 = ADVANCED_FACE ( 'NONE', ( #4689 ), #7802, .F. ) ;
#3557 = ADVANCED_FACE ( 'NONE', ( #1047 ), #430, .F. ) ;
#3558 = VECTOR ( 'NONE', #898, 1000.000000000000000 ) ;
#3559 = ORIENTED_EDGE ( 'NONE', *, *, #2713, .F. ) ;
#3560 = COLOUR_RGB ( '',0.7529411764705882248, 0.7529411764705882248, 0.7529411764705882248 ) ;
#3561 = CARTESIAN_POINT ( 'NONE',  ( -1.280121114999999810, 9.359939443000001802, -13.66820397600000092 ) ) ;
#3562 = SURFACE_STYLE_FILL_AREA ( #5353 ) ;
#3563 = EDGE_CURVE ( 'NONE', #1238, #5567, #1710, .T. ) ;
#3564 = ORIENTED_EDGE ( 'NONE', *, *, #6884, .T. ) ;
#3565 = LINE ( 'NONE', #4839, #2731 ) ;
#3566 = DIRECTION ( 'NONE',  ( -0.6430737218280185852, -0.7658042754478850966, 0.000000000000000000 ) ) ;
#3567 =( NAMED_UNIT ( * ) PLANE_ANGLE_UNIT ( ) SI_UNIT ( $, .RADIAN. ) );
#3568 = CARTESIAN_POINT ( 'NONE',  ( -0.8750000000000001110, 3.869152043999999790, -8.723576436000000101 ) ) ;
#3569 = ORIENTED_EDGE ( 'NONE', *, *, #2500, .F. ) ;
#3570 = LINE ( 'NONE', #4338, #7729 ) ;
#3571 = ADVANCED_FACE ( 'NONE', ( #3077 ), #1218, .F. ) ;
#3572 = EDGE_LOOP ( 'NONE', ( #85, #6822, #4949, #3135 ) ) ;
#3573 = CARTESIAN_POINT ( 'NONE',  ( 0.000000000000000000, 6.500000000000000888, -10.25000000000000000 ) ) ;
#3574 = PRESENTATION_STYLE_ASSIGNMENT (( #3699 ) ) ;
#3575 = DIRECTION ( 'NONE',  ( -0.000000000000000000, 1.000000000000000000, -0.000000000000000000 ) ) ;
#3576 =( NAMED_UNIT ( * ) SI_UNIT ( $, .STERADIAN. ) SOLID_ANGLE_UNIT ( ) );
#3577 = FILL_AREA_STYLE_COLOUR ( '', #3024 ) ;
#3578 = DIRECTION ( 'NONE',  ( 0.000000000000000000, 0.000000000000000000, 1.000000000000000000 ) ) ;
#3579 = ORIENTED_EDGE ( 'NONE', *, *, #3374, .F. ) ;
#3580 = PLANE ( 'NONE',  #2157 ) ;
#3581 = CARTESIAN_POINT ( 'NONE',  ( -7.849999999999999645, 0.6002500000000002833, -13.00000000075000095 ) ) ;
#3582 = SURFACE_STYLE_FILL_AREA ( #3398 ) ;
#3583 = DIRECTION ( 'NONE',  ( -0.000000000000000000, -0.000000000000000000, -1.000000000000000000 ) ) ;
#3584 = VECTOR ( 'NONE', #3327, 1000.000000000000114 ) ;
#3585 = AXIS2_PLACEMENT_3D ( 'NONE', #4766, #3109, #4181 ) ;
#3586 = EDGE_CURVE ( 'NONE', #7109, #6888, #6682, .T. ) ;
#3587 = CARTESIAN_POINT ( 'NONE',  ( 3.500000000000000000, 10.00000000000000000, -10.25000000000000000 ) ) ;
#3588 = VERTEX_POINT ( 'NONE', #3622 ) ;
#3589 = DIRECTION ( 'NONE',  ( 1.000000000000000000, 0.000000000000000000, 0.000000000000000000 ) ) ;
#3590 = ORIENTED_EDGE ( 'NONE', *, *, #4622, .T. ) ;
#3591 = CARTESIAN_POINT ( 'NONE',  ( -4.649999999999999467, -4.890887499685303563E-10, -11.90000000000000036 ) ) ;
#3592 = ORIENTED_EDGE ( 'NONE', *, *, #233, .F. ) ;
#3593 = VECTOR ( 'NONE', #1102, 1000.000000000000000 ) ;
#3594 = ORIENTED_EDGE ( 'NONE', *, *, #6602, .T. ) ;
#3595 = UNCERTAINTY_MEASURE_WITH_UNIT (LENGTH_MEASURE( 1.000000000000000082E-05 ), #6467, 'distance_accuracy_value', 'NONE');
#3596 = PRESENTATION_STYLE_ASSIGNMENT (( #3094 ) ) ;
#3597 = VECTOR ( 'NONE', #623, 1000.000000000000000 ) ;
#3598 = ADVANCED_FACE ( 'NONE', ( #7841 ), #1263, .T. ) ;
#3599 = ORIENTED_EDGE ( 'NONE', *, *, #1527, .F. ) ;
#3600 = DIRECTION ( 'NONE',  ( -1.000000000000000000, -0.000000000000000000, -0.000000000000000000 ) ) ;
#3601 = CARTESIAN_POINT ( 'NONE',  ( 0.000000000000000000, 9.105002455999999356, -13.95000000000000462 ) ) ;
#3602 = FACE_OUTER_BOUND ( 'NONE', #626, .T. ) ;
#3603 = ORIENTED_EDGE ( 'NONE', *, *, #5340, .F. ) ;
#3604 = UNCERTAINTY_MEASURE_WITH_UNIT (LENGTH_MEASURE( 1.000000000000000082E-05 ), #5012, 'distance_accuracy_value', 'NONE');
#3605 = ORIENTED_EDGE ( 'NONE', *, *, #340, .T. ) ;
#3606 = CARTESIAN_POINT ( 'NONE',  ( 0.000000000000000000, 2.200000000000000178, -2.849999999999999645 ) ) ;
#3607 = CYLINDRICAL_SURFACE ( 'NONE', #2606, 0.5000000000000004441 ) ;
#3608 = CARTESIAN_POINT ( 'NONE',  ( -0.3500000000000000333, -3.520999999999999908, -13.00000000000000178 ) ) ;
#3609 = EDGE_CURVE ( 'NONE', #2543, #6752, #6801, .T. ) ;
#3610 = VECTOR ( 'NONE', #217, 1000.000000000000000 ) ;
#3611 = EDGE_CURVE ( 'NONE', #7308, #2708, #112, .T. ) ;
#3612 = ORIENTED_EDGE ( 'NONE', *, *, #3717, .T. ) ;
#3613 = FACE_OUTER_BOUND ( 'NONE', #271, .T. ) ;
#3614 = CARTESIAN_POINT ( 'NONE',  ( 5.000000000000000000, 10.80000000000000071, -12.62500000000000000 ) ) ;
#3615 = VERTEX_POINT ( 'NONE', #4308 ) ;
#3616 = LINE ( 'NONE', #7354, #7778 ) ;
#3617 = PRESENTATION_STYLE_ASSIGNMENT (( #4218 ) ) ;
#3618 = MECHANICAL_DESIGN_GEOMETRIC_PRESENTATION_REPRESENTATION (  '', ( #7558 ), #4123 ) ;
#3619 = DIRECTION ( 'NONE',  ( -0.000000000000000000, -0.000000000000000000, -1.000000000000000000 ) ) ;
#3620 = ADVANCED_FACE ( 'NONE', ( #4975 ), #7399, .F. ) ;
#3621 = CARTESIAN_POINT ( 'NONE',  ( -7.150000005866665731, 2.900000000765667441, -11.90000000000000036 ) ) ;
#3622 = CARTESIAN_POINT ( 'NONE',  ( 5.349999999559988950, 1.699000000000000288, -13.35000000000000320 ) ) ;
#3623 = VECTOR ( 'NONE', #5852, 1000.000000000000000 ) ;
#3624 = CARTESIAN_POINT ( 'NONE',  ( -0.3500000000000000333, 0.4000000000000000222, -13.17500000000000249 ) ) ;
#3625 = VERTEX_POINT ( 'NONE', #187 ) ;
#3626 = VERTEX_POINT ( 'NONE', #5010 ) ;
#3627 = FILL_AREA_STYLE ('',( #1877 ) ) ;
#3628 = AXIS2_PLACEMENT_3D ( 'NONE', #1886, #1282, #4240 ) ;
#3629 = CARTESIAN_POINT ( 'NONE',  ( -2.590275603999999898, 11.65167490299999997, 0.000000000000000000 ) ) ;
#3630 = ADVANCED_FACE ( 'NONE', ( #4569 ), #6255, .T. ) ;
#3631 = ORIENTED_EDGE ( 'NONE', *, *, #2000, .T. ) ;
#3632 = PLANE ( 'NONE',  #2859 ) ;
#3633 = ORIENTED_EDGE ( 'NONE', *, *, #5548, .F. ) ;
#3634 = CARTESIAN_POINT ( 'NONE',  ( 5.500000000000000000, 2.200000000000000178, -3.000000000000000000 ) ) ;
#3635 =( GEOMETRIC_REPRESENTATION_CONTEXT ( 3 ) GLOBAL_UNCERTAINTY_ASSIGNED_CONTEXT ( ( #2592 ) ) GLOBAL_UNIT_ASSIGNED_CONTEXT ( ( #6124, #1461, #7482 ) ) REPRESENTATION_CONTEXT ( 'NONE', 'WORKASPACE' ) );
#3636 = ORIENTED_EDGE ( 'NONE', *, *, #2450, .T. ) ;
#3637 = CARTESIAN_POINT ( 'NONE',  ( -1.668680021499999944, 8.537679147500000454, 0.000000000000000000 ) ) ;
#3638 = COLOUR_RGB ( '',0.7529411764705882248, 0.7529411764705882248, 0.7529411764705882248 ) ;
#3639 = CARTESIAN_POINT ( 'NONE',  ( 0.000000000000000000, 6.879999999640000752, -13.35000000000000320 ) ) ;
#3640 = ORIENTED_EDGE ( 'NONE', *, *, #287, .F. ) ;
#3641 = FACE_OUTER_BOUND ( 'NONE', #5669, .T. ) ;
#3642 = CARTESIAN_POINT ( 'NONE',  ( -3.552691728565728901, 5.948377033190258345, -15.50000000000000000 ) ) ;
#3643 = ORIENTED_EDGE ( 'NONE', *, *, #7404, .T. ) ;
#3644 = EDGE_CURVE ( 'NONE', #4776, #6628, #2035, .T. ) ;
#3645 = ORIENTED_EDGE ( 'NONE', *, *, #3586, .T. ) ;
#3646 = VECTOR ( 'NONE', #6409, 1000.000000000000114 ) ;
#3647 = ORIENTED_EDGE ( 'NONE', *, *, #4144, .F. ) ;
#3648 = FACE_OUTER_BOUND ( 'NONE', #4116, .T. ) ;
#3649 = CARTESIAN_POINT ( 'NONE',  ( -0.3500000000000000333, 0.000000000000000000, -13.35000000000000320 ) ) ;
#3650 = EDGE_CURVE ( 'NONE', #3402, #7172, #893, .T. ) ;
#3651 = COLOUR_RGB ( '',0.7529411764705882248, 0.7529411764705882248, 0.7529411764705882248 ) ;
#3652 = VERTEX_POINT ( 'NONE', #3784 ) ;
#3653 = CARTESIAN_POINT ( 'NONE',  ( 0.000000000000000000, 2.899999999999999911, -11.90000000000000036 ) ) ;
#3654 = VERTEX_POINT ( 'NONE', #4430 ) ;
#3655 = STYLED_ITEM ( 'NONE', ( #6885 ), #5208 ) ;
#3656 = DIRECTION ( 'NONE',  ( -0.000000000000000000, -0.000000000000000000, -1.000000000000000000 ) ) ;
#3657 = SURFACE_STYLE_FILL_AREA ( #1827 ) ;
#3658 = EDGE_CURVE ( 'NONE', #6752, #2330, #5620, .T. ) ;
#3659 = EDGE_CURVE ( 'NONE', #4948, #2728, #267, .T. ) ;
#3660 = DIRECTION ( 'NONE',  ( 0.000000000000000000, 0.000000000000000000, 1.000000000000000000 ) ) ;
#3661 = CARTESIAN_POINT ( 'NONE',  ( 9.199999999999999289, 5.000000000000000000, -13.35000000000000320 ) ) ;
#3662 = DIRECTION ( 'NONE',  ( -0.000000000000000000, -0.000000000000000000, -1.000000000000000000 ) ) ;
#3663 = LINE ( 'NONE', #3703, #7473 ) ;
#3664 = ORIENTED_EDGE ( 'NONE', *, *, #1765, .T. ) ;
#3665 = DIRECTION ( 'NONE',  ( -0.6560590287264921328, 0.7547095804522768736, 0.000000000000000000 ) ) ;
#3666 = EDGE_CURVE ( 'NONE', #5137, #3411, #2145, .T. ) ;
#3667 = PLANE ( 'NONE',  #1741 ) ;
#3668 = AXIS2_PLACEMENT_3D ( 'NONE', #6165, #4762, #6009 ) ;
#3669 = CARTESIAN_POINT ( 'NONE',  ( -5.500000000000000000, 1.100000000000000089, -3.149999999999999911 ) ) ;
#3670 = CARTESIAN_POINT ( 'NONE',  ( 0.000000000000000000, 9.324999999910284387, -13.35000000000000497 ) ) ;
#3671 = CARTESIAN_POINT ( 'NONE',  ( 0.000000000000000000, 11.87499999991027977, -13.35000000000000675 ) ) ;
#3672 = ORIENTED_EDGE ( 'NONE', *, *, #6704, .T. ) ;
#3673 = ORIENTED_EDGE ( 'NONE', *, *, #5250, .F. ) ;
#3674 = VECTOR ( 'NONE', #5289, 1000.000000000000000 ) ;
#3675 = DIRECTION ( 'NONE',  ( 0.6156614747073918537, -0.7880107540897646201, 0.000000000000000000 ) ) ;
#3676 = ORIENTED_EDGE ( 'NONE', *, *, #3825, .F. ) ;
#3677 = VERTEX_POINT ( 'NONE', #3491 ) ;
#3678 =( NAMED_UNIT ( * ) PLANE_ANGLE_UNIT ( ) SI_UNIT ( $, .RADIAN. ) );
#3679 = DIRECTION ( 'NONE',  ( -1.000000000000000000, 0.000000000000000000, 0.000000000000000000 ) ) ;
#3680 = VECTOR ( 'NONE', #4850, 1000.000000000000000 ) ;
#3681 = ORIENTED_EDGE ( 'NONE', *, *, #7776, .F. ) ;
#3682 = CARTESIAN_POINT ( 'NONE',  ( 5.499999999549999963, 2.200000000000000178, -2.850000000187499438 ) ) ;
#3683 = ORIENTED_EDGE ( 'NONE', *, *, #5516, .F. ) ;
#3684 = VECTOR ( 'NONE', #196, 1000.000000000000000 ) ;
#3685 = UNCERTAINTY_MEASURE_WITH_UNIT (LENGTH_MEASURE( 1.000000000000000082E-05 ), #230, 'distance_accuracy_value', 'NONE');
#3686 = EDGE_LOOP ( 'NONE', ( #737, #1742, #6084, #5036 ) ) ;
#3687 = CARTESIAN_POINT ( 'NONE',  ( 2.998092555037162210, 9.803553088710680541, -11.90000000000000036 ) ) ;
#3688 = CARTESIAN_POINT ( 'NONE',  ( -4.499999999624116676, -3.404123202795854120, -2.849999999999999645 ) ) ;
#3689 = DIRECTION ( 'NONE',  ( -1.000000000000000000, 0.000000000000000000, 0.000000000000000000 ) ) ;
#3690 = EDGE_CURVE ( 'NONE', #5222, #5, #7793, .T. ) ;
#3691 = STYLED_ITEM ( 'NONE', ( #6996 ), #6919 ) ;
#3692 = VERTEX_POINT ( 'NONE', #6997 ) ;
#3693 =( NAMED_UNIT ( * ) SI_UNIT ( $, .STERADIAN. ) SOLID_ANGLE_UNIT ( ) );
#3694 = DIRECTION ( 'NONE',  ( -0.7880107534842414330, -0.6156614754824262237, -0.000000000000000000 ) ) ;
#3695 =( BOUNDED_CURVE ( )  B_SPLINE_CURVE ( 3, ( #4549, #3913, #1561, #3951 ),
 .UNSPECIFIED., .F., .T. ) 
 B_SPLINE_CURVE_WITH_KNOTS ( ( 4, 4 ),
 ( 1.227422629907670027E-26, 0.002109925405768180683 ),
 .UNSPECIFIED. ) 
 CURVE ( )  GEOMETRIC_REPRESENTATION_ITEM ( )  RATIONAL_B_SPLINE_CURVE ( ( 0.9594150823098012149, 0.3198050274366002199, 0.3198050274366002199, 0.9594150823098012149 ) ) 
 REPRESENTATION_ITEM ( '' )  );
#3696 = ORIENTED_EDGE ( 'NONE', *, *, #992, .T. ) ;
#3697 = VECTOR ( 'NONE', #7141, 1000.000000000000000 ) ;
#3698 = DIRECTION ( 'NONE',  ( -0.000000000000000000, -1.000000000000000000, -0.000000000000000000 ) ) ;
#3699 = SURFACE_STYLE_USAGE ( .BOTH. , #7355 ) ;
#3700 = DIRECTION ( 'NONE',  ( 0.000000000000000000, -0.000000000000000000, 1.000000000000000000 ) ) ;
#3701 = EDGE_CURVE ( 'NONE', #6817, #7172, #609, .T. ) ;
#3702 = ADVANCED_FACE ( 'NONE', ( #3533 ), #5240, .T. ) ;
#3703 = CARTESIAN_POINT ( 'NONE',  ( -0.3500000000000000333, 3.640000000000000124, -13.75000000000000000 ) ) ;
#3704 = DIRECTION ( 'NONE',  ( 1.000000000000000000, 0.000000000000000000, 0.000000000000000000 ) ) ;
#3705 = VERTEX_POINT ( 'NONE', #5966 ) ;
#3706 = DIRECTION ( 'NONE',  ( 1.000000000000000000, 0.000000000000000000, 0.000000000000000000 ) ) ;
#3707 = DIRECTION ( 'NONE',  ( -0.9851187666413689925, -0.1718749999592382172, 0.000000000000000000 ) ) ;
#3708 = DIRECTION ( 'NONE',  ( 1.000000000000000000, -0.000000000000000000, -0.000000000000000000 ) ) ;
#3709 = CARTESIAN_POINT ( 'NONE',  ( 0.5250000000000002442, 10.00000000350000207, -1.700000000000000178 ) ) ;
#3710 = EDGE_CURVE ( 'NONE', #1324, #6450, #3783, .T. ) ;
#3711 = ORIENTED_EDGE ( 'NONE', *, *, #1562, .F. ) ;
#3712 = EDGE_CURVE ( 'NONE', #675, #2753, #3421, .T. ) ;
#3713 = ORIENTED_EDGE ( 'NONE', *, *, #3519, .T. ) ;
#3714 = ORIENTED_EDGE ( 'NONE', *, *, #4775, .F. ) ;
#3715 = VERTEX_POINT ( 'NONE', #603 ) ;
#3716 = AXIS2_PLACEMENT_3D ( 'NONE', #5067, #6900, #2705 ) ;
#3717 = EDGE_CURVE ( 'NONE', #2672, #5315, #4298, .T. ) ;
#3718 = VECTOR ( 'NONE', #597, 1000.000000000000000 ) ;
#3719 = ORIENTED_EDGE ( 'NONE', *, *, #1514, .F. ) ;
#3720 =( NAMED_UNIT ( * ) SI_UNIT ( $, .STERADIAN. ) SOLID_ANGLE_UNIT ( ) );
#3721 = ORIENTED_EDGE ( 'NONE', *, *, #2994, .F. ) ;
#3722 = DIRECTION ( 'NONE',  ( 0.000000000000000000, -1.000000000000000000, 0.000000000000000000 ) ) ;
#3723 = LINE ( 'NONE', #2019, #6657 ) ;
#3724 = COLOUR_RGB ( '',0.7529411764705882248, 0.7529411764705882248, 0.7529411764705882248 ) ;
#3725 = AXIS2_PLACEMENT_3D ( 'NONE', #3104, #19, #2480 ) ;
#3726 = LINE ( 'NONE', #1900, #6389 ) ;
#3727 = LINE ( 'NONE', #2519, #6827 ) ;
#3728 = FACE_OUTER_BOUND ( 'NONE', #224, .T. ) ;
#3729 = ORIENTED_EDGE ( 'NONE', *, *, #2713, .T. ) ;
#3730 = CARTESIAN_POINT ( 'NONE',  ( 0.000000000000000000, 3.958874790999999949, -7.732930923999999706 ) ) ;
#3731 = FILL_AREA_STYLE ('',( #6629 ) ) ;
#3732 = DIRECTION ( 'NONE',  ( -0.000000000000000000, -0.000000000000000000, -1.000000000000000000 ) ) ;
#3733 = VECTOR ( 'NONE', #456, 1000.000000000000000 ) ;
#3734 = PLANE ( 'NONE',  #3668 ) ;
#3735 = DIRECTION ( 'NONE',  ( 1.000000000000000000, 2.168404344971008868E-15, 0.000000000000000000 ) ) ;
#3736 = ORIENTED_EDGE ( 'NONE', *, *, #1357, .T. ) ;
#3737 = DIRECTION ( 'NONE',  ( 0.6560590296359154472, -0.7547095796617272478, -0.000000000000000000 ) ) ;
#3738 = CARTESIAN_POINT ( 'NONE',  ( -7.079741283035597021, 4.942922116957612744, -13.75000000000000000 ) ) ;
#3739 = DIRECTION ( 'NONE',  ( 0.000000000000000000, 1.000000000000000000, 0.000000000000000000 ) ) ;
#3740 = PLANE ( 'NONE',  #4284 ) ;
#3741 =( BOUNDED_CURVE ( )  B_SPLINE_CURVE ( 3, ( #5283, #3981, #517, #7714 ),
 .UNSPECIFIED., .F., .T. ) 
 B_SPLINE_CURVE_WITH_KNOTS ( ( 4, 4 ),
 ( 2.775557509448376412E-19, 0.005866077245950305184 ),
 .UNSPECIFIED. ) 
 CURVE ( )  GEOMETRIC_REPRESENTATION_ITEM ( )  RATIONAL_B_SPLINE_CURVE ( ( 0.9594150823098014369, 0.3198050274366003309, 0.3198050274366003309, 0.9594150823098014369 ) ) 
 REPRESENTATION_ITEM ( '' )  );
#3742 = DIRECTION ( 'NONE',  ( 0.000000000000000000, 0.000000000000000000, -1.000000000000000000 ) ) ;
#3743 = ORIENTED_EDGE ( 'NONE', *, *, #2305, .T. ) ;
#3744 = CARTESIAN_POINT ( 'NONE',  ( 2.556340124999999297, 6.601991156000000416, -10.25000000000000000 ) ) ;
#3745 = EDGE_CURVE ( 'NONE', #4002, #2738, #6007, .T. ) ;
#3746 = DIRECTION ( 'NONE',  ( 0.000000000000000000, 0.000000000000000000, 1.000000000000000000 ) ) ;
#3747 = AXIS2_PLACEMENT_3D ( 'NONE', #4993, #3887, #2744 ) ;
#3748 = SURFACE_STYLE_USAGE ( .BOTH. , #6852 ) ;
#3749 = ORIENTED_EDGE ( 'NONE', *, *, #6770, .T. ) ;
#3750 = ORIENTED_EDGE ( 'NONE', *, *, #177, .F. ) ;
#3751 = EDGE_LOOP ( 'NONE', ( #3101, #7867, #979, #7648, #330, #5546, #948 ) ) ;
#3752 = DIRECTION ( 'NONE',  ( 0.000000000000000000, 0.000000000000000000, 1.000000000000000000 ) ) ;
#3753 = CARTESIAN_POINT ( 'NONE',  ( 2.590275604117092456, 11.65167490135468320, -10.25000000000000000 ) ) ;
#3754 = VECTOR ( 'NONE', #872, 1000.000000000000000 ) ;
#3755 = ADVANCED_FACE ( 'NONE', ( #3613 ), #5449, .F. ) ;
#3756 = VECTOR ( 'NONE', #6507, 1000.000000000000000 ) ;
#3757 = ORIENTED_EDGE ( 'NONE', *, *, #2450, .F. ) ;
#3758 = ORIENTED_EDGE ( 'NONE', *, *, #3800, .T. ) ;
#3759 = UNCERTAINTY_MEASURE_WITH_UNIT (LENGTH_MEASURE( 1.000000000000000082E-05 ), #1086, 'distance_accuracy_value', 'NONE');
#3760 = CARTESIAN_POINT ( 'NONE',  ( 0.000000000000000000, 0.4000000000000000222, -13.75000000000000000 ) ) ;
#3761 = EDGE_LOOP ( 'NONE', ( #4719, #2196, #5107, #5428 ) ) ;
#3762 = CARTESIAN_POINT ( 'NONE',  ( 7.849999999999999645, -3.000000000000000000, -12.50000000000000000 ) ) ;
#3763 = CIRCLE ( 'NONE', #1904, 0.7999999999999999334 ) ;
#3764 =( NAMED_UNIT ( * ) PLANE_ANGLE_UNIT ( ) SI_UNIT ( $, .RADIAN. ) );
#3765 = CARTESIAN_POINT ( 'NONE',  ( 8.525000000000000355, 2.899999999999999911, -13.35000000000000320 ) ) ;
#3766 = MECHANICAL_DESIGN_GEOMETRIC_PRESENTATION_REPRESENTATION (  '', ( #740 ), #1397 ) ;
#3767 = EDGE_CURVE ( 'NONE', #614, #4199, #5653, .T. ) ;
#3768 = CARTESIAN_POINT ( 'NONE',  ( -5.500000000000000000, -0.9000000000000000222, -2.849999999999999645 ) ) ;
#3769 = EDGE_LOOP ( 'NONE', ( #5699, #1493, #524, #1763 ) ) ;
#3770 = AXIS2_PLACEMENT_3D ( 'NONE', #3200, #6692, #3085 ) ;
#3771 = DIRECTION ( 'NONE',  ( 1.000000000000000000, 0.000000000000000000, 0.000000000000000000 ) ) ;
#3772 = SURFACE_SIDE_STYLE ('',( #2638 ) ) ;
#3773 = CARTESIAN_POINT ( 'NONE',  ( 5.349999999999999645, -3.000000000000000000, -14.50000000000000000 ) ) ;
#3774 = STYLED_ITEM ( 'NONE', ( #5331 ), #3556 ) ;
#3775 = CARTESIAN_POINT ( 'NONE',  ( 0.000000000000000000, 6.780000000000000249, -13.35000000000000320 ) ) ;
#3776 = VERTEX_POINT ( 'NONE', #885 ) ;
#3777 = FILL_AREA_STYLE ('',( #4467 ) ) ;
#3778 = DIRECTION ( 'NONE',  ( 1.000000000000000000, -0.000000000000000000, 0.000000000000000000 ) ) ;
#3779 = DIRECTION ( 'NONE',  ( -0.7660444429611653616, 0.6427876098746132527, 0.000000000000000000 ) ) ;
#3780 = EDGE_CURVE ( 'NONE', #4412, #5900, #1975, .T. ) ;
#3781 = LINE ( 'NONE', #4468, #1228 ) ;
#3782 = VECTOR ( 'NONE', #991, 1000.000000000000000 ) ;
#3783 = CIRCLE ( 'NONE', #1259, 0.5000000000000004441 ) ;
#3784 = CARTESIAN_POINT ( 'NONE',  ( 9.199999999999999289, 2.900000000000000355, -11.90000000000000036 ) ) ;
#3785 = DIRECTION ( 'NONE',  ( 0.000000000000000000, 0.000000000000000000, 1.000000000000000000 ) ) ;
#3786 = MECHANICAL_DESIGN_GEOMETRIC_PRESENTATION_REPRESENTATION (  '', ( #1919 ), #1785 ) ;
#3787 = VECTOR ( 'NONE', #1457, 1000.000000000000000 ) ;
#3788 = VERTEX_POINT ( 'NONE', #5117 ) ;
#3789 = LINE ( 'NONE', #2652, #4492 ) ;
#3790 = CARTESIAN_POINT ( 'NONE',  ( -9.199999999999999289, 10.00000000350000207, -7.150000000000001243 ) ) ;
#3791 = FACE_OUTER_BOUND ( 'NONE', #4328, .T. ) ;
#3792 = STYLED_ITEM ( 'NONE', ( #2801 ), #5269 ) ;
#3793 = FILL_AREA_STYLE ('',( #4443 ) ) ;
#3794 = EDGE_CURVE ( 'NONE', #3139, #391, #2680, .T. ) ;
#3795 = ORIENTED_EDGE ( 'NONE', *, *, #951, .T. ) ;
#3796 = ORIENTED_EDGE ( 'NONE', *, *, #3805, .T. ) ;
#3797 = ORIENTED_EDGE ( 'NONE', *, *, #4144, .T. ) ;
#3798 = CARTESIAN_POINT ( 'NONE',  ( 2.556340124907138023, 6.601991155649773901, -10.25000000000000000 ) ) ;
#3799 = LINE ( 'NONE', #6228, #5029 ) ;
#3800 = EDGE_CURVE ( 'NONE', #3478, #789, #2096, .T. ) ;
#3801 = PRESENTATION_LAYER_ASSIGNMENT (  '', '', ( #5841 ) ) ;
#3802 = ORIENTED_EDGE ( 'NONE', *, *, #7332, .T. ) ;
#3803 = DIRECTION ( 'NONE',  ( 0.000000000000000000, -1.000000000000000000, 0.000000000000000000 ) ) ;
#3804 = LINE ( 'NONE', #3987, #6074 ) ;
#3805 = EDGE_CURVE ( 'NONE', #6726, #1843, #2601, .T. ) ;
#3806 = EDGE_CURVE ( 'NONE', #2852, #7468, #5735, .T. ) ;
#3807 = CARTESIAN_POINT ( 'NONE',  ( -5.649999999999999467, 2.200000000000000178, -3.149999999999999911 ) ) ;
#3808 = AXIS2_PLACEMENT_3D ( 'NONE', #2522, #7350, #3771 ) ;
#3809 = CARTESIAN_POINT ( 'NONE',  ( -4.499999999499999959, -3.404123203404123110, -3.149999999999999911 ) ) ;
#3810 = LINE ( 'NONE', #1374, #4384 ) ;
#3811 = CARTESIAN_POINT ( 'NONE',  ( 7.849999999999999645, 0.6002499999999998392, -11.99999999989999999 ) ) ;
#3812 = EDGE_LOOP ( 'NONE', ( #7664, #6343, #7094, #2770, #74, #1957, #5624 ) ) ;
#3813 = VECTOR ( 'NONE', #2255, 1000.000000000000000 ) ;
#3814 = DIRECTION ( 'NONE',  ( -0.6430737214625669163, -0.7658042757547682822, 0.000000000000000000 ) ) ;
#3815 = ADVANCED_FACE ( 'NONE', ( #4374 ), #843, .T. ) ;
#3816 = EDGE_LOOP ( 'NONE', ( #1158, #1008, #1351, #5600 ) ) ;
#3817 = DIRECTION ( 'NONE',  ( 0.000000000000000000, 0.000000000000000000, 1.000000000000000000 ) ) ;
#3818 = LINE ( 'NONE', #3229, #4229 ) ;
#3819 =( NAMED_UNIT ( * ) PLANE_ANGLE_UNIT ( ) SI_UNIT ( $, .RADIAN. ) );
#3820 = CARTESIAN_POINT ( 'NONE',  ( 7.150000005866665731, 2.899999999999999911, -11.90000000000000036 ) ) ;
#3821 = CIRCLE ( 'NONE', #1028, 0.7999999999999999334 ) ;
#3822 = DIRECTION ( 'NONE',  ( -0.7880107534842409889, 0.6156614754824266678, 0.000000000000000000 ) ) ;
#3823 =( NAMED_UNIT ( * ) PLANE_ANGLE_UNIT ( ) SI_UNIT ( $, .RADIAN. ) );
#3824 = CARTESIAN_POINT ( 'NONE',  ( 2.462239577499999665, 10.84099199499999955, 0.000000000000000000 ) ) ;
#3825 = EDGE_CURVE ( 'NONE', #1941, #3091, #2135, .T. ) ;
#3826 = FILL_AREA_STYLE_COLOUR ( '', #2784 ) ;
#3827 = CARTESIAN_POINT ( 'NONE',  ( 3.279816455999999825, 10.76910285800000189, -5.125000000000000000 ) ) ;
#3828 = VECTOR ( 'NONE', #3575, 1000.000000000000000 ) ;
#3829 = ORIENTED_EDGE ( 'NONE', *, *, #1306, .F. ) ;
#3830 = ORIENTED_EDGE ( 'NONE', *, *, #2143, .F. ) ;
#3831 = PLANE ( 'NONE',  #3460 ) ;
#3832 = DIRECTION ( 'NONE',  ( 0.7658042754478850966, 0.6430737218280185852, -0.000000000000000000 ) ) ;
#3833 = CARTESIAN_POINT ( 'NONE',  ( -0.2999999998922662781, 7.241619848753146904, 0.000000000000000000 ) ) ;
#3834 = CARTESIAN_POINT ( 'NONE',  ( 1.583247329200999420, 7.721406365188689946, 0.000000000000000000 ) ) ;
#3835 = VERTEX_POINT ( 'NONE', #455 ) ;
#3836 = ORIENTED_EDGE ( 'NONE', *, *, #790, .T. ) ;
#3837 = ORIENTED_EDGE ( 'NONE', *, *, #147, .F. ) ;
#3838 = LINE ( 'NONE', #6148, #2963 ) ;
#3839 = ADVANCED_FACE ( 'NONE', ( #7106 ), #4121, .F. ) ;
#3840 = ORIENTED_EDGE ( 'NONE', *, *, #3690, .T. ) ;
#3841 = FACE_OUTER_BOUND ( 'NONE', #938, .T. ) ;
#3842 = ORIENTED_EDGE ( 'NONE', *, *, #7188, .T. ) ;
#3843 = CYLINDRICAL_SURFACE ( 'NONE', #3747, 0.5000000000000004441 ) ;
#3844 = CARTESIAN_POINT ( 'NONE',  ( -1.350000000000000089, 15.69209978795172589, -5.950000000000000178 ) ) ;
#3845 = UNCERTAINTY_MEASURE_WITH_UNIT (LENGTH_MEASURE( 1.000000000000000082E-05 ), #1265, 'distance_accuracy_value', 'NONE');
#3846 = FACE_OUTER_BOUND ( 'NONE', #1368, .T. ) ;
#3847 = FACE_OUTER_BOUND ( 'NONE', #4586, .T. ) ;
#3848 = ADVANCED_FACE ( 'NONE', ( #2285 ), #4668, .F. ) ;
#3849 = STYLED_ITEM ( 'NONE', ( #3991 ), #383 ) ;
#3850 = SURFACE_SIDE_STYLE ('',( #883 ) ) ;
#3851 = AXIS2_PLACEMENT_3D ( 'NONE', #1175, #1254, #5452 ) ;
#3852 = EDGE_LOOP ( 'NONE', ( #1568, #3664, #4348, #18, #3758, #7496, #2158, #4816 ) ) ;
#3853 = LINE ( 'NONE', #844, #166 ) ;
#3854 = FACE_OUTER_BOUND ( 'NONE', #5794, .T. ) ;
#3855 = VECTOR ( 'NONE', #2040, 1000.000000000000000 ) ;
#3856 = VERTEX_POINT ( 'NONE', #6501 ) ;
#3857 = CARTESIAN_POINT ( 'NONE',  ( 7.149999999999999467, 4.750000000000000000, -13.75000000000000000 ) ) ;
#3858 = CARTESIAN_POINT ( 'NONE',  ( 6.459999997700037078, 0.000000000000000000, -13.35000000000000142 ) ) ;
#3859 = SURFACE_STYLE_USAGE ( .BOTH. , #808 ) ;
#3860 = EDGE_CURVE ( 'NONE', #3357, #5822, #5566, .T. ) ;
#3861 = EDGE_CURVE ( 'NONE', #391, #5633, #957, .T. ) ;
#3862 = VECTOR ( 'NONE', #6157, 1000.000000000000000 ) ;
#3863 = CARTESIAN_POINT ( 'NONE',  ( 0.8000000000000000444, 6.500000000000000888, -10.25000000000000000 ) ) ;
#3864 = DIRECTION ( 'NONE',  ( 0.7880107540897646201, -0.6156614747073918537, 0.000000000000000000 ) ) ;
#3865 = LINE ( 'NONE', #5132, #5681 ) ;
#3866 = LINE ( 'NONE', #6405, #902 ) ;
#3867 = ORIENTED_EDGE ( 'NONE', *, *, #5818, .F. ) ;
#3868 = ORIENTED_EDGE ( 'NONE', *, *, #3230, .F. ) ;
#3869 = CARTESIAN_POINT ( 'NONE',  ( -6.459999995499998704, 0.000000000000000000, -6.675000000000001599 ) ) ;
#3870 = CARTESIAN_POINT ( 'NONE',  ( -0.3000000000000000444, 8.361619849000003768, 0.000000000000000000 ) ) ;
#3871 = VECTOR ( 'NONE', #1734, 1000.000000000000000 ) ;
#3872 = DIRECTION ( 'NONE',  ( -0.6977825135039713578, 0.7163096843182283902, 0.000000000000000000 ) ) ;
#3873 = SURFACE_STYLE_FILL_AREA ( #5059 ) ;
#3874 = LINE ( 'NONE', #2154, #4914 ) ;
#3875 =( LENGTH_UNIT ( ) NAMED_UNIT ( * ) SI_UNIT ( .MILLI., .METRE. ) );
#3876 = CARTESIAN_POINT ( 'NONE',  ( 0.000000000000000000, 9.325000000315323945, -13.70448229287666742 ) ) ;
#3877 = EDGE_LOOP ( 'NONE', ( #3050, #6146, #7048, #1960 ) ) ;
#3878 = VECTOR ( 'NONE', #4998, 1000.000000000000000 ) ;
#3879 = VERTEX_POINT ( 'NONE', #2787 ) ;
#3880 = ORIENTED_EDGE ( 'NONE', *, *, #5060, .F. ) ;
#3881 = CARTESIAN_POINT ( 'NONE',  ( -4.349999999999999645, 1.699000000000000288, -15.50000000000000000 ) ) ;
#3882 = LINE ( 'NONE', #7533, #3754 ) ;
#3883 =( GEOMETRIC_REPRESENTATION_CONTEXT ( 3 ) GLOBAL_UNCERTAINTY_ASSIGNED_CONTEXT ( ( #93 ) ) GLOBAL_UNIT_ASSIGNED_CONTEXT ( ( #784, #1438, #1558 ) ) REPRESENTATION_CONTEXT ( 'NONE', 'WORKASPACE' ) );
#3884 = ORIENTED_EDGE ( 'NONE', *, *, #5627, .F. ) ;
#3885 = ORIENTED_EDGE ( 'NONE', *, *, #5726, .T. ) ;
#3886 = VECTOR ( 'NONE', #6982, 1000.000000000000000 ) ;
#3887 = DIRECTION ( 'NONE',  ( 1.000000000000000000, 0.000000000000000000, 0.000000000000000000 ) ) ;
#3888 = DIRECTION ( 'NONE',  ( 1.000000000000000000, -0.000000000000000000, 0.000000000000000000 ) ) ;
#3889 = CARTESIAN_POINT ( 'NONE',  ( 0.000000000000000000, 10.00000000000000000, 0.000000000000000000 ) ) ;
#3890 = VECTOR ( 'NONE', #4576, 1000.000000000000000 ) ;
#3891 = EDGE_CURVE ( 'NONE', #232, #3292, #4596, .T. ) ;
#3892 = VERTEX_POINT ( 'NONE', #3483 ) ;
#3893 = CARTESIAN_POINT ( 'NONE',  ( -3.279816456254101897, 10.76910285857191951, -5.125000000000000000 ) ) ;
#3894 = PRESENTATION_STYLE_ASSIGNMENT (( #2023 ) ) ;
#3895 = CARTESIAN_POINT ( 'NONE',  ( 5.920200000000000351, 4.080747401000000885, 0.000000000000000000 ) ) ;
#3896 = CARTESIAN_POINT ( 'NONE',  ( 3.749999999670066142, 11.87499999991028155, -13.35000000000000142 ) ) ;
#3897 = EDGE_CURVE ( 'NONE', #3879, #7658, #2907, .T. ) ;
#3898 = VECTOR ( 'NONE', #3543, 1000.000000000000000 ) ;
#3899 = ORIENTED_EDGE ( 'NONE', *, *, #6472, .F. ) ;
#3900 = DIRECTION ( 'NONE',  ( -0.6560590291938325214, -0.7547095800460241755, -0.000000000000000000 ) ) ;
#3901 = CARTESIAN_POINT ( 'NONE',  ( 0.3500000000000000333, 1.449999999999999956, -13.35000000000000320 ) ) ;
#3902 =( LENGTH_UNIT ( ) NAMED_UNIT ( * ) SI_UNIT ( .MILLI., .METRE. ) );
#3903 = VECTOR ( 'NONE', #3708, 1000.000000000000000 ) ;
#3904 = AXIS2_PLACEMENT_3D ( 'NONE', #6551, #3452, #2951 ) ;
#3905 = DIRECTION ( 'NONE',  ( -0.000000000000000000, -0.000000000000000000, -1.000000000000000000 ) ) ;
#3906 = ADVANCED_FACE ( 'NONE', ( #1116 ), #1553, .T. ) ;
#3907 = EDGE_CURVE ( 'NONE', #4351, #5549, #2357, .T. ) ;
#3908 = ORIENTED_EDGE ( 'NONE', *, *, #1719, .F. ) ;
#3909 =( GEOMETRIC_REPRESENTATION_CONTEXT ( 3 ) GLOBAL_UNCERTAINTY_ASSIGNED_CONTEXT ( ( #5035 ) ) GLOBAL_UNIT_ASSIGNED_CONTEXT ( ( #864, #1477, #3316 ) ) REPRESENTATION_CONTEXT ( 'NONE', 'WORKASPACE' ) );
#3910 = MECHANICAL_DESIGN_GEOMETRIC_PRESENTATION_REPRESENTATION (  '', ( #4289 ), #7706 ) ;
#3911 = DIRECTION ( 'NONE',  ( -0.6430737218280185852, -0.7658042754478850966, 0.000000000000000000 ) ) ;
#3912 = CARTESIAN_POINT ( 'NONE',  ( -4.909916627212782103, 2.900000000094736574, -13.35000000026666811 ) ) ;
#3913 = CARTESIAN_POINT ( 'NONE',  ( -1.350000000329933947, 10.67500000008971917, -13.35000000000000320 ) ) ;
#3914 = AXIS2_PLACEMENT_3D ( 'NONE', #2783, #7062, #2202 ) ;
#3915 = ORIENTED_EDGE ( 'NONE', *, *, #7535, .T. ) ;
#3916 = STYLED_ITEM ( 'NONE', ( #3894 ), #3815 ) ;
#3917 = ORIENTED_EDGE ( 'NONE', *, *, #2748, .F. ) ;
#3918 = EDGE_CURVE ( 'NONE', #7284, #5359, #1410, .T. ) ;
#3919 = LINE ( 'NONE', #5632, #3131 ) ;
#3920 = ORIENTED_EDGE ( 'NONE', *, *, #6460, .T. ) ;
#3921 = LINE ( 'NONE', #4028, #3218 ) ;
#3922 = VECTOR ( 'NONE', #1519, 1000.000000000000000 ) ;
#3923 = VERTEX_POINT ( 'NONE', #2939 ) ;
#3924 = LINE ( 'NONE', #5762, #1019 ) ;
#3925 = ORIENTED_EDGE ( 'NONE', *, *, #452, .T. ) ;
#3926 = LINE ( 'NONE', #1533, #3886 ) ;
#3927 = LINE ( 'NONE', #953, #7149 ) ;
#3928 = COLOUR_RGB ( '',0.7529411764705882248, 0.7529411764705882248, 0.7529411764705882248 ) ;
#3929 = ORIENTED_EDGE ( 'NONE', *, *, #4193, .T. ) ;
#3930 = DIRECTION ( 'NONE',  ( 1.000000000000000000, -0.000000000000000000, -0.000000000000000000 ) ) ;
#3931 = DIRECTION ( 'NONE',  ( -1.000000000000000000, 0.000000000000000000, 0.000000000000000000 ) ) ;
#3932 = DIRECTION ( 'NONE',  ( 1.000000000000000000, 2.168404344971009657E-15, 0.000000000000000000 ) ) ;
#3933 = COLOUR_RGB ( '',0.7529411764705882248, 0.7529411764705882248, 0.7529411764705882248 ) ;
#3934 = VERTEX_POINT ( 'NONE', #3058 ) ;
#3935 = DIRECTION ( 'NONE',  ( 1.000000000000000000, 0.000000000000000000, 0.000000000000000000 ) ) ;
#3936 = CARTESIAN_POINT ( 'NONE',  ( -3.331394880999999142, 4.724402555999999365, -13.35000000079999971 ) ) ;
#3937 = DIRECTION ( 'NONE',  ( -1.000000000000000000, 0.000000000000000000, 0.000000000000000000 ) ) ;
#3938 = EDGE_CURVE ( 'NONE', #2330, #3139, #5394, .T. ) ;
#3939 = VECTOR ( 'NONE', #766, 1000.000000000000000 ) ;
#3940 =( NAMED_UNIT ( * ) SI_UNIT ( $, .STERADIAN. ) SOLID_ANGLE_UNIT ( ) );
#3941 = SURFACE_STYLE_USAGE ( .BOTH. , #1555 ) ;
#3942 = PLANE ( 'NONE',  #1768 ) ;
#3943 = DIRECTION ( 'NONE',  ( 0.000000000000000000, 1.000000000000000000, 0.000000000000000000 ) ) ;
#3944 = EDGE_LOOP ( 'NONE', ( #4735, #479, #5993, #203 ) ) ;
#3945 = VERTEX_POINT ( 'NONE', #3682 ) ;
#3946 = DIRECTION ( 'NONE',  ( 0.6560590287264921328, 0.7547095804522768736, -0.000000000000000000 ) ) ;
#3947 = DIRECTION ( 'NONE',  ( 0.000000000000000000, -1.000000000000000000, 0.000000000000000000 ) ) ;
#3948 = EDGE_CURVE ( 'NONE', #7080, #7308, #7222, .T. ) ;
#3949 = CARTESIAN_POINT ( 'NONE',  ( 1.574999999999999067, 6.780000000000000249, -13.35000000000000320 ) ) ;
#3950 = EDGE_CURVE ( 'NONE', #2252, #7329, #4169, .T. ) ;
#3951 = CARTESIAN_POINT ( 'NONE',  ( 0.000000000000000000, 9.324999999910284387, -13.35000000000000497 ) ) ;
#3952 = STYLED_ITEM ( 'NONE', ( #2920 ), #6809 ) ;
#3953 = VERTEX_POINT ( 'NONE', #542 ) ;
#3954 = ORIENTED_EDGE ( 'NONE', *, *, #3287, .F. ) ;
#3955 = PLANE ( 'NONE',  #5405 ) ;
#3956 = VERTEX_POINT ( 'NONE', #6113 ) ;
#3957 = LINE ( 'NONE', #5832, #6321 ) ;
#3958 = SURFACE_SIDE_STYLE ('',( #6977 ) ) ;
#3959 = CARTESIAN_POINT ( 'NONE',  ( -4.649999999445652676, 1.501033649000000691, -15.50000000000000000 ) ) ;
#3960 = STYLED_ITEM ( 'NONE', ( #5963 ), #7007 ) ;
#3961 = ADVANCED_FACE ( 'NONE', ( #2978 ), #4911, .F. ) ;
#3962 = EDGE_CURVE ( 'NONE', #7728, #5354, #7381, .T. ) ;
#3963 = CARTESIAN_POINT ( 'NONE',  ( 1.350000000000000089, 14.19999999999999929, -11.90000000000000036 ) ) ;
#3964 = VERTEX_POINT ( 'NONE', #7647 ) ;
#3965 = ORIENTED_EDGE ( 'NONE', *, *, #5412, .F. ) ;
#3966 = CARTESIAN_POINT ( 'NONE',  ( -0.8750000000000001110, 3.731656093057214907, -7.837198193124685019 ) ) ;
#3967 = FACE_OUTER_BOUND ( 'NONE', #2637, .T. ) ;
#3968 = ADVANCED_FACE ( 'NONE', ( #6823 ), #7503, .T. ) ;
#3969 = ORIENTED_EDGE ( 'NONE', *, *, #1629, .F. ) ;
#3970 = CARTESIAN_POINT ( 'NONE',  ( 0.8750000000000001110, 3.049999999999999822, -8.150000000000000355 ) ) ;
#3971 = DIRECTION ( 'NONE',  ( -0.000000000000000000, -1.000000000000000000, -0.000000000000000000 ) ) ;
#3972 = ORIENTED_EDGE ( 'NONE', *, *, #6719, .F. ) ;
#3973 = SURFACE_SIDE_STYLE ('',( #415 ) ) ;
#3974 = CARTESIAN_POINT ( 'NONE',  ( 7.079741283000001495, 4.942922117000000171, -12.82499999999999929 ) ) ;
#3975 = CIRCLE ( 'NONE', #3097, 1.000000000000000000 ) ;
#3976 = DIRECTION ( 'NONE',  ( 0.7660444429611653616, 0.6427876098746132527, -0.000000000000000000 ) ) ;
#3977 = CARTESIAN_POINT ( 'NONE',  ( 0.000000000000000000, 6.500000000000000888, 0.000000000000000000 ) ) ;
#3978 = DIRECTION ( 'NONE',  ( 0.000000000000000000, 1.000000000000000000, 0.000000000000000000 ) ) ;
#3979 = CARTESIAN_POINT ( 'NONE',  ( -4.192989996283762899, 9.600294026751377885, 0.000000000000000000 ) ) ;
#3980 = CARTESIAN_POINT ( 'NONE',  ( -7.850000004000000864, 10.44500000000000028, -11.90000000000000036 ) ) ;
#3981 = CARTESIAN_POINT ( 'NONE',  ( -3.749999999670064810, 8.125000000089718455, -13.35000000000000142 ) ) ;
#3982 = LINE ( 'NONE', #1474, #6236 ) ;
#3983 = VECTOR ( 'NONE', #1288, 1000.000000000000114 ) ;
#3984 = CARTESIAN_POINT ( 'NONE',  ( -2.678207940000001397, 7.912499769120000082, -13.35000000000000320 ) ) ;
#3985 = LINE ( 'NONE', #522, #7737 ) ;
#3986 = EDGE_CURVE ( 'NONE', #6946, #3626, #5554, .T. ) ;
#3987 = CARTESIAN_POINT ( 'NONE',  ( -2.678207951999999725, 7.912499774899999672, -11.90000000000000036 ) ) ;
#3988 = VERTEX_POINT ( 'NONE', #7008 ) ;
#3989 = AXIS2_PLACEMENT_3D ( 'NONE', #2146, #4541, #5163 ) ;
#3990 = ORIENTED_EDGE ( 'NONE', *, *, #779, .T. ) ;
#3991 = PRESENTATION_STYLE_ASSIGNMENT (( #7575 ) ) ;
#3992 = EDGE_CURVE ( 'NONE', #3652, #1595, #7422, .T. ) ;
#3993 = AXIS2_PLACEMENT_3D ( 'NONE', #7386, #6159, #3143 ) ;
#3994 = ORIENTED_EDGE ( 'NONE', *, *, #3352, .F. ) ;
#3995 = CARTESIAN_POINT ( 'NONE',  ( -0.2999999998922662781, 7.241619848753146904, -10.25000000000000000 ) ) ;
#3996 = DIRECTION ( 'NONE',  ( 0.000000000000000000, 0.000000000000000000, 1.000000000000000000 ) ) ;
#3997 = EDGE_CURVE ( 'NONE', #128, #5900, #3804, .T. ) ;
#3998 = AXIS2_PLACEMENT_3D ( 'NONE', #4263, #3619, #1865 ) ;
#3999 = EDGE_CURVE ( 'NONE', #5720, #3134, #1788, .T. ) ;
#4000 = SURFACE_STYLE_FILL_AREA ( #1605 ) ;
#4001 = AXIS2_PLACEMENT_3D ( 'NONE', #833, #5073, #4525 ) ;
#4002 = VERTEX_POINT ( 'NONE', #2811 ) ;
#4003 = FILL_AREA_STYLE_COLOUR ( '', #5206 ) ;
#4004 = SURFACE_STYLE_FILL_AREA ( #2171 ) ;
#4005 = PLANE ( 'NONE',  #4178 ) ;
#4006 = EDGE_CURVE ( 'NONE', #7847, #3188, #7467, .T. ) ;
#4007 = ORIENTED_EDGE ( 'NONE', *, *, #2083, .T. ) ;
#4008 = DIRECTION ( 'NONE',  ( 1.000000000000000000, 0.000000000000000000, 0.000000000000000000 ) ) ;
#4009 =( NAMED_UNIT ( * ) PLANE_ANGLE_UNIT ( ) SI_UNIT ( $, .RADIAN. ) );
#4010 = CARTESIAN_POINT ( 'NONE',  ( 1.350000000329933947, 9.324999999910284387, -13.35000000000000142 ) ) ;
#4011 = VECTOR ( 'NONE', #194, 1000.000000000000000 ) ;
#4012 = FILL_AREA_STYLE ('',( #1617 ) ) ;
#4013 = DIRECTION ( 'NONE',  ( 1.000000000000000000, 0.000000000000000000, 0.000000000000000000 ) ) ;
#4014 = DIRECTION ( 'NONE',  ( -1.734723475976805517E-15, -1.000000000000000000, 0.000000000000000000 ) ) ;
#4015 = VECTOR ( 'NONE', #7667, 1000.000000000000000 ) ;
#4016 =( NAMED_UNIT ( * ) SI_UNIT ( $, .STERADIAN. ) SOLID_ANGLE_UNIT ( ) );
#4017 = VERTEX_POINT ( 'NONE', #2588 ) ;
#4018 = LINE ( 'NONE', #5893, #2993 ) ;
#4019 = DIRECTION ( 'NONE',  ( 1.000000000000000000, 0.000000000000000000, 0.000000000000000000 ) ) ;
#4020 =( GEOMETRIC_REPRESENTATION_CONTEXT ( 3 ) GLOBAL_UNCERTAINTY_ASSIGNED_CONTEXT ( ( #3759 ) ) GLOBAL_UNIT_ASSIGNED_CONTEXT ( ( #1086, #382, #513 ) ) REPRESENTATION_CONTEXT ( 'NONE', 'WORKASPACE' ) );
#4021 = LINE ( 'NONE', #5063, #2164 ) ;
#4022 = COLOUR_RGB ( '',0.7529411764705882248, 0.7529411764705882248, 0.7529411764705882248 ) ;
#4023 = ORIENTED_EDGE ( 'NONE', *, *, #3999, .T. ) ;
#4024 = VECTOR ( 'NONE', #3306, 1000.000000000000114 ) ;
#4025 = DIRECTION ( 'NONE',  ( -0.000000000000000000, -0.000000000000000000, -1.000000000000000000 ) ) ;
#4026 = ORIENTED_EDGE ( 'NONE', *, *, #2860, .F. ) ;
#4027 = DIRECTION ( 'NONE',  ( 0.000000000000000000, 0.000000000000000000, 1.000000000000000000 ) ) ;
#4028 = CARTESIAN_POINT ( 'NONE',  ( 1.700000000776000997, 9.578299723000000654, -10.25000000000000000 ) ) ;
#4029 = FACE_OUTER_BOUND ( 'NONE', #1434, .T. ) ;
#4030 = VECTOR ( 'NONE', #6724, 1000.000000000000000 ) ;
#4031 = ORIENTED_EDGE ( 'NONE', *, *, #294, .T. ) ;
#4032 = ORIENTED_EDGE ( 'NONE', *, *, #4876, .F. ) ;
#4033 = DIRECTION ( 'NONE',  ( 0.6156614747073927418, -0.7880107540897638430, -0.000000000000000000 ) ) ;
#4034 = EDGE_LOOP ( 'NONE', ( #7330, #1070, #6040, #978 ) ) ;
#4035 = CARTESIAN_POINT ( 'NONE',  ( 3.975000000000000089, 10.42500000000000071, -11.90000000000000036 ) ) ;
#4036 = FILL_AREA_STYLE_COLOUR ( '', #4780 ) ;
#4037 = CARTESIAN_POINT ( 'NONE',  ( -7.500000000000000000, 0.4000000000000000222, -13.00000000000000178 ) ) ;
#4038 = EDGE_CURVE ( 'NONE', #4666, #2162, #5641, .T. ) ;
#4039 =( LENGTH_UNIT ( ) NAMED_UNIT ( * ) SI_UNIT ( .MILLI., .METRE. ) );
#4040 = EDGE_CURVE ( 'NONE', #7202, #717, #168, .T. ) ;
#4041 = ORIENTED_EDGE ( 'NONE', *, *, #1096, .T. ) ;
#4042 = LINE ( 'NONE', #5150, #1428 ) ;
#4043 = DIRECTION ( 'NONE',  ( 0.000000000000000000, 1.000000000000000000, 0.000000000000000000 ) ) ;
#4044 = CARTESIAN_POINT ( 'NONE',  ( 0.8750000000000001110, 3.049999999999999822, -8.150000000000000355 ) ) ;
#4045 = ORIENTED_EDGE ( 'NONE', *, *, #3780, .F. ) ;
#4046 = CARTESIAN_POINT ( 'NONE',  ( -5.349999999999999645, -3.000000000102551745, -14.49999999959999997 ) ) ;
#4047 = DIRECTION ( 'NONE',  ( -0.4067366430118495857, -0.9135454576710735353, -0.000000000000000000 ) ) ;
#4048 = VECTOR ( 'NONE', #6715, 1000.000000000000000 ) ;
#4049 = SURFACE_STYLE_USAGE ( .BOTH. , #6993 ) ;
#4050 = DIRECTION ( 'NONE',  ( 1.000000000000000000, 0.000000000000000000, 0.000000000000000000 ) ) ;
#4051 = VECTOR ( 'NONE', #4207, 1000.000000000000000 ) ;
#4052 =( NAMED_UNIT ( * ) PLANE_ANGLE_UNIT ( ) SI_UNIT ( $, .RADIAN. ) );
#4053 = FILL_AREA_STYLE_COLOUR ( '', #5384 ) ;
#4054 = CARTESIAN_POINT ( 'NONE',  ( -7.849999999999999645, 0.6002499999999998392, -11.99999999989999999 ) ) ;
#4055 = LINE ( 'NONE', #1038, #3016 ) ;
#4056 = EDGE_LOOP ( 'NONE', ( #4007, #5186, #6422, #6021 ) ) ;
#4057 = CARTESIAN_POINT ( 'NONE',  ( -2.556340124999999297, 6.601991156000000416, -5.125000000000000000 ) ) ;
#4058 = LINE ( 'NONE', #3388, #5267 ) ;
#4059 = VECTOR ( 'NONE', #63, 1000.000000000000000 ) ;
#4060 = DIRECTION ( 'NONE',  ( 0.000000000000000000, 0.000000000000000000, 1.000000000000000000 ) ) ;
#4061 = LINE ( 'NONE', #7680, #4650 ) ;
#4062 = EDGE_CURVE ( 'NONE', #6344, #2056, #3037, .T. ) ;
#4063 =( NAMED_UNIT ( * ) PLANE_ANGLE_UNIT ( ) SI_UNIT ( $, .RADIAN. ) );
#4064 = DIRECTION ( 'NONE',  ( 0.000000000000000000, 0.000000000000000000, 1.000000000000000000 ) ) ;
#4065 = DIRECTION ( 'NONE',  ( 0.000000000000000000, 0.000000000000000000, -1.000000000000000000 ) ) ;
#4066 = VECTOR ( 'NONE', #3084, 1000.000000000000000 ) ;
#4067 = ORIENTED_EDGE ( 'NONE', *, *, #6805, .T. ) ;
#4068 = ORIENTED_EDGE ( 'NONE', *, *, #4134, .T. ) ;
#4069 = DIRECTION ( 'NONE',  ( 0.000000000000000000, 1.000000000000000000, 0.000000000000000000 ) ) ;
#4070 =( LENGTH_UNIT ( ) NAMED_UNIT ( * ) SI_UNIT ( .MILLI., .METRE. ) );
#4071 = SURFACE_STYLE_FILL_AREA ( #2421 ) ;
#4072 = AXIS2_PLACEMENT_3D ( 'NONE', #3304, #4568, #1427 ) ;
#4073 = CARTESIAN_POINT ( 'NONE',  ( 9.200000002000001231, 19.49999999999999645, 0.000000000000000000 ) ) ;
#4074 = VERTEX_POINT ( 'NONE', #1299 ) ;
#4075 = CARTESIAN_POINT ( 'NONE',  ( -9.199999999999999289, 10.00000000175000103, -11.89999999980000034 ) ) ;
#4076 = ORIENTED_EDGE ( 'NONE', *, *, #4193, .F. ) ;
#4077 = EDGE_CURVE ( 'NONE', #1189, #5480, #602, .T. ) ;
#4078 = CARTESIAN_POINT ( 'NONE',  ( 2.590275603999999898, 11.65167490299999997, 0.000000000000000000 ) ) ;
#4079 = VECTOR ( 'NONE', #546, 1000.000000000000000 ) ;
#4080 = SURFACE_STYLE_FILL_AREA ( #290 ) ;
#4081 = UNCERTAINTY_MEASURE_WITH_UNIT (LENGTH_MEASURE( 1.000000000000000082E-05 ), #3902, 'distance_accuracy_value', 'NONE');
#4082 = FACE_OUTER_BOUND ( 'NONE', #6976, .T. ) ;
#4083 = VERTEX_POINT ( 'NONE', #4933 ) ;
#4084 = DIRECTION ( 'NONE',  ( 0.000000000000000000, 0.000000000000000000, -1.000000000000000000 ) ) ;
#4085 = CARTESIAN_POINT ( 'NONE',  ( -1.574999999999999956, 6.780000000000000249, -13.35000000000000320 ) ) ;
#4086 = LINE ( 'NONE', #1695, #4675 ) ;
#4087 = ORIENTED_EDGE ( 'NONE', *, *, #6312, .F. ) ;
#4088 = CARTESIAN_POINT ( 'NONE',  ( 0.000000000000000000, 10.00000000000000000, -11.90000000000000036 ) ) ;
#4089 = CARTESIAN_POINT ( 'NONE',  ( 0.000000000000000000, 2.200000000000000178, -10.25000000000000000 ) ) ;
#4090 = ADVANCED_FACE ( 'NONE', ( #1388 ), #5457, .F. ) ;
#4091 =( LENGTH_UNIT ( ) NAMED_UNIT ( * ) SI_UNIT ( .MILLI., .METRE. ) );
#4092 = ORIENTED_EDGE ( 'NONE', *, *, #3287, .T. ) ;
#4093 = PLANE ( 'NONE',  #1736 ) ;
#4094 = CARTESIAN_POINT ( 'NONE',  ( 9.199999999999999289, 2.899999999999999911, -13.35000000000000320 ) ) ;
#4095 = SURFACE_SIDE_STYLE ('',( #6404 ) ) ;
#4096 = VECTOR ( 'NONE', #2664, 1000.000000000000114 ) ;
#4097 = ORIENTED_EDGE ( 'NONE', *, *, #2326, .T. ) ;
#4098 = CARTESIAN_POINT ( 'NONE',  ( 0.3500000000000000333, 6.780000000000000249, -13.35000000000000320 ) ) ;
#4099 = ADVANCED_FACE ( 'NONE', ( #4851 ), #3740, .T. ) ;
#4100 = CARTESIAN_POINT ( 'NONE',  ( -5.349999999999999645, 1.501033649000000247, -15.50000000000000000 ) ) ;
#4101 = CARTESIAN_POINT ( 'NONE',  ( 2.462239577499999665, 10.84099199499999955, -10.25000000000000000 ) ) ;
#4102 = SURFACE_STYLE_FILL_AREA ( #3461 ) ;
#4103 = AXIS2_PLACEMENT_3D ( 'NONE', #731, #4969, #7395 ) ;
#4104 = SURFACE_SIDE_STYLE ('',( #2225 ) ) ;
#4105 = FACE_OUTER_BOUND ( 'NONE', #1249, .T. ) ;
#4106 = DIRECTION ( 'NONE',  ( -0.000000000000000000, -0.000000000000000000, 1.000000000000000000 ) ) ;
#4107 = EDGE_LOOP ( 'NONE', ( #5066, #2310, #220, #7027, #4496, #6396 ) ) ;
#4108 = ORIENTED_EDGE ( 'NONE', *, *, #1835, .F. ) ;
#4109 = DIRECTION ( 'NONE',  ( 0.000000000000000000, 1.000000000000000000, 0.000000000000000000 ) ) ;
#4110 = CARTESIAN_POINT ( 'NONE',  ( -9.200000001000001149, 0.000000000000000000, -0.9500000010375001525 ) ) ;
#4111 = AXIS2_PLACEMENT_3D ( 'NONE', #636, #3063, #5561 ) ;
#4112 = ADVANCED_FACE ( 'NONE', ( #6092, #651 ), #1987, .F. ) ;
#4113 = CARTESIAN_POINT ( 'NONE',  ( -3.500000000000000000, 10.00000000000000000, -10.25000000000000000 ) ) ;
#4114 = ORIENTED_EDGE ( 'NONE', *, *, #2027, .F. ) ;
#4115 = CARTESIAN_POINT ( 'NONE',  ( 0.000000000000000000, 8.724999999999999645, -13.95000000000000107 ) ) ;
#4116 = EDGE_LOOP ( 'NONE', ( #6583, #2133, #911, #3006 ) ) ;
#4117 = DIRECTION ( 'NONE',  ( 0.000000000000000000, 0.000000000000000000, -1.000000000000000000 ) ) ;
#4118 = VECTOR ( 'NONE', #573, 1000.000000000000000 ) ;
#4119 = ORIENTED_EDGE ( 'NONE', *, *, #3690, .F. ) ;
#4120 = CARTESIAN_POINT ( 'NONE',  ( 0.000000000000000000, 13.70000000000000107, -11.90000000000000036 ) ) ;
#4121 = PLANE ( 'NONE',  #6960 ) ;
#4122 = DIRECTION ( 'NONE',  ( 0.7547095804522767626, 0.6560590287264921328, -0.000000000000000000 ) ) ;
#4123 =( GEOMETRIC_REPRESENTATION_CONTEXT ( 3 ) GLOBAL_UNCERTAINTY_ASSIGNED_CONTEXT ( ( #6624 ) ) GLOBAL_UNIT_ASSIGNED_CONTEXT ( ( #4809, #70, #6090 ) ) REPRESENTATION_CONTEXT ( 'NONE', 'WORKASPACE' ) );
#4124 =( LENGTH_UNIT ( ) NAMED_UNIT ( * ) SI_UNIT ( .MILLI., .METRE. ) );
#4125 = SURFACE_STYLE_FILL_AREA ( #7264 ) ;
#4126 = ORIENTED_EDGE ( 'NONE', *, *, #3907, .T. ) ;
#4127 = SURFACE_SIDE_STYLE ('',( #3026 ) ) ;
#4128 = LINE ( 'NONE', #5445, #7146 ) ;
#4129 =( NAMED_UNIT ( * ) SI_UNIT ( $, .STERADIAN. ) SOLID_ANGLE_UNIT ( ) );
#4130 = AXIS2_PLACEMENT_3D ( 'NONE', #7595, #3341, #1002 ) ;
#4131 = EDGE_CURVE ( 'NONE', #4351, #745, #3509, .T. ) ;
#4132 = ORIENTED_EDGE ( 'NONE', *, *, #1094, .F. ) ;
#4133 = DIRECTION ( 'NONE',  ( 0.000000000000000000, 0.000000000000000000, 1.000000000000000000 ) ) ;
#4134 = EDGE_CURVE ( 'NONE', #7248, #5104, #5547, .T. ) ;
#4135 = CARTESIAN_POINT ( 'NONE',  ( -3.970876701500000383, 5.009118206500001058, -13.35000000079999971 ) ) ;
#4136 =( GEOMETRIC_REPRESENTATION_CONTEXT ( 3 ) GLOBAL_UNCERTAINTY_ASSIGNED_CONTEXT ( ( #6706 ) ) GLOBAL_UNIT_ASSIGNED_CONTEXT ( ( #2590, #7464, #251 ) ) REPRESENTATION_CONTEXT ( 'NONE', 'WORKASPACE' ) );
#4137 = ORIENTED_EDGE ( 'NONE', *, *, #1084, .T. ) ;
#4138 = CARTESIAN_POINT ( 'NONE',  ( -4.499999999750000867, -0.01000000014999992762, -2.849999999999999645 ) ) ;
#4139 = SURFACE_STYLE_USAGE ( .BOTH. , #5931 ) ;
#4140 = AXIS2_PLACEMENT_3D ( 'NONE', #3014, #5434, #3172 ) ;
#4141 = FILL_AREA_STYLE ('',( #7085 ) ) ;
#4142 =( NAMED_UNIT ( * ) PLANE_ANGLE_UNIT ( ) SI_UNIT ( $, .RADIAN. ) );
#4143 = EDGE_CURVE ( 'NONE', #3677, #6737, #2306, .T. ) ;
#4144 = EDGE_CURVE ( 'NONE', #1691, #5864, #5688, .T. ) ;
#4145 = DIRECTION ( 'NONE',  ( 0.000000000000000000, -1.000000000000000000, 0.000000000000000000 ) ) ;
#4146 = ORIENTED_EDGE ( 'NONE', *, *, #5358, .F. ) ;
#4147 = ORIENTED_EDGE ( 'NONE', *, *, #809, .T. ) ;
#4148 = DIRECTION ( 'NONE',  ( 0.000000000000000000, 0.000000000000000000, 1.000000000000000000 ) ) ;
#4149 = CARTESIAN_POINT ( 'NONE',  ( -7.849999999999999645, -3.549500000000000099, -13.75000000000000000 ) ) ;
#4150 = STYLED_ITEM ( 'NONE', ( #7207 ), #4158 ) ;
#4151 = VECTOR ( 'NONE', #5821, 1000.000000000000114 ) ;
#4152 = CARTESIAN_POINT ( 'NONE',  ( -4.499999998999999917, -2.000000000000000000, -3.149999999999999911 ) ) ;
#4153 = SURFACE_STYLE_USAGE ( .BOTH. , #5869 ) ;
#4154 = LINE ( 'NONE', #2384, #7851 ) ;
#4155 = MECHANICAL_DESIGN_GEOMETRIC_PRESENTATION_REPRESENTATION (  '', ( #2529 ), #3909 ) ;
#4156 = ORIENTED_EDGE ( 'NONE', *, *, #3918, .F. ) ;
#4157 = VECTOR ( 'NONE', #4456, 1000.000000000000000 ) ;
#4158 = ADVANCED_FACE ( 'NONE', ( #1187 ), #7093, .F. ) ;
#4159 = LINE ( 'NONE', #7286, #7663 ) ;
#4160 = ORIENTED_EDGE ( 'NONE', *, *, #3136, .F. ) ;
#4161 = CARTESIAN_POINT ( 'NONE',  ( 0.000000000000000000, 10.67799750100000011, -13.29009995000000011 ) ) ;
#4162 = DIRECTION ( 'NONE',  ( -0.000000000000000000, 0.000000000000000000, -1.000000000000000000 ) ) ;
#4163 = ORIENTED_EDGE ( 'NONE', *, *, #6290, .F. ) ;
#4164 = CARTESIAN_POINT ( 'NONE',  ( -5.349999999999999645, -0.0009999987028906779426, -11.90000000000000036 ) ) ;
#4165 = CIRCLE ( 'NONE', #995, 0.7999999999999999334 ) ;
#4166 = AXIS2_PLACEMENT_3D ( 'NONE', #1093, #3540, #2955 ) ;
#4167 = ORIENTED_EDGE ( 'NONE', *, *, #1367, .F. ) ;
#4168 = MECHANICAL_DESIGN_GEOMETRIC_PRESENTATION_REPRESENTATION (  '', ( #6076 ), #91 ) ;
#4169 = LINE ( 'NONE', #1892, #6828 ) ;
#4170 = VECTOR ( 'NONE', #6193, 1000.000000000000000 ) ;
#4171 = UNCERTAINTY_MEASURE_WITH_UNIT (LENGTH_MEASURE( 1.000000000000000082E-05 ), #4730, 'distance_accuracy_value', 'NONE');
#4172 = ORIENTED_EDGE ( 'NONE', *, *, #4708, .T. ) ;
#4173 = DIRECTION ( 'NONE',  ( -1.000000000000000000, -0.000000000000000000, -0.000000000000000000 ) ) ;
#4174 = PLANE ( 'NONE',  #5009 ) ;
#4175 = ORIENTED_EDGE ( 'NONE', *, *, #5000, .T. ) ;
#4176 = CARTESIAN_POINT ( 'NONE',  ( 0.000000000000000000, 8.361619849000003768, 0.000000000000000000 ) ) ;
#4177 = SURFACE_SIDE_STYLE ('',( #7307 ) ) ;
#4178 = AXIS2_PLACEMENT_3D ( 'NONE', #7630, #1655, #457 ) ;
#4179 = ORIENTED_EDGE ( 'NONE', *, *, #900, .F. ) ;
#4180 = EDGE_CURVE ( 'NONE', #4407, #2486, #3763, .T. ) ;
#4181 = DIRECTION ( 'NONE',  ( -1.000000000000000000, 0.000000000000000000, 0.000000000000000000 ) ) ;
#4182 = LINE ( 'NONE', #648, #1366 ) ;
#4183 = SURFACE_STYLE_USAGE ( .BOTH. , #471 ) ;
#4184 = CARTESIAN_POINT ( 'NONE',  ( 5.850000000000000533, 10.00000000000000000, 0.000000000000000000 ) ) ;
#4185 = VECTOR ( 'NONE', #4835, 1000.000000000000000 ) ;
#4186 =( LENGTH_UNIT ( ) NAMED_UNIT ( * ) SI_UNIT ( .MILLI., .METRE. ) );
#4187 =( NAMED_UNIT ( * ) SI_UNIT ( $, .STERADIAN. ) SOLID_ANGLE_UNIT ( ) );
#4188 = LINE ( 'NONE', #1182, #4904 ) ;
#4189 = ORIENTED_EDGE ( 'NONE', *, *, #7608, .T. ) ;
#4190 = VERTEX_POINT ( 'NONE', #3471 ) ;
#4191 = LINE ( 'NONE', #6608, #6637 ) ;
#4192 = VECTOR ( 'NONE', #5478, 1000.000000000000000 ) ;
#4193 = EDGE_CURVE ( 'NONE', #7284, #3127, #4154, .T. ) ;
#4194 = CIRCLE ( 'NONE', #1816, 5.850000000000000533 ) ;
#4195 = ORIENTED_EDGE ( 'NONE', *, *, #2987, .F. ) ;
#4196 = CARTESIAN_POINT ( 'NONE',  ( -7.149999999999999467, 0.6002500000000000613, -13.35000000039999968 ) ) ;
#4197 = EDGE_LOOP ( 'NONE', ( #7179, #2663, #3057, #5263 ) ) ;
#4198 = FACE_OUTER_BOUND ( 'NONE', #4481, .T. ) ;
#4199 = VERTEX_POINT ( 'NONE', #5300 ) ;
#4200 = ORIENTED_EDGE ( 'NONE', *, *, #6820, .T. ) ;
#4201 = VECTOR ( 'NONE', #1917, 999.9999999999998863 ) ;
#4202 = EDGE_CURVE ( 'NONE', #2514, #1893, #6025, .T. ) ;
#4203 = ADVANCED_FACE ( 'NONE', ( #575 ), #1720, .T. ) ;
#4204 = DIRECTION ( 'NONE',  ( 0.000000000000000000, 0.000000000000000000, -1.000000000000000000 ) ) ;
#4205 = ORIENTED_EDGE ( 'NONE', *, *, #4455, .T. ) ;
#4206 = VECTOR ( 'NONE', #5853, 1000.000000000000000 ) ;
#4207 = DIRECTION ( 'NONE',  ( -1.000000000000000000, -0.000000000000000000, -0.000000000000000000 ) ) ;
#4208 = SURFACE_SIDE_STYLE ('',( #3562 ) ) ;
#4209 = ORIENTED_EDGE ( 'NONE', *, *, #3861, .T. ) ;
#4210 = ORIENTED_EDGE ( 'NONE', *, *, #4717, .T. ) ;
#4211 = DIRECTION ( 'NONE',  ( 0.000000000000000000, 1.000000000000000000, 0.000000000000000000 ) ) ;
#4212 = DIRECTION ( 'NONE',  ( 1.000000000000000000, 0.000000000000000000, 0.000000000000000000 ) ) ;
#4213 = AXIS2_PLACEMENT_3D ( 'NONE', #7830, #6005, #552 ) ;
#4214 = VERTEX_POINT ( 'NONE', #4898 ) ;
#4215 =( NAMED_UNIT ( * ) PLANE_ANGLE_UNIT ( ) SI_UNIT ( $, .RADIAN. ) );
#4216 = ORIENTED_EDGE ( 'NONE', *, *, #1317, .F. ) ;
#4217 = PRESENTATION_STYLE_ASSIGNMENT (( #2370 ) ) ;
#4218 = SURFACE_STYLE_USAGE ( .BOTH. , #647 ) ;
#4219 = DIRECTION ( 'NONE',  ( 0.7660444429611653616, -0.6427876098746132527, 0.000000000000000000 ) ) ;
#4220 = FILL_AREA_STYLE ('',( #7312 ) ) ;
#4221 = DIRECTION ( 'NONE',  ( 0.000000000000000000, 1.000000000000000000, 0.000000000000000000 ) ) ;
#4222 = CYLINDRICAL_SURFACE ( 'NONE', #7697, 0.7999999999999999334 ) ;
#4223 = ORIENTED_EDGE ( 'NONE', *, *, #3519, .F. ) ;
#4224 = ORIENTED_EDGE ( 'NONE', *, *, #2063, .F. ) ;
#4225 = DIRECTION ( 'NONE',  ( -0.000000000000000000, -1.000000000000000000, -0.000000000000000000 ) ) ;
#4226 = CARTESIAN_POINT ( 'NONE',  ( 0.000000000000000000, 10.67500000008972094, -13.35000000032535183 ) ) ;
#4227 = LINE ( 'NONE', #4819, #7879 ) ;
#4228 = VECTOR ( 'NONE', #4239, 1000.000000000000000 ) ;
#4229 = VECTOR ( 'NONE', #5660, 1000.000000000000000 ) ;
#4230 = DIRECTION ( 'NONE',  ( 1.000000000000000000, 0.000000000000000000, 0.000000000000000000 ) ) ;
#4231 = FILL_AREA_STYLE ('',( #4699 ) ) ;
#4232 = EDGE_CURVE ( 'NONE', #3495, #3705, #2498, .T. ) ;
#4233 = EDGE_LOOP ( 'NONE', ( #3176, #1924, #2872, #1938, #3167, #7739, #2942, #4235 ) ) ;
#4234 = LINE ( 'NONE', #6651, #7278 ) ;
#4235 = ORIENTED_EDGE ( 'NONE', *, *, #1501, .F. ) ;
#4236 = CARTESIAN_POINT ( 'NONE',  ( 0.000000000000000000, 11.90993944300000074, -13.66820397600000092 ) ) ;
#4237 = EDGE_CURVE ( 'NONE', #5928, #2385, #1918, .T. ) ;
#4238 = VERTEX_POINT ( 'NONE', #1310 ) ;
#4239 = DIRECTION ( 'NONE',  ( 0.6560590296359154472, 0.7547095796617272478, -0.000000000000000000 ) ) ;
#4240 = DIRECTION ( 'NONE',  ( -1.000000000000000000, 0.000000000000000000, 0.000000000000000000 ) ) ;
#4241 = VECTOR ( 'NONE', #7247, 1000.000000000000000 ) ;
#4242 = AXIS2_PLACEMENT_3D ( 'NONE', #5484, #2518, #6160 ) ;
#4243 = ORIENTED_EDGE ( 'NONE', *, *, #5110, .T. ) ;
#4244 = CARTESIAN_POINT ( 'NONE',  ( 9.199999999999999289, 0.000000000000000000, -13.35000000000000320 ) ) ;
#4245 = CARTESIAN_POINT ( 'NONE',  ( -3.744004998000000306, 11.87200249900000237, -13.29009995000000011 ) ) ;
#4246 = EDGE_CURVE ( 'NONE', #2169, #842, #4779, .T. ) ;
#4247 = ORIENTED_EDGE ( 'NONE', *, *, #3017, .F. ) ;
#4248 = EDGE_CURVE ( 'NONE', #115, #289, #5628, .T. ) ;
#4249 = ORIENTED_EDGE ( 'NONE', *, *, #4961, .T. ) ;
#4250 = UNCERTAINTY_MEASURE_WITH_UNIT (LENGTH_MEASURE( 1.000000000000000082E-05 ), #1314, 'distance_accuracy_value', 'NONE');
#4251 = AXIS2_PLACEMENT_3D ( 'NONE', #7138, #4043, #7065 ) ;
#4252 = ORIENTED_EDGE ( 'NONE', *, *, #246, .F. ) ;
#4253 = DIRECTION ( 'NONE',  ( 0.000000000000000000, 0.000000000000000000, 1.000000000000000000 ) ) ;
#4254 =( LENGTH_UNIT ( ) NAMED_UNIT ( * ) SI_UNIT ( .MILLI., .METRE. ) );
#4255 = VECTOR ( 'NONE', #138, 1000.000000000000227 ) ;
#4256 = ORIENTED_EDGE ( 'NONE', *, *, #4077, .T. ) ;
#4257 = LINE ( 'NONE', #5407, #2865 ) ;
#4258 = EDGE_CURVE ( 'NONE', #4903, #6390, #162, .T. ) ;
#4259 = LINE ( 'NONE', #25, #1925 ) ;
#4260 = ORIENTED_EDGE ( 'NONE', *, *, #6301, .T. ) ;
#4261 = DIRECTION ( 'NONE',  ( 0.000000000000000000, 0.000000000000000000, 1.000000000000000000 ) ) ;
#4262 = VECTOR ( 'NONE', #3303, 1000.000000000000000 ) ;
#4263 = CARTESIAN_POINT ( 'NONE',  ( 6.850000000000000533, 4.750000000000000000, -13.75000000000000000 ) ) ;
#4264 = LINE ( 'NONE', #3661, #2199 ) ;
#4265 =( NAMED_UNIT ( * ) SI_UNIT ( $, .STERADIAN. ) SOLID_ANGLE_UNIT ( ) );
#4266 = SURFACE_STYLE_FILL_AREA ( #6725 ) ;
#4267 = CARTESIAN_POINT ( 'NONE',  ( 4.192989996122871155, 9.600294026842730588, 0.000000000000000000 ) ) ;
#4268 = FACE_OUTER_BOUND ( 'NONE', #6226, .T. ) ;
#4269 = ORIENTED_EDGE ( 'NONE', *, *, #7609, .F. ) ;
#4270 = PLANE ( 'NONE',  #821 ) ;
#4271 = CARTESIAN_POINT ( 'NONE',  ( 0.000000000000000000, 0.000000000000000000, -4.400000000250002152 ) ) ;
#4272 = SURFACE_STYLE_FILL_AREA ( #3627 ) ;
#4273 = AXIS2_PLACEMENT_3D ( 'NONE', #4098, #1590, #1624 ) ;
#4274 = CARTESIAN_POINT ( 'NONE',  ( 7.900000000000000355, 10.00000000000000000, -11.90000000000000036 ) ) ;
#4275 = DIRECTION ( 'NONE',  ( -0.000000000000000000, -0.000000000000000000, -1.000000000000000000 ) ) ;
#4276 = ORIENTED_EDGE ( 'NONE', *, *, #5941, .T. ) ;
#4277 = LINE ( 'NONE', #2346, #6645 ) ;
#4278 = ORIENTED_EDGE ( 'NONE', *, *, #2000, .F. ) ;
#4279 = VECTOR ( 'NONE', #4573, 1000.000000000000000 ) ;
#4280 = VERTEX_POINT ( 'NONE', #3670 ) ;
#4281 = CARTESIAN_POINT ( 'NONE',  ( -5.649999999999999467, 0.000000000000000000, -3.149999999999999911 ) ) ;
#4282 = LINE ( 'NONE', #7860, #728 ) ;
#4283 = EDGE_CURVE ( 'NONE', #2245, #2056, #1878, .T. ) ;
#4284 = AXIS2_PLACEMENT_3D ( 'NONE', #5577, #2569, #111 ) ;
#4285 = ORIENTED_EDGE ( 'NONE', *, *, #5160, .T. ) ;
#4286 = CARTESIAN_POINT ( 'NONE',  ( -2.549999999999999822, 11.27500000000000036, -13.94999999999999929 ) ) ;
#4287 = FILL_AREA_STYLE_COLOUR ( '', #641 ) ;
#4288 = VECTOR ( 'NONE', #6893, 1000.000000000000000 ) ;
#4289 = STYLED_ITEM ( 'NONE', ( #5783 ), #3620 ) ;
#4290 = VERTEX_POINT ( 'NONE', #3629 ) ;
#4291 = DIRECTION ( 'NONE',  ( 1.000000000000000000, 0.000000000000000000, 0.000000000000000000 ) ) ;
#4292 = CARTESIAN_POINT ( 'NONE',  ( 0.5250000000000002442, 19.50000000000000000, -1.700000000000000178 ) ) ;
#4293 = DIRECTION ( 'NONE',  ( 0.000000000000000000, 0.000000000000000000, -1.000000000000000000 ) ) ;
#4294 = CARTESIAN_POINT ( 'NONE',  ( -2.923733181499999834, 6.179353791000000484, 0.000000000000000000 ) ) ;
#4295 = EDGE_CURVE ( 'NONE', #1063, #4713, #1387, .T. ) ;
#4296 = EDGE_CURVE ( 'NONE', #3953, #4238, #4317, .T. ) ;
#4297 = ORIENTED_EDGE ( 'NONE', *, *, #746, .F. ) ;
#4298 = LINE ( 'NONE', #4176, #7326 ) ;
#4299 = CARTESIAN_POINT ( 'NONE',  ( -0.3500000054999967691, 0.000000000000000000, -6.675000000000000711 ) ) ;
#4300 = CYLINDRICAL_SURFACE ( 'NONE', #1772, 0.7500000000000006661 ) ;
#4301 = ORIENTED_EDGE ( 'NONE', *, *, #1599, .T. ) ;
#4302 = CARTESIAN_POINT ( 'NONE',  ( 0.3500000000000000333, 0.3999999999999999667, -13.00000000000000355 ) ) ;
#4303 = DIRECTION ( 'NONE',  ( 0.000000000000000000, 0.000000000000000000, 1.000000000000000000 ) ) ;
#4304 = ADVANCED_FACE ( 'NONE', ( #661 ), #6730, .F. ) ;
#4305 = EDGE_CURVE ( 'NONE', #4356, #2474, #2767, .T. ) ;
#4306 =( NAMED_UNIT ( * ) PLANE_ANGLE_UNIT ( ) SI_UNIT ( $, .RADIAN. ) );
#4307 = VECTOR ( 'NONE', #2950, 1000.000000000000000 ) ;
#4308 = CARTESIAN_POINT ( 'NONE',  ( 7.079741284158813208, 4.942922117824114281, -11.90000000000000036 ) ) ;
#4309 =( NAMED_UNIT ( * ) PLANE_ANGLE_UNIT ( ) SI_UNIT ( $, .RADIAN. ) );
#4310 = LINE ( 'NONE', #780, #2152 ) ;
#4311 = DIRECTION ( 'NONE',  ( -0.000000000000000000, -0.000000000000000000, -1.000000000000000000 ) ) ;
#4312 = ORIENTED_EDGE ( 'NONE', *, *, #89, .F. ) ;
#4313 = CARTESIAN_POINT ( 'NONE',  ( 3.534155545302255508, 10.25370469141408059, -11.90000000000000036 ) ) ;
#4314 = AXIS2_PLACEMENT_3D ( 'NONE', #4044, #3444, #2287 ) ;
#4315 = CARTESIAN_POINT ( 'NONE',  ( 4.649999999722826516, -3.000000000000000000, -15.50000000000000000 ) ) ;
#4316 = EDGE_CURVE ( 'NONE', #717, #2969, #2537, .T. ) ;
#4317 = LINE ( 'NONE', #619, #1767 ) ;
#4318 = CARTESIAN_POINT ( 'NONE',  ( -0.3500000000000000333, 1.000000000000000000, -12.00000000000000000 ) ) ;
#4319 = ORIENTED_EDGE ( 'NONE', *, *, #6377, .F. ) ;
#4320 = PLANE ( 'NONE',  #5121 ) ;
#4321 = ORIENTED_EDGE ( 'NONE', *, *, #3311, .T. ) ;
#4322 = ORIENTED_EDGE ( 'NONE', *, *, #514, .F. ) ;
#4323 = EDGE_LOOP ( 'NONE', ( #7531, #6548, #7604, #7128 ) ) ;
#4324 = PRESENTATION_LAYER_ASSIGNMENT (  '', '', ( #7744 ) ) ;
#4325 = ORIENTED_EDGE ( 'NONE', *, *, #1179, .T. ) ;
#4326 = CARTESIAN_POINT ( 'NONE',  ( 4.143671231999999982, 2.899999999999999911, -11.90000000000000036 ) ) ;
#4327 = CARTESIAN_POINT ( 'NONE',  ( 0.000000000000000000, 10.64006055699999997, -13.66820397600000092 ) ) ;
#4328 = EDGE_LOOP ( 'NONE', ( #306, #6341, #1433, #3436 ) ) ;
#4329 = VECTOR ( 'NONE', #3583, 1000.000000000000000 ) ;
#4330 = UNCERTAINTY_MEASURE_WITH_UNIT (LENGTH_MEASURE( 1.000000000000000082E-05 ), #1838, 'distance_accuracy_value', 'NONE');
#4331 = ORIENTED_EDGE ( 'NONE', *, *, #4258, .T. ) ;
#4332 = DIRECTION ( 'NONE',  ( -1.000000000000000000, 0.000000000000000000, 0.000000000000000000 ) ) ;
#4333 = PLANE ( 'NONE',  #2231 ) ;
#4334 = DIRECTION ( 'NONE',  ( 0.6560590291938336316, 0.7547095800460230652, -0.000000000000000000 ) ) ;
#4335 = LINE ( 'NONE', #4461, #2902 ) ;
#4336 = STYLED_ITEM ( 'NONE', ( #4810 ), #6853 ) ;
#4337 = ORIENTED_EDGE ( 'NONE', *, *, #799, .F. ) ;
#4338 = CARTESIAN_POINT ( 'NONE',  ( -5.000000000000000000, 12.25000000000000000, -11.90000000000000036 ) ) ;
#4339 = FACE_OUTER_BOUND ( 'NONE', #682, .T. ) ;
#4340 = EDGE_CURVE ( 'NONE', #6185, #1370, #3164, .T. ) ;
#4341 = ORIENTED_EDGE ( 'NONE', *, *, #6342, .T. ) ;
#4342 = CARTESIAN_POINT ( 'NONE',  ( -6.850000000000000533, 4.750000000000000000, -11.90000000000000036 ) ) ;
#4343 = COLOUR_RGB ( '',0.7529411764705882248, 0.7529411764705882248, 0.7529411764705882248 ) ;
#4344 = CARTESIAN_POINT ( 'NONE',  ( -1.699999998429271297, 3.209565551060781008, -10.25000000000000000 ) ) ;
#4345 = DIRECTION ( 'NONE',  ( -1.000000000000000000, 0.000000000000000000, 0.000000000000000000 ) ) ;
#4346 = CARTESIAN_POINT ( 'NONE',  ( 10.25000000000000000, 19.50000000000000000, -1.700000000000000178 ) ) ;
#4347 = CARTESIAN_POINT ( 'NONE',  ( -0.3500000000000000333, 6.879999999999999893, -13.35000000000000320 ) ) ;
#4348 = ORIENTED_EDGE ( 'NONE', *, *, #1700, .T. ) ;
#4349 = EDGE_CURVE ( 'NONE', #6344, #7305, #2617, .T. ) ;
#4350 = EDGE_CURVE ( 'NONE', #3160, #7843, #7368, .T. ) ;
#4351 = VERTEX_POINT ( 'NONE', #2046 ) ;
#4352 = DIRECTION ( 'NONE',  ( 0.000000000000000000, 0.000000000000000000, -1.000000000000000000 ) ) ;
#4353 = DIRECTION ( 'NONE',  ( 0.000000000000000000, 0.000000000000000000, 1.000000000000000000 ) ) ;
#4354 = DIRECTION ( 'NONE',  ( -1.000000000000000000, -0.000000000000000000, -0.000000000000000000 ) ) ;
#4355 = LINE ( 'NONE', #6264, #1135 ) ;
#4356 = VERTEX_POINT ( 'NONE', #2580 ) ;
#4357 = VERTEX_POINT ( 'NONE', #7281 ) ;
#4358 = ORIENTED_EDGE ( 'NONE', *, *, #4180, .T. ) ;
#4359 = ADVANCED_FACE ( 'NONE', ( #1400 ), #4982, .F. ) ;
#4360 = EDGE_LOOP ( 'NONE', ( #3514, #7835, #587, #753 ) ) ;
#4361 = PLANE ( 'NONE',  #2842 ) ;
#4362 = DIRECTION ( 'NONE',  ( 0.000000000000000000, 0.000000000000000000, 1.000000000000000000 ) ) ;
#4363 = VECTOR ( 'NONE', #3656, 1000.000000000000000 ) ;
#4364 =( GEOMETRIC_REPRESENTATION_CONTEXT ( 3 ) GLOBAL_UNCERTAINTY_ASSIGNED_CONTEXT ( ( #323 ) ) GLOBAL_UNIT_ASSIGNED_CONTEXT ( ( #2177, #4009, #5234 ) ) REPRESENTATION_CONTEXT ( 'NONE', 'WORKASPACE' ) );
#4365 = VERTEX_POINT ( 'NONE', #4274 ) ;
#4366 = CARTESIAN_POINT ( 'NONE',  ( 0.3500000000000000333, 0.000000000000000000, -13.00000000000000178 ) ) ;
#4367 = ORIENTED_EDGE ( 'NONE', *, *, #7392, .T. ) ;
#4368 = PRESENTATION_STYLE_ASSIGNMENT (( #2515 ) ) ;
#4369 = PLANE ( 'NONE',  #5638 ) ;
#4370 = LINE ( 'NONE', #3253, #959 ) ;
#4371 = VECTOR ( 'NONE', #2479, 1000.000000000000000 ) ;
#4372 = PLANE ( 'NONE',  #3914 ) ;
#4373 = ORIENTED_EDGE ( 'NONE', *, *, #2214, .F. ) ;
#4374 = FACE_OUTER_BOUND ( 'NONE', #3235, .T. ) ;
#4375 = DIRECTION ( 'NONE',  ( -0.000000000000000000, -0.000000000000000000, 1.000000000000000000 ) ) ;
#4376 = CIRCLE ( 'NONE', #4510, 0.8000000000000000444 ) ;
#4377 = DIRECTION ( 'NONE',  ( -0.000000000000000000, 0.000000000000000000, -1.000000000000000000 ) ) ;
#4378 = LINE ( 'NONE', #5337, #319 ) ;
#4379 = ORIENTED_EDGE ( 'NONE', *, *, #6459, .T. ) ;
#4380 = SURFACE_STYLE_USAGE ( .BOTH. , #5088 ) ;
#4381 = PLANE ( 'NONE',  #2964 ) ;
#4382 = EDGE_CURVE ( 'NONE', #3386, #262, #1645, .T. ) ;
#4383 = CARTESIAN_POINT ( 'NONE',  ( 5.263545457706482189, 2.105736643599999791, -13.35000000000000320 ) ) ;
#4384 = VECTOR ( 'NONE', #175, 1000.000000000000000 ) ;
#4385 = SURFACE_STYLE_FILL_AREA ( #7398 ) ;
#4386 = CARTESIAN_POINT ( 'NONE',  ( -1.350000000000000089, 15.53429395949999758, 0.000000000000000000 ) ) ;
#4387 = LINE ( 'NONE', #3345, #7218 ) ;
#4388 = CARTESIAN_POINT ( 'NONE',  ( -1.575000000000000400, 6.780000000000000249, -13.35000000000000320 ) ) ;
#4389 = VECTOR ( 'NONE', #4889, 1000.000000000000000 ) ;
#4390 = ORIENTED_EDGE ( 'NONE', *, *, #810, .F. ) ;
#4391 = CARTESIAN_POINT ( 'NONE',  ( -0.3000000000000000444, 8.361619849000003768, -10.25000000000000000 ) ) ;
#4392 = CARTESIAN_POINT ( 'NONE',  ( -3.720183544159355371, 9.230897141796035044, -10.25000000000000000 ) ) ;
#4393 = CARTESIAN_POINT ( 'NONE',  ( -8.550000000000000711, 10.00000000000000000, -11.90000000000000036 ) ) ;
#4394 = ADVANCED_FACE ( 'NONE', ( #3791 ), #6222, .T. ) ;
#4395 = STYLED_ITEM ( 'NONE', ( #7504 ), #2197 ) ;
#4396 = EDGE_CURVE ( 'NONE', #5935, #3475, #4548, .T. ) ;
#4397 = CARTESIAN_POINT ( 'NONE',  ( -3.517539112000000578, 5.953534134499999908, 0.000000000000000000 ) ) ;
#4398 = EDGE_LOOP ( 'NONE', ( #2010, #4419, #2468, #3059 ) ) ;
#4399 = ORIENTED_EDGE ( 'NONE', *, *, #7676, .F. ) ;
#4400 = VERTEX_POINT ( 'NONE', #7568 ) ;
#4401 = CARTESIAN_POINT ( 'NONE',  ( 0.8749999998999999917, 2.200000000050541527, -3.900000000565210456 ) ) ;
#4402 = DIRECTION ( 'NONE',  ( -1.000000000000000000, -0.000000000000000000, -0.000000000000000000 ) ) ;
#4403 = VECTOR ( 'NONE', #2707, 1000.000000000000000 ) ;
#4404 = EDGE_CURVE ( 'NONE', #2150, #435, #239, .T. ) ;
#4405 = DIRECTION ( 'NONE',  ( 0.000000000000000000, -3.469446951953611033E-15, 1.000000000000000000 ) ) ;
#4406 = VECTOR ( 'NONE', #3157, 1000.000000000000000 ) ;
#4407 = VERTEX_POINT ( 'NONE', #6304 ) ;
#4408 = LINE ( 'NONE', #876, #5965 ) ;
#4409 = CARTESIAN_POINT ( 'NONE',  ( 7.149999999999999467, 2.899999999999999911, -13.35000000013333299 ) ) ;
#4410 = FACE_OUTER_BOUND ( 'NONE', #5462, .T. ) ;
#4411 = UNCERTAINTY_MEASURE_WITH_UNIT (LENGTH_MEASURE( 1.000000000000000082E-05 ), #6620, 'distance_accuracy_value', 'NONE');
#4412 = VERTEX_POINT ( 'NONE', #3912 ) ;
#4413 = CARTESIAN_POINT ( 'NONE',  ( 2.296206600999999736, 7.358516468999998672, -10.25000000000000000 ) ) ;
#4414 = AXIS2_PLACEMENT_3D ( 'NONE', #743, #5588, #5504 ) ;
#4415 = LINE ( 'NONE', #1419, #3227 ) ;
#4416 = CARTESIAN_POINT ( 'NONE',  ( -3.500000000000000000, 10.00000000000000000, -10.25000000000000000 ) ) ;
#4417 = ADVANCED_FACE ( 'NONE', ( #6926 ), #6263, .F. ) ;
#4418 = FACE_OUTER_BOUND ( 'NONE', #6035, .T. ) ;
#4419 = ORIENTED_EDGE ( 'NONE', *, *, #7819, .F. ) ;
#4420 = FACE_OUTER_BOUND ( 'NONE', #2599, .T. ) ;
#4421 = CARTESIAN_POINT ( 'NONE',  ( 0.000000000000000000, 13.70000000000000107, -13.35000000000000320 ) ) ;
#4422 = VECTOR ( 'NONE', #2570, 1000.000000000000000 ) ;
#4423 = CARTESIAN_POINT ( 'NONE',  ( -5.263545457954375451, 2.105736643102475103, -13.35000000039999968 ) ) ;
#4424 = ORIENTED_EDGE ( 'NONE', *, *, #1835, .T. ) ;
#4425 = DIRECTION ( 'NONE',  ( 1.000000000000000000, 0.000000000000000000, -0.000000000000000000 ) ) ;
#4426 = FILL_AREA_STYLE ('',( #2102 ) ) ;
#4427 = SURFACE_SIDE_STYLE ('',( #6361 ) ) ;
#4428 = CARTESIAN_POINT ( 'NONE',  ( -2.117469151000000327, 11.28227801699999944, -10.25000000000000000 ) ) ;
#4429 = AXIS2_PLACEMENT_3D ( 'NONE', #2550, #5684, #1369 ) ;
#4430 = CARTESIAN_POINT ( 'NONE',  ( 0.3000000000000000444, 4.638380150999999785, 0.000000000000000000 ) ) ;
#4431 =( NAMED_UNIT ( * ) PLANE_ANGLE_UNIT ( ) SI_UNIT ( $, .RADIAN. ) );
#4432 = ADVANCED_FACE ( 'NONE', ( #4478 ), #2187, .F. ) ;
#4433 = PLANE ( 'NONE',  #71 ) ;
#4434 = ORIENTED_EDGE ( 'NONE', *, *, #5314, .T. ) ;
#4435 = AXIS2_PLACEMENT_3D ( 'NONE', #3156, #3700, #5493 ) ;
#4436 = VERTEX_POINT ( 'NONE', #2698 ) ;
#4437 = DIRECTION ( 'NONE',  ( 0.000000000000000000, 0.000000000000000000, 1.000000000000000000 ) ) ;
#4438 = CARTESIAN_POINT ( 'NONE',  ( 4.299999999999999822, 10.00000000000000000, -10.25000000000000000 ) ) ;
#4439 = DIRECTION ( 'NONE',  ( -0.7547095804522768736, 0.6560590287264921328, 0.000000000000000000 ) ) ;
#4440 = CYLINDRICAL_SURFACE ( 'NONE', #2695, 0.5000000000000004441 ) ;
#4441 = DIRECTION ( 'NONE',  ( 0.000000000000000000, -0.000000000000000000, 1.000000000000000000 ) ) ;
#4442 = VECTOR ( 'NONE', #7710, 1000.000000000000000 ) ;
#4443 = FILL_AREA_STYLE_COLOUR ( '', #6203 ) ;
#4444 = ORIENTED_EDGE ( 'NONE', *, *, #2994, .T. ) ;
#4445 = VERTEX_POINT ( 'NONE', #2220 ) ;
#4446 = LINE ( 'NONE', #2005, #7564 ) ;
#4447 = ORIENTED_EDGE ( 'NONE', *, *, #1888, .T. ) ;
#4448 = LINE ( 'NONE', #4520, #6631 ) ;
#4449 = VECTOR ( 'NONE', #1940, 1000.000000000000000 ) ;
#4450 = LINE ( 'NONE', #207, #3132 ) ;
#4451 = AXIS2_PLACEMENT_3D ( 'NONE', #6558, #1631, #4065 ) ;
#4452 = CARTESIAN_POINT ( 'NONE',  ( 5.649999999999999467, 0.000000000000000000, -3.149999999999999911 ) ) ;
#4453 = VERTEX_POINT ( 'NONE', #3833 ) ;
#4454 = ORIENTED_EDGE ( 'NONE', *, *, #2510, .F. ) ;
#4455 = EDGE_CURVE ( 'NONE', #2439, #232, #3874, .T. ) ;
#4456 = DIRECTION ( 'NONE',  ( 1.000000000000000000, -0.000000000000000000, -0.000000000000000000 ) ) ;
#4457 = EDGE_CURVE ( 'NONE', #6707, #279, #76, .T. ) ;
#4458 = AXIS2_PLACEMENT_3D ( 'NONE', #586, #1237, #2282 ) ;
#4459 = CARTESIAN_POINT ( 'NONE',  ( -0.3500000000000000333, 6.879999999999999893, -13.75000000000000000 ) ) ;
#4460 = DIRECTION ( 'NONE',  ( -0.6560590291938336316, 0.7547095800460230652, 0.000000000000000000 ) ) ;
#4461 = CARTESIAN_POINT ( 'NONE',  ( 0.3500000000000000333, -1.300000000000000044, -13.00000000000000178 ) ) ;
#4462 = ORIENTED_EDGE ( 'NONE', *, *, #1901, .F. ) ;
#4463 =( GEOMETRIC_REPRESENTATION_CONTEXT ( 3 ) GLOBAL_UNCERTAINTY_ASSIGNED_CONTEXT ( ( #2673 ) ) GLOBAL_UNIT_ASSIGNED_CONTEXT ( ( #4070, #6489, #5902 ) ) REPRESENTATION_CONTEXT ( 'NONE', 'WORKASPACE' ) );
#4464 = CARTESIAN_POINT ( 'NONE',  ( 0.000000000000000000, 14.20000000628000159, -11.90000000000000036 ) ) ;
#4465 = EDGE_CURVE ( 'NONE', #1595, #7847, #5136, .T. ) ;
#4466 = VERTEX_POINT ( 'NONE', #7006 ) ;
#4467 = FILL_AREA_STYLE_COLOUR ( '', #4726 ) ;
#4468 = CARTESIAN_POINT ( 'NONE',  ( 2.913209907220377204, 5.663661386079187565, -15.49999999968266806 ) ) ;
#4469 = CIRCLE ( 'NONE', #5857, 0.2999999999999999334 ) ;
#4470 =( NAMED_UNIT ( * ) PLANE_ANGLE_UNIT ( ) SI_UNIT ( $, .RADIAN. ) );
#4471 = DIRECTION ( 'NONE',  ( 0.000000000000000000, 0.000000000000000000, 1.000000000000000000 ) ) ;
#4472 =( LENGTH_UNIT ( ) NAMED_UNIT ( * ) SI_UNIT ( .MILLI., .METRE. ) );
#4473 = CARTESIAN_POINT ( 'NONE',  ( 7.615804274404636587, 5.393073720550458638, -11.90000000000000036 ) ) ;
#4474 = VECTOR ( 'NONE', #4047, 1000.000000000000114 ) ;
#4475 = ORIENTED_EDGE ( 'NONE', *, *, #3767, .T. ) ;
#4476 = DIRECTION ( 'NONE',  ( 1.000000000000000000, 0.000000000000000000, 0.000000000000000000 ) ) ;
#4477 = LINE ( 'NONE', #862, #4575 ) ;
#4478 = FACE_OUTER_BOUND ( 'NONE', #6453, .T. ) ;
#4479 = LINE ( 'NONE', #2733, #4795 ) ;
#4480 = VERTEX_POINT ( 'NONE', #934 ) ;
#4481 = EDGE_LOOP ( 'NONE', ( #581, #4249, #7334, #6380 ) ) ;
#4482 = PLANE ( 'NONE',  #3264 ) ;
#4483 = ADVANCED_FACE ( 'NONE', ( #2655 ), #3391, .F. ) ;
#4484 = EDGE_CURVE ( 'NONE', #7752, #4948, #1592, .T. ) ;
#4485 = ORIENTED_EDGE ( 'NONE', *, *, #7438, .T. ) ;
#4486 = VECTOR ( 'NONE', #9, 1000.000000000000000 ) ;
#4487 = SURFACE_STYLE_FILL_AREA ( #170 ) ;
#4488 = PRESENTATION_STYLE_ASSIGNMENT (( #7338 ) ) ;
#4489 = EDGE_LOOP ( 'NONE', ( #7233, #4462 ) ) ;
#4490 = CARTESIAN_POINT ( 'NONE',  ( 5.000000000000000000, 13.70000000000000107, -12.62500000000000000 ) ) ;
#4491 = CARTESIAN_POINT ( 'NONE',  ( -0.3500000000000000333, 6.779999998986665943, -13.35000000026666811 ) ) ;
#4492 = VECTOR ( 'NONE', #7447, 1000.000000000000000 ) ;
#4493 = PRESENTATION_LAYER_ASSIGNMENT (  '', '', ( #28 ) ) ;
#4494 = EDGE_CURVE ( 'NONE', #2526, #5178, #974, .T. ) ;
#4495 = EDGE_CURVE ( 'NONE', #2336, #3478, #3427, .T. ) ;
#4496 = ORIENTED_EDGE ( 'NONE', *, *, #7450, .T. ) ;
#4497 = DIRECTION ( 'NONE',  ( 1.000000000000000000, 0.000000000000000000, 0.000000000000000000 ) ) ;
#4498 = FACE_OUTER_BOUND ( 'NONE', #4519, .T. ) ;
#4499 = PRESENTATION_LAYER_ASSIGNMENT (  '', '', ( #3468 ) ) ;
#4500 = ORIENTED_EDGE ( 'NONE', *, *, #4740, .F. ) ;
#4501 = VECTOR ( 'NONE', #4173, 1000.000000000000000 ) ;
#4502 = CARTESIAN_POINT ( 'NONE',  ( -1.215854273500000193, 8.144043730000001702, 0.000000000000000000 ) ) ;
#4503 = COLOUR_RGB ( '',0.7529411764705882248, 0.7529411764705882248, 0.7529411764705882248 ) ;
#4504 = EDGE_CURVE ( 'NONE', #6514, #7063, #6444, .T. ) ;
#4505 = DIRECTION ( 'NONE',  ( -0.000000000000000000, 0.000000000000000000, -1.000000000000000000 ) ) ;
#4506 =( NAMED_UNIT ( * ) SI_UNIT ( $, .STERADIAN. ) SOLID_ANGLE_UNIT ( ) );
#4507 = LINE ( 'NONE', #856, #4279 ) ;
#4508 = ORIENTED_EDGE ( 'NONE', *, *, #809, .F. ) ;
#4509 = ORIENTED_EDGE ( 'NONE', *, *, #7645, .F. ) ;
#4510 = AXIS2_PLACEMENT_3D ( 'NONE', #6256, #4505, #811 ) ;
#4511 = DIRECTION ( 'NONE',  ( -1.000000000000000000, 0.000000000000000000, 0.000000000000000000 ) ) ;
#4512 = FILL_AREA_STYLE_COLOUR ( '', #464 ) ;
#4513 = EDGE_CURVE ( 'NONE', #4805, #2728, #1178, .T. ) ;
#4514 = CARTESIAN_POINT ( 'NONE',  ( 5.000000005000001302, -4.000000000000000000, -2.849999999999999645 ) ) ;
#4515 = ORIENTED_EDGE ( 'NONE', *, *, #2401, .F. ) ;
#4516 = PRESENTATION_LAYER_ASSIGNMENT (  '', '', ( #1224 ) ) ;
#4517 = DIRECTION ( 'NONE',  ( -1.000000000000000000, 0.000000000000000000, 0.000000000000000000 ) ) ;
#4518 = ORIENTED_EDGE ( 'NONE', *, *, #1179, .F. ) ;
#4519 = EDGE_LOOP ( 'NONE', ( #6572, #7463, #1931, #4390 ) ) ;
#4520 = CARTESIAN_POINT ( 'NONE',  ( -2.590275603999999898, 11.65167490299999997, -5.125000000000000000 ) ) ;
#4521 = AXIS2_PLACEMENT_3D ( 'NONE', #5742, #6212, #5128 ) ;
#4522 = ORIENTED_EDGE ( 'NONE', *, *, #4589, .T. ) ;
#4523 = ORIENTED_EDGE ( 'NONE', *, *, #3087, .F. ) ;
#4524 = PRESENTATION_LAYER_ASSIGNMENT (  '', '', ( #715 ) ) ;
#4525 = DIRECTION ( 'NONE',  ( 0.000000000000000000, 0.000000000000000000, 1.000000000000000000 ) ) ;
#4526 = EDGE_CURVE ( 'NONE', #3414, #3211, #2841, .T. ) ;
#4527 = LINE ( 'NONE', #5076, #1905 ) ;
#4528 = VECTOR ( 'NONE', #4261, 1000.000000000000000 ) ;
#4529 =( NAMED_UNIT ( * ) SI_UNIT ( $, .STERADIAN. ) SOLID_ANGLE_UNIT ( ) );
#4530 = ORIENTED_EDGE ( 'NONE', *, *, #982, .T. ) ;
#4531 = CARTESIAN_POINT ( 'NONE',  ( -4.649999999999999467, -0.9160969999999999391, -14.49999999919999993 ) ) ;
#4532 = VECTOR ( 'NONE', #3309, 1000.000000000000114 ) ;
#4533 = VERTEX_POINT ( 'NONE', #5329 ) ;
#4534 = LINE ( 'NONE', #1547, #4968 ) ;
#4535 = PLANE ( 'NONE',  #5115 ) ;
#4536 = CARTESIAN_POINT ( 'NONE',  ( -4.649999999999999467, -3.000000000000000000, -15.00000000000000000 ) ) ;
#4537 = EDGE_CURVE ( 'NONE', #7046, #5006, #1708, .T. ) ;
#4538 =( NAMED_UNIT ( * ) SI_UNIT ( $, .STERADIAN. ) SOLID_ANGLE_UNIT ( ) );
#4539 = FILL_AREA_STYLE ('',( #2071 ) ) ;
#4540 = VECTOR ( 'NONE', #2636, 1000.000000000000114 ) ;
#4541 = DIRECTION ( 'NONE',  ( 0.000000000000000000, -0.000000000000000000, 1.000000000000000000 ) ) ;
#4542 = FACE_OUTER_BOUND ( 'NONE', #7591, .T. ) ;
#4543 = ORIENTED_EDGE ( 'NONE', *, *, #1598, .T. ) ;
#4544 =( GEOMETRIC_REPRESENTATION_CONTEXT ( 3 ) GLOBAL_UNCERTAINTY_ASSIGNED_CONTEXT ( ( #5274 ) ) GLOBAL_UNIT_ASSIGNED_CONTEXT ( ( #3409, #2131, #4529 ) ) REPRESENTATION_CONTEXT ( 'NONE', 'WORKASPACE' ) );
#4545 = EDGE_CURVE ( 'NONE', #1370, #1287, #2333, .T. ) ;
#4546 = COLOUR_RGB ( '',0.7529411764705882248, 0.7529411764705882248, 0.7529411764705882248 ) ;
#4547 = LINE ( 'NONE', #3274, #3684 ) ;
#4548 = LINE ( 'NONE', #2809, #5161 ) ;
#4549 = CARTESIAN_POINT ( 'NONE',  ( 0.000000000000000000, 10.67500000008972094, -13.35000000032535361 ) ) ;
#4550 = CIRCLE ( 'NONE', #2776, 0.7999999999999999334 ) ;
#4551 = VERTEX_POINT ( 'NONE', #5415 ) ;
#4552 = VERTEX_POINT ( 'NONE', #427 ) ;
#4553 = ORIENTED_EDGE ( 'NONE', *, *, #6188, .F. ) ;
#4554 = CARTESIAN_POINT ( 'NONE',  ( 9.199999999999999289, 0.000000000000000000, 0.000000000000000000 ) ) ;
#4555 = LINE ( 'NONE', #3959, #4403 ) ;
#4556 = EDGE_CURVE ( 'NONE', #2351, #5517, #7118, .T. ) ;
#4557 = VECTOR ( 'NONE', #5251, 1000.000000000000114 ) ;
#4558 = VERTEX_POINT ( 'NONE', #518 ) ;
#4559 = VECTOR ( 'NONE', #3069, 1000.000000000000000 ) ;
#4560 = CARTESIAN_POINT ( 'NONE',  ( 4.537760422499999002, 9.159008004999998676, -10.25000000000000000 ) ) ;
#4561 = LINE ( 'NONE', #5145, #5763 ) ;
#4562 = AXIS2_PLACEMENT_3D ( 'NONE', #3225, #5086, #2640 ) ;
#4563 = VERTEX_POINT ( 'NONE', #387 ) ;
#4564 = DIRECTION ( 'NONE',  ( 0.000000000000000000, -0.000000000000000000, 1.000000000000000000 ) ) ;
#4565 = VECTOR ( 'NONE', #2897, 1000.000000000000000 ) ;
#4566 = ORIENTED_EDGE ( 'NONE', *, *, #6794, .T. ) ;
#4567 = DIRECTION ( 'NONE',  ( 0.000000000000000000, 1.000000000000000000, 0.000000000000000000 ) ) ;
#4568 = DIRECTION ( 'NONE',  ( 0.000000000000000000, -0.9088747911357805132, -0.4170690758590134828 ) ) ;
#4569 = FACE_OUTER_BOUND ( 'NONE', #1076, .T. ) ;
#4570 = EDGE_CURVE ( 'NONE', #3405, #3956, #4061, .T. ) ;
#4571 =( NAMED_UNIT ( * ) SI_UNIT ( $, .STERADIAN. ) SOLID_ANGLE_UNIT ( ) );
#4572 = DIRECTION ( 'NONE',  ( 0.000000000000000000, 0.000000000000000000, 1.000000000000000000 ) ) ;
#4573 = DIRECTION ( 'NONE',  ( 0.000000000000000000, 1.000000000000000000, 0.000000000000000000 ) ) ;
#4574 = ORIENTED_EDGE ( 'NONE', *, *, #1701, .T. ) ;
#4575 = VECTOR ( 'NONE', #7492, 1000.000000000000000 ) ;
#4576 = DIRECTION ( 'NONE',  ( -0.000000000000000000, -1.000000000000000000, -0.000000000000000000 ) ) ;
#4577 = CARTESIAN_POINT ( 'NONE',  ( -2.152319812154348089, 7.372648520319896370, -13.35000000059999969 ) ) ;
#4578 = CARTESIAN_POINT ( 'NONE',  ( 3.096206600999999559, 7.358516468999998672, 0.000000000000000000 ) ) ;
#4579 = LINE ( 'NONE', #1709, #3184 ) ;
#4580 = CIRCLE ( 'NONE', #1174, 5.850000000000000533 ) ;
#4581 = EDGE_CURVE ( 'NONE', #4992, #2486, #2953, .T. ) ;
#4582 = ADVANCED_FACE ( 'NONE', ( #2256 ), #2921, .F. ) ;
#4583 = DIRECTION ( 'NONE',  ( 0.000000000000000000, 0.000000000000000000, 1.000000000000000000 ) ) ;
#4584 = VERTEX_POINT ( 'NONE', #4184 ) ;
#4585 = DIRECTION ( 'NONE',  ( 0.000000000000000000, 0.000000000000000000, -1.000000000000000000 ) ) ;
#4586 = EDGE_LOOP ( 'NONE', ( #7746, #4710, #3840, #6877, #2415, #2915, #5722, #5064, #6738 ) ) ;
#4587 = CARTESIAN_POINT ( 'NONE',  ( 1.349999998562399384, 14.19999999881821928, 0.000000000000000000 ) ) ;
#4588 = AXIS2_PLACEMENT_3D ( 'NONE', #7070, #1658, #2791 ) ;
#4589 = EDGE_CURVE ( 'NONE', #6735, #6726, #6016, .T. ) ;
#4590 = VERTEX_POINT ( 'NONE', #5286 ) ;
#4591 = CARTESIAN_POINT ( 'NONE',  ( 1.700000000000000178, 2.200000000000000178, -1.574999999999999956 ) ) ;
#4592 = CARTESIAN_POINT ( 'NONE',  ( -4.649999999999999467, 1.699000000000000288, -13.70000000000000107 ) ) ;
#4593 = FACE_OUTER_BOUND ( 'NONE', #4789, .T. ) ;
#4594 = ORIENTED_EDGE ( 'NONE', *, *, #1247, .T. ) ;
#4595 = FACE_OUTER_BOUND ( 'NONE', #2137, .T. ) ;
#4596 = LINE ( 'NONE', #5229, #4923 ) ;
#4597 = CARTESIAN_POINT ( 'NONE',  ( 4.349999999999999645, 1.699000000000000288, -13.35000000000000320 ) ) ;
#4598 = ORIENTED_EDGE ( 'NONE', *, *, #4955, .F. ) ;
#4599 = FILL_AREA_STYLE ('',( #5233 ) ) ;
#4600 = CARTESIAN_POINT ( 'NONE',  ( -5.000000000000000000, -4.000000000000000000, -3.149999999999999911 ) ) ;
#4601 = VECTOR ( 'NONE', #1319, 1000.000000000000000 ) ;
#4602 = LINE ( 'NONE', #7033, #185 ) ;
#4603 = FILL_AREA_STYLE ('',( #5820 ) ) ;
#4604 = AXIS2_PLACEMENT_3D ( 'NONE', #4600, #7666, #7071 ) ;
#4605 = ORIENTED_EDGE ( 'NONE', *, *, #1455, .F. ) ;
#4606 = ORIENTED_EDGE ( 'NONE', *, *, #961, .F. ) ;
#4607 = EDGE_CURVE ( 'NONE', #2543, #6307, #2296, .T. ) ;
#4608 = DIRECTION ( 'NONE',  ( 0.000000000000000000, 0.000000000000000000, -1.000000000000000000 ) ) ;
#4609 = CARTESIAN_POINT ( 'NONE',  ( -7.150000000000000355, 0.6002500000000002833, -13.00000000075000095 ) ) ;
#4610 = DIRECTION ( 'NONE',  ( -0.6560590291938338536, 0.7547095800460228432, -0.000000000000000000 ) ) ;
#4611 = VECTOR ( 'NONE', #3589, 1000.000000000000000 ) ;
#4612 = CARTESIAN_POINT ( 'NONE',  ( 0.000000000000000000, 2.899999999999999911, -11.90000000000000036 ) ) ;
#4613 = LINE ( 'NONE', #5863, #7597 ) ;
#4614 = SURFACE_STYLE_FILL_AREA ( #2378 ) ;
#4615 = DIRECTION ( 'NONE',  ( 1.000000000000000000, 0.000000000000000000, 0.000000000000000000 ) ) ;
#4616 = ORIENTED_EDGE ( 'NONE', *, *, #1570, .T. ) ;
#4617 = STYLED_ITEM ( 'NONE', ( #7327 ), #1128 ) ;
#4618 = ORIENTED_EDGE ( 'NONE', *, *, #1485, .T. ) ;
#4619 = CARTESIAN_POINT ( 'NONE',  ( 7.150000000000000355, 0.6002500000000002833, -13.00000000075000095 ) ) ;
#4620 =( NAMED_UNIT ( * ) PLANE_ANGLE_UNIT ( ) SI_UNIT ( $, .RADIAN. ) );
#4621 = EDGE_CURVE ( 'NONE', #3475, #7055, #4687, .T. ) ;
#4622 = EDGE_CURVE ( 'NONE', #7202, #7414, #4335, .T. ) ;
#4623 = AXIS2_PLACEMENT_3D ( 'NONE', #4416, #1420, #6241 ) ;
#4624 = ORIENTED_EDGE ( 'NONE', *, *, #2260, .F. ) ;
#4625 = CARTESIAN_POINT ( 'NONE',  ( -5.850000000000000533, 10.00000000000000000, 0.000000000000000000 ) ) ;
#4626 = ORIENTED_EDGE ( 'NONE', *, *, #1912, .F. ) ;
#4627 = LINE ( 'NONE', #1687, #6894 ) ;
#4628 = VECTOR ( 'NONE', #3291, 1000.000000000000000 ) ;
#4629 = ORIENTED_EDGE ( 'NONE', *, *, #5159, .F. ) ;
#4630 = CARTESIAN_POINT ( 'NONE',  ( 5.000000000000000000, 10.24000000000000021, -13.35000000000000320 ) ) ;
#4631 = CARTESIAN_POINT ( 'NONE',  ( -5.850000000000000533, 10.00000000000000000, -10.25000000110000009 ) ) ;
#4632 = EDGE_LOOP ( 'NONE', ( #4223, #6413, #1963, #7796 ) ) ;
#4633 = DIRECTION ( 'NONE',  ( -0.000000000000000000, 0.8191520443588538036, -0.5735764362512727477 ) ) ;
#4634 = CARTESIAN_POINT ( 'NONE',  ( -2.949999999999999734, 10.05000000000000249, -13.35000000000000320 ) ) ;
#4635 = EDGE_CURVE ( 'NONE', #3988, #7551, #2678, .T. ) ;
#4636 = LINE ( 'NONE', #4758, #2821 ) ;
#4637 =( LENGTH_UNIT ( ) NAMED_UNIT ( * ) SI_UNIT ( .MILLI., .METRE. ) );
#4638 = VECTOR ( 'NONE', #4567, 1000.000000000000000 ) ;
#4639 = DIRECTION ( 'NONE',  ( 0.000000000000000000, 1.000000000000000000, 0.000000000000000000 ) ) ;
#4640 = EDGE_LOOP ( 'NONE', ( #1596, #3672, #4179, #3526, #4032, #4319, #1058, #466 ) ) ;
#4641 = VERTEX_POINT ( 'NONE', #6322 ) ;
#4642 = LINE ( 'NONE', #425, #1507 ) ;
#4643 = LINE ( 'NONE', #3496, #7811 ) ;
#4644 = AXIS2_PLACEMENT_3D ( 'NONE', #7165, #6647, #7849 ) ;
#4645 = VECTOR ( 'NONE', #6487, 1000.000000000000114 ) ;
#4646 = PRESENTATION_STYLE_ASSIGNMENT (( #4139 ) ) ;
#4647 = FACE_OUTER_BOUND ( 'NONE', #1884, .T. ) ;
#4648 =( LENGTH_UNIT ( ) NAMED_UNIT ( * ) SI_UNIT ( .MILLI., .METRE. ) );
#4649 = LINE ( 'NONE', #7764, #5281 ) ;
#4650 = VECTOR ( 'NONE', #1091, 1000.000000000000000 ) ;
#4651 = EDGE_LOOP ( 'NONE', ( #1225, #3348, #7865, #5892 ) ) ;
#4652 = AXIS2_PLACEMENT_3D ( 'NONE', #3450, #4133, #4013 ) ;
#4653 = ORIENTED_EDGE ( 'NONE', *, *, #2715, .T. ) ;
#4654 = FACE_OUTER_BOUND ( 'NONE', #669, .T. ) ;
#4655 = DIRECTION ( 'NONE',  ( 0.6430737214625669163, -0.7658042757547682822, 0.000000000000000000 ) ) ;
#4656 = PRESENTATION_LAYER_ASSIGNMENT (  '', '', ( #3916 ) ) ;
#4657 = ORIENTED_EDGE ( 'NONE', *, *, #4504, .F. ) ;
#4658 = CARTESIAN_POINT ( 'NONE',  ( 0.000000000000000000, 11.27500000000000036, -13.95000000000000107 ) ) ;
#4659 = EDGE_CURVE ( 'NONE', #4666, #3091, #6202, .T. ) ;
#4660 = LINE ( 'NONE', #1022, #2012 ) ;
#4661 = ORIENTED_EDGE ( 'NONE', *, *, #1034, .F. ) ;
#4662 = AXIS2_PLACEMENT_3D ( 'NONE', #5330, #4770, #1134 ) ;
#4663 = FILL_AREA_STYLE ('',( #2279 ) ) ;
#4664 = PLANE ( 'NONE',  #1535 ) ;
#4665 = PRESENTATION_LAYER_ASSIGNMENT (  '', '', ( #3792 ) ) ;
#4666 = VERTEX_POINT ( 'NONE', #218 ) ;
#4667 = SURFACE_SIDE_STYLE ('',( #5228 ) ) ;
#4668 = PLANE ( 'NONE',  #1130 ) ;
#4669 = ADVANCED_FACE ( 'NONE', ( #4418 ), #5650, .F. ) ;
#4670 = DIRECTION ( 'NONE',  ( -0.000000000000000000, -0.000000000000000000, -1.000000000000000000 ) ) ;
#4671 = EDGE_CURVE ( 'NONE', #1370, #6854, #3727, .T. ) ;
#4672 = ORIENTED_EDGE ( 'NONE', *, *, #2184, .F. ) ;
#4673 = DIRECTION ( 'NONE',  ( 0.000000000000000000, 0.000000000000000000, 1.000000000000000000 ) ) ;
#4674 = CARTESIAN_POINT ( 'NONE',  ( -10.25000000000000000, 9.750000000000000000, 0.000000000000000000 ) ) ;
#4675 = VECTOR ( 'NONE', #6503, 1000.000000000000000 ) ;
#4676 = DIRECTION ( 'NONE',  ( -1.000000000000000000, -0.000000000000000000, -0.000000000000000000 ) ) ;
#4677 = LINE ( 'NONE', #6434, #981 ) ;
#4678 = ORIENTED_EDGE ( 'NONE', *, *, #5666, .F. ) ;
#4679 = PRESENTATION_LAYER_ASSIGNMENT (  '', '', ( #7621 ) ) ;
#4680 =( NAMED_UNIT ( * ) SI_UNIT ( $, .STERADIAN. ) SOLID_ANGLE_UNIT ( ) );
#4681 = CARTESIAN_POINT ( 'NONE',  ( -7.615804275928184985, 5.393073722085518718, -13.75000000000000000 ) ) ;
#4682 = ADVANCED_FACE ( 'NONE', ( #4920 ), #4999, .F. ) ;
#4683 = CARTESIAN_POINT ( 'NONE',  ( 1.583247328966506329, 7.721406364727988247, -5.125000000000000000 ) ) ;
#4684 = LINE ( 'NONE', #7610, #6539 ) ;
#4685 = VECTOR ( 'NONE', #2457, 1000.000000000000227 ) ;
#4686 = CARTESIAN_POINT ( 'NONE',  ( -0.3000000000000000444, 7.801619849000001494, 0.000000000000000000 ) ) ;
#4687 = LINE ( 'NONE', #2065, #3272 ) ;
#4688 = LINE ( 'NONE', #2410, #3531 ) ;
#4689 = FACE_OUTER_BOUND ( 'NONE', #7383, .T. ) ;
#4690 = CARTESIAN_POINT ( 'NONE',  ( -4.649999999999999467, 1.699000000000000288, -13.35000000000000320 ) ) ;
#4691 = VECTOR ( 'NONE', #4610, 1000.000000000000114 ) ;
#4692 = ORIENTED_EDGE ( 'NONE', *, *, #3238, .F. ) ;
#4693 = LINE ( 'NONE', #5865, #6416 ) ;
#4694 = VERTEX_POINT ( 'NONE', #5692 ) ;
#4695 = FACE_OUTER_BOUND ( 'NONE', #6071, .T. ) ;
#4696 = DIRECTION ( 'NONE',  ( -0.000000000000000000, 0.9088747911533113788, 0.4170690758208102089 ) ) ;
#4697 = CARTESIAN_POINT ( 'NONE',  ( 2.246835616000000257, 2.899999999999999911, -11.90000000000000036 ) ) ;
#4698 = AXIS2_PLACEMENT_3D ( 'NONE', #4428, #7596, #3822 ) ;
#4699 = FILL_AREA_STYLE_COLOUR ( '', #2659 ) ;
#4700 = DIRECTION ( 'NONE',  ( 0.000000000000000000, 0.000000000000000000, 1.000000000000000000 ) ) ;
#4701 = ORIENTED_EDGE ( 'NONE', *, *, #5941, .F. ) ;
#4702 = CARTESIAN_POINT ( 'NONE',  ( 3.744004998000000306, 8.127997500999999403, -13.29009995000000011 ) ) ;
#4703 = ORIENTED_EDGE ( 'NONE', *, *, #4855, .T. ) ;
#4704 = ORIENTED_EDGE ( 'NONE', *, *, #495, .F. ) ;
#4705 = CARTESIAN_POINT ( 'NONE',  ( -9.725000000000001421, 19.50000000000000000, -0.9500000000000000666 ) ) ;
#4706 = CIRCLE ( 'NONE', #5748, 0.4999999999999987232 ) ;
#4707 = UNCERTAINTY_MEASURE_WITH_UNIT (LENGTH_MEASURE( 1.000000000000000082E-05 ), #2848, 'distance_accuracy_value', 'NONE');
#4708 = EDGE_CURVE ( 'NONE', #6450, #2336, #6162, .T. ) ;
#4709 = EDGE_CURVE ( 'NONE', #1921, #5149, #5564, .T. ) ;
#4710 = ORIENTED_EDGE ( 'NONE', *, *, #943, .T. ) ;
#4711 = CARTESIAN_POINT ( 'NONE',  ( -6.029958313499999889, 2.899999999999999911, -13.35000000000000320 ) ) ;
#4712 = PLANE ( 'NONE',  #7219 ) ;
#4713 = VERTEX_POINT ( 'NONE', #7511 ) ;
#4714 = CARTESIAN_POINT ( 'NONE',  ( -3.534155545302256840, 10.25370469141408059, -11.90000000000000036 ) ) ;
#4715 = FACE_OUTER_BOUND ( 'NONE', #7813, .T. ) ;
#4716 = CARTESIAN_POINT ( 'NONE',  ( 0.000000000000000000, 10.00000000000000000, -11.90000000000000036 ) ) ;
#4717 = EDGE_CURVE ( 'NONE', #3626, #2559, #97, .T. ) ;
#4718 = ADVANCED_FACE ( 'NONE', ( #1972 ), #4372, .F. ) ;
#4719 = ORIENTED_EDGE ( 'NONE', *, *, #5618, .T. ) ;
#4720 = DIRECTION ( 'NONE',  ( 1.000000000000000000, 0.000000000000000000, 0.000000000000000000 ) ) ;
#4721 = DIRECTION ( 'NONE',  ( -1.000000000000000000, 0.000000000000000000, 0.000000000000000000 ) ) ;
#4722 = FACE_OUTER_BOUND ( 'NONE', #3279, .T. ) ;
#4723 = CARTESIAN_POINT ( 'NONE',  ( -5.350000001249999748, -3.260591124355782799E-10, -11.90000000070000219 ) ) ;
#4724 = CLOSED_SHELL ( 'NONE', ( #1855, #3465, #7636, #5489, #6711, #708, #4304, #2173, #1942, #1614, #6107, #3906, #639, #3498, #1344, #3408, #6174, #2742, #3324, #1199, #1707, #2913, #6513, #2804, #6196, #7536, #1539, #1753, #2316, #6418, #7691, #7544, #1464, #3839, #5952, #7799, #1801, #4924, #3571, #4483, #5119, #7151, #2106, #2435, #423, #3542, #7051, #1154, #710, #7471, #2622, #1248, #899, #7461, #4822, #5057, #4090, #3278, #4718, #846, #2645, #5269, #1390, #3556, #6535, #3456, #5555, #2511, #6369, #5904, #1342, #5309, #3630, #383, #7620, #4669, #6772, #5262, #5425, #3755, #4432, #99, #1128, #7144, #5718, #5798, #384, #7009, #5502, #3557, #201, #5471, #3419, #3149, #3362, #350, #2413, #303, #4112, #98, #6302, #2833, #7844, #5118, #2975, #7498, #5651, #7505, #4833, #1746, #4417, #890, #7358, #3442, #4, #3848, #7190, #1952, #3182, #1415, #1688, #5208, #2197, #7288, #6388, #6161, #2471, #1745, #554, #7594, #3968, #841, #188, #1640, #6128, #6428, #3464, #6917, #6378, #6230, #7834, #3815, #6410, #2556, #6919, #1662, #4158, #5996, #1081, #1211, #2656, #4099, #1989, #6925, #5777, #6966, #3281, #2817, #7583, #4582, #3598, #3620, #5987, #2191, #4394, #6589, #5108, #3702, #5808, #5310, #4203, #4788, #2003, #7731, #553, #4359, #1777, #5701, #7705, #4682, #6945, #2503, #6853, #6527, #3323, #5768, #2153, #6277, #5544, #477, #4922, #6568, #5766, #1042, #6498, #5223, #7635, #7007, #1446, #6809, #4774, #7347, #858, #1902, #3072, #6569, #3961 ) ) ;
#4725 = ORIENTED_EDGE ( 'NONE', *, *, #6097, .T. ) ;
#4726 = COLOUR_RGB ( '',0.7529411764705882248, 0.7529411764705882248, 0.7529411764705882248 ) ;
#4727 = DIRECTION ( 'NONE',  ( 0.000000000000000000, -1.000000000000000000, 0.000000000000000000 ) ) ;
#4728 = DIRECTION ( 'NONE',  ( 1.000000000000000000, 0.000000000000000000, 0.000000000000000000 ) ) ;
#4729 = EDGE_CURVE ( 'NONE', #5177, #2169, #4165, .T. ) ;
#4730 =( LENGTH_UNIT ( ) NAMED_UNIT ( * ) SI_UNIT ( .MILLI., .METRE. ) );
#4731 = AXIS2_PLACEMENT_3D ( 'NONE', #2853, #1676, #5297 ) ;
#4732 = PRESENTATION_STYLE_ASSIGNMENT (( #1791 ) ) ;
#4733 = CARTESIAN_POINT ( 'NONE',  ( 0.000000000000000000, 10.00000000000000000, -10.25000000220000018 ) ) ;
#4734 = CARTESIAN_POINT ( 'NONE',  ( -9.199999999999999289, 9.750000000000000000, -0.9500000000000000666 ) ) ;
#4735 = ORIENTED_EDGE ( 'NONE', *, *, #4143, .F. ) ;
#4736 = ORIENTED_EDGE ( 'NONE', *, *, #6863, .T. ) ;
#4737 = DIRECTION ( 'NONE',  ( 0.000000000000000000, -0.000000000000000000, 1.000000000000000000 ) ) ;
#4738 = LINE ( 'NONE', #1756, #2349 ) ;
#4739 = FILL_AREA_STYLE_COLOUR ( '', #6354 ) ;
#4740 = EDGE_CURVE ( 'NONE', #3923, #6390, #3441, .T. ) ;
#4741 = DIRECTION ( 'NONE',  ( -0.2876062384003376660, 0.6459741881131103591, -0.7071067811333844322 ) ) ;
#4742 = ORIENTED_EDGE ( 'NONE', *, *, #6617, .T. ) ;
#4743 = AXIS2_PLACEMENT_3D ( 'NONE', #7709, #1126, #4014 ) ;
#4744 = DIRECTION ( 'NONE',  ( 0.000000000000000000, 0.000000000000000000, -1.000000000000000000 ) ) ;
#4745 = ORIENTED_EDGE ( 'NONE', *, *, #5357, .F. ) ;
#4746 = CARTESIAN_POINT ( 'NONE',  ( -5.349999999999998757, 1.698999999794896798, -15.50000000000000000 ) ) ;
#4747 = EDGE_LOOP ( 'NONE', ( #3445, #6348, #4209, #2436 ) ) ;
#4748 = DIRECTION ( 'NONE',  ( -0.000000000000000000, -0.000000000000000000, 1.000000000000000000 ) ) ;
#4749 = PRODUCT ( 'KCDX-5S-N', 'KCDX-5S-N', '', ( #1778 ) ) ;
#4750 = EDGE_CURVE ( 'NONE', #7843, #930, #4550, .T. ) ;
#4751 = EDGE_LOOP ( 'NONE', ( #272, #939, #1194, #5398 ) ) ;
#4752 = CARTESIAN_POINT ( 'NONE',  ( -4.999999999999999112, -0.001000000000000000238, -14.50000000000000000 ) ) ;
#4753 = AXIS2_PLACEMENT_3D ( 'NONE', #3119, #118, #2577 ) ;
#4754 = ORIENTED_EDGE ( 'NONE', *, *, #7346, .T. ) ;
#4755 = PLANE ( 'NONE',  #7657 ) ;
#4756 = DIRECTION ( 'NONE',  ( 1.000000000000000000, 0.000000000000000000, 0.000000000000000000 ) ) ;
#4757 = CARTESIAN_POINT ( 'NONE',  ( 4.499999998999999917, -2.000000000000000000, -3.149999999999999911 ) ) ;
#4758 = CARTESIAN_POINT ( 'NONE',  ( 0.000000000000000000, 1.000000000000000000, -12.00000000000000000 ) ) ;
#4759 = VERTEX_POINT ( 'NONE', #364 ) ;
#4760 = SURFACE_STYLE_USAGE ( .BOTH. , #5486 ) ;
#4761 = PLANE ( 'NONE',  #7798 ) ;
#4762 = DIRECTION ( 'NONE',  ( 0.000000000000000000, 1.000000000000000000, 0.000000000000000000 ) ) ;
#4763 = EDGE_CURVE ( 'NONE', #5822, #5095, #2747, .T. ) ;
#4764 = AXIS2_PLACEMENT_3D ( 'NONE', #7037, #7607, #4727 ) ;
#4765 = ORIENTED_EDGE ( 'NONE', *, *, #2667, .F. ) ;
#4766 = CARTESIAN_POINT ( 'NONE',  ( 5.349999999999999645, -0.001000000000000000238, -11.90000000000000036 ) ) ;
#4767 = CARTESIAN_POINT ( 'NONE',  ( 5.500000000000000000, -0.9000000000000000222, -2.849999999999999645 ) ) ;
#4768 = SURFACE_STYLE_FILL_AREA ( #5328 ) ;
#4769 = CARTESIAN_POINT ( 'NONE',  ( 3.096206600999999559, 7.358516468999998672, -10.25000000000000000 ) ) ;
#4770 = DIRECTION ( 'NONE',  ( 0.000000000000000000, -0.000000000000000000, 1.000000000000000000 ) ) ;
#4771 = CARTESIAN_POINT ( 'NONE',  ( -0.8750000000000001110, 3.766758038499999905, -8.651879381499998800 ) ) ;
#4772 =( LENGTH_UNIT ( ) NAMED_UNIT ( * ) SI_UNIT ( .MILLI., .METRE. ) );
#4773 = ORIENTED_EDGE ( 'NONE', *, *, #5298, .F. ) ;
#4774 = ADVANCED_FACE ( 'NONE', ( #5148 ), #3330, .T. ) ;
#4775 = EDGE_CURVE ( 'NONE', #3776, #3625, #3029, .T. ) ;
#4776 = VERTEX_POINT ( 'NONE', #2281 ) ;
#4777 = SURFACE_STYLE_FILL_AREA ( #3504 ) ;
#4778 = DIRECTION ( 'NONE',  ( -0.6560590291938337426, 0.7547095800460230652, 0.000000000000000000 ) ) ;
#4779 = CIRCLE ( 'NONE', #458, 0.7999999999999999334 ) ;
#4780 = COLOUR_RGB ( '',0.7529411764705882248, 0.7529411764705882248, 0.7529411764705882248 ) ;
#4781 = CARTESIAN_POINT ( 'NONE',  ( -0.3500000000000000333, 0.4000000000000000222, -13.75000000000000000 ) ) ;
#4782 = PRESENTATION_STYLE_ASSIGNMENT (( #2307 ) ) ;
#4783 = ORIENTED_EDGE ( 'NONE', *, *, #4283, .F. ) ;
#4784 = AXIS2_PLACEMENT_3D ( 'NONE', #4852, #6757, #5579 ) ;
#4785 = CARTESIAN_POINT ( 'NONE',  ( 6.459999995500001368, 0.000000000000000000, -6.675000000000002487 ) ) ;
#4786 = ORIENTED_EDGE ( 'NONE', *, *, #3860, .F. ) ;
#4787 = CARTESIAN_POINT ( 'NONE',  ( 3.310004910999999606, 8.344997543999998157, -13.95000000000000107 ) ) ;
#4788 = ADVANCED_FACE ( 'NONE', ( #4082 ), #4664, .F. ) ;
#4789 = EDGE_LOOP ( 'NONE', ( #6225, #5324, #7158, #5065 ) ) ;
#4790 =( LENGTH_UNIT ( ) NAMED_UNIT ( * ) SI_UNIT ( .MILLI., .METRE. ) );
#4791 = UNCERTAINTY_MEASURE_WITH_UNIT (LENGTH_MEASURE( 1.000000000000000082E-05 ), #4091, 'distance_accuracy_value', 'NONE');
#4792 =( GEOMETRIC_REPRESENTATION_CONTEXT ( 3 ) GLOBAL_UNCERTAINTY_ASSIGNED_CONTEXT ( ( #7745 ) ) GLOBAL_UNIT_ASSIGNED_CONTEXT ( ( #5982, #3550, #3472 ) ) REPRESENTATION_CONTEXT ( 'NONE', 'WORKASPACE' ) );
#4793 = VECTOR ( 'NONE', #4497, 1000.000000000000000 ) ;
#4794 = ORIENTED_EDGE ( 'NONE', *, *, #365, .F. ) ;
#4795 = VECTOR ( 'NONE', #5791, 1000.000000000000000 ) ;
#4796 = SURFACE_SIDE_STYLE ('',( #2509 ) ) ;
#4797 = VECTOR ( 'NONE', #13, 1000.000000000000114 ) ;
#4798 = SURFACE_STYLE_USAGE ( .BOTH. , #4208 ) ;
#4799 = ORIENTED_EDGE ( 'NONE', *, *, #3658, .T. ) ;
#4800 = UNCERTAINTY_MEASURE_WITH_UNIT (LENGTH_MEASURE( 1.000000000000000082E-05 ), #6288, 'distance_accuracy_value', 'NONE');
#4801 = ORIENTED_EDGE ( 'NONE', *, *, #2691, .T. ) ;
#4802 = CARTESIAN_POINT ( 'NONE',  ( 5.349999999999999645, -3.000000000000000000, -15.00000000000000000 ) ) ;
#4803 = LINE ( 'NONE', #1206, #3718 ) ;
#4804 =( LENGTH_UNIT ( ) NAMED_UNIT ( * ) SI_UNIT ( .MILLI., .METRE. ) );
#4805 = VERTEX_POINT ( 'NONE', #5391 ) ;
#4806 = DIRECTION ( 'NONE',  ( 1.000000000000000000, 0.000000000000000000, 0.000000000000000000 ) ) ;
#4807 = ORIENTED_EDGE ( 'NONE', *, *, #5886, .T. ) ;
#4808 = EDGE_CURVE ( 'NONE', #1275, #2542, #585, .T. ) ;
#4809 =( LENGTH_UNIT ( ) NAMED_UNIT ( * ) SI_UNIT ( .MILLI., .METRE. ) );
#4810 = PRESENTATION_STYLE_ASSIGNMENT (( #4973 ) ) ;
#4811 = VECTOR ( 'NONE', #5313, 1000.000000000000000 ) ;
#4812 = EDGE_CURVE ( 'NONE', #5567, #44, #5823, .T. ) ;
#4813 = DIRECTION ( 'NONE',  ( -0.6560590296359154472, -0.7547095796617272478, 0.000000000000000000 ) ) ;
#4814 = FACE_OUTER_BOUND ( 'NONE', #320, .T. ) ;
#4815 = VERTEX_POINT ( 'NONE', #2194 ) ;
#4816 = ORIENTED_EDGE ( 'NONE', *, *, #2940, .T. ) ;
#4817 = CARTESIAN_POINT ( 'NONE',  ( 1.700000000000000178, 2.200000000000000178, -3.149999999999999911 ) ) ;
#4818 = STYLED_ITEM ( 'NONE', ( #288 ), #6302 ) ;
#4819 = CARTESIAN_POINT ( 'NONE',  ( -3.743951986000000343, 6.150351843000000152, -5.125000000000000000 ) ) ;
#4820 = DIRECTION ( 'NONE',  ( -0.000000000000000000, -1.000000000000000000, -0.000000000000000000 ) ) ;
#4821 = EDGE_CURVE ( 'NONE', #540, #2605, #6073, .T. ) ;
#4822 = ADVANCED_FACE ( 'NONE', ( #7726 ), #621, .T. ) ;
#4823 = FILL_AREA_STYLE ('',( #7812 ) ) ;
#4824 = COLOUR_RGB ( '',0.7529411764705882248, 0.7529411764705882248, 0.7529411764705882248 ) ;
#4825 = VERTEX_POINT ( 'NONE', #4073 ) ;
#4826 = DIRECTION ( 'NONE',  ( -0.000000000000000000, -0.000000000000000000, 1.000000000000000000 ) ) ;
#4827 = ORIENTED_EDGE ( 'NONE', *, *, #4570, .T. ) ;
#4828 = CARTESIAN_POINT ( 'NONE',  ( 1.280121114999999810, 9.359939443000001802, -13.66820397600000092 ) ) ;
#4829 = ORIENTED_EDGE ( 'NONE', *, *, #3666, .F. ) ;
#4830 = ORIENTED_EDGE ( 'NONE', *, *, #1847, .F. ) ;
#4831 = CARTESIAN_POINT ( 'NONE',  ( -0.3500000000000000333, 0.3999999998250002298, -13.35000000026250078 ) ) ;
#4832 = VECTOR ( 'NONE', #1168, 1000.000000000000000 ) ;
#4833 = ADVANCED_FACE ( 'NONE', ( #486 ), #577, .F. ) ;
#4834 = ORIENTED_EDGE ( 'NONE', *, *, #493, .T. ) ;
#4835 = DIRECTION ( 'NONE',  ( 1.000000000000000000, 0.000000000000000000, 0.000000000000000000 ) ) ;
#4836 = CARTESIAN_POINT ( 'NONE',  ( -3.744004998000000306, 8.127997500999999403, -13.29009995000000011 ) ) ;
#4837 = ORIENTED_EDGE ( 'NONE', *, *, #6340, .F. ) ;
#4838 = ORIENTED_EDGE ( 'NONE', *, *, #5130, .T. ) ;
#4839 = CARTESIAN_POINT ( 'NONE',  ( 3.743951986000000343, 6.150351843000000152, -5.125000000000000000 ) ) ;
#4840 = FILL_AREA_STYLE_COLOUR ( '', #7639 ) ;
#4841 = DIRECTION ( 'NONE',  ( -1.734723475976805517E-15, -1.000000000000000000, 0.000000000000000000 ) ) ;
#4842 = SURFACE_STYLE_USAGE ( .BOTH. , #6044 ) ;
#4843 = ORIENTED_EDGE ( 'NONE', *, *, #4729, .F. ) ;
#4844 = DIRECTION ( 'NONE',  ( 1.000000000000000000, 0.000000000000000000, 0.000000000000000000 ) ) ;
#4845 = ORIENTED_EDGE ( 'NONE', *, *, #6045, .F. ) ;
#4846 =( NAMED_UNIT ( * ) PLANE_ANGLE_UNIT ( ) SI_UNIT ( $, .RADIAN. ) );
#4847 = LINE ( 'NONE', #7310, #4528 ) ;
#4848 = LINE ( 'NONE', #5491, #5015 ) ;
#4849 = CARTESIAN_POINT ( 'NONE',  ( 5.350000001079987300, 0.000000000000000000, -13.35000000000000320 ) ) ;
#4850 = DIRECTION ( 'NONE',  ( -0.000000000000000000, -0.000000000000000000, -1.000000000000000000 ) ) ;
#4851 = FACE_OUTER_BOUND ( 'NONE', #3551, .T. ) ;
#4852 = CARTESIAN_POINT ( 'NONE',  ( 6.460000000000000853, 1.000000000000000000, -4.400000000000000355 ) ) ;
#4853 =( GEOMETRIC_REPRESENTATION_CONTEXT ( 3 ) GLOBAL_UNCERTAINTY_ASSIGNED_CONTEXT ( ( #7023 ) ) GLOBAL_UNIT_ASSIGNED_CONTEXT ( ( #4804, #3066, #1329 ) ) REPRESENTATION_CONTEXT ( 'NONE', 'WORKASPACE' ) );
#4854 = CARTESIAN_POINT ( 'NONE',  ( 5.000000000000000000, -4.000000000000000000, -3.149999999999999911 ) ) ;
#4855 = EDGE_CURVE ( 'NONE', #930, #1484, #5303, .T. ) ;
#4856 = CARTESIAN_POINT ( 'NONE',  ( -5.000000000000000000, 10.80000000000000071, -13.35000000000000320 ) ) ;
#4857 = ORIENTED_EDGE ( 'NONE', *, *, #4635, .F. ) ;
#4858 = VERTEX_POINT ( 'NONE', #3671 ) ;
#4859 = DIRECTION ( 'NONE',  ( -0.000000000000000000, 0.000000000000000000, -1.000000000000000000 ) ) ;
#4860 = MECHANICAL_DESIGN_GEOMETRIC_PRESENTATION_REPRESENTATION (  '', ( #3849 ), #161 ) ;
#4861 = VECTOR ( 'NONE', #4676, 1000.000000000000000 ) ;
#4862 = DIRECTION ( 'NONE',  ( 0.7547095804522769846, -0.6560590287264920217, 0.000000000000000000 ) ) ;
#4863 = ORIENTED_EDGE ( 'NONE', *, *, #1732, .T. ) ;
#4864 = DIRECTION ( 'NONE',  ( 0.000000000000000000, 1.000000000000000000, 0.000000000000000000 ) ) ;
#4865 = VERTEX_POINT ( 'NONE', #4983 ) ;
#4866 = PLANE ( 'NONE',  #6540 ) ;
#4867 = ORIENTED_EDGE ( 'NONE', *, *, #4295, .F. ) ;
#4868 = VECTOR ( 'NONE', #1165, 1000.000000000000000 ) ;
#4869 = EDGE_CURVE ( 'NONE', #4759, #5985, #4355, .T. ) ;
#4870 = EDGE_CURVE ( 'NONE', #1189, #3124, #5543, .T. ) ;
#4871 = ORIENTED_EDGE ( 'NONE', *, *, #3609, .T. ) ;
#4872 = DIRECTION ( 'NONE',  ( 0.000000000000000000, 0.000000000000000000, 1.000000000000000000 ) ) ;
#4873 = CARTESIAN_POINT ( 'NONE',  ( 2.678207945280428603, 7.912499769370147540, -13.35000000011053878 ) ) ;
#4874 = VERTEX_POINT ( 'NONE', #3834 ) ;
#4875 = STYLED_ITEM ( 'NONE', ( #3529 ), #1390 ) ;
#4876 = EDGE_CURVE ( 'NONE', #5441, #6707, #2618, .T. ) ;
#4877 = ORIENTED_EDGE ( 'NONE', *, *, #7776, .T. ) ;
#4878 = DIRECTION ( 'NONE',  ( -0.000000000000000000, -0.000000000000000000, -1.000000000000000000 ) ) ;
#4879 = FACE_OUTER_BOUND ( 'NONE', #35, .T. ) ;
#4880 = LINE ( 'NONE', #7302, #1488 ) ;
#4881 = CARTESIAN_POINT ( 'NONE',  ( 5.349999999999999645, -3.000000000000000000, -15.00000000000000000 ) ) ;
#4882 = ORIENTED_EDGE ( 'NONE', *, *, #2835, .F. ) ;
#4883 = FILL_AREA_STYLE ('',( #2447 ) ) ;
#4884 = DIRECTION ( 'NONE',  ( -0.000000000000000000, -1.000000000000000000, -0.000000000000000000 ) ) ;
#4885 = EDGE_CURVE ( 'NONE', #4407, #4214, #81, .T. ) ;
#4886 = ORIENTED_EDGE ( 'NONE', *, *, #4932, .T. ) ;
#4887 = LINE ( 'NONE', #6089, #5364 ) ;
#4888 = PRESENTATION_LAYER_ASSIGNMENT (  '', '', ( #1618 ) ) ;
#4889 = DIRECTION ( 'NONE',  ( 0.000000000000000000, 1.000000000000000000, 0.000000000000000000 ) ) ;
#4890 = DIRECTION ( 'NONE',  ( -0.6156614756949874145, -0.7880107533181703872, 0.000000000000000000 ) ) ;
#4891 = LINE ( 'NONE', #610, #2807 ) ;
#4892 = VECTOR ( 'NONE', #7020, 1000.000000000000000 ) ;
#4893 = CARTESIAN_POINT ( 'NONE',  ( 4.649999999999999467, -3.531194000000000166, -15.50000000000000000 ) ) ;
#4894 = VERTEX_POINT ( 'NONE', #5505 ) ;
#4895 = FACE_OUTER_BOUND ( 'NONE', #7135, .T. ) ;
#4896 = DIRECTION ( 'NONE',  ( 1.000000000000000000, 0.000000000000000000, 0.000000000000000000 ) ) ;
#4897 = VECTOR ( 'NONE', #7756, 1000.000000000000000 ) ;
#4898 = CARTESIAN_POINT ( 'NONE',  ( 4.409724395578696665, 8.348325097539243345, -10.25000000000000000 ) ) ;
#4899 = DIRECTION ( 'NONE',  ( -0.7658042754478854297, -0.6430737218280181411, 0.000000000000000000 ) ) ;
#4900 = ORIENTED_EDGE ( 'NONE', *, *, #4855, .F. ) ;
#4901 = FILL_AREA_STYLE_COLOUR ( '', #1353 ) ;
#4902 = ORIENTED_EDGE ( 'NONE', *, *, #6471, .T. ) ;
#4903 = VERTEX_POINT ( 'NONE', #7452 ) ;
#4904 = VECTOR ( 'NONE', #3578, 1000.000000000000000 ) ;
#4905 = EDGE_LOOP ( 'NONE', ( #3378, #3681, #4953, #3829 ) ) ;
#4906 = CARTESIAN_POINT ( 'NONE',  ( -3.279816455967696331, 10.76910285848992643, -10.25000000000000000 ) ) ;
#4907 = MECHANICAL_DESIGN_GEOMETRIC_PRESENTATION_REPRESENTATION (  '', ( #733 ), #2407 ) ;
#4908 =( GEOMETRIC_REPRESENTATION_CONTEXT ( 3 ) GLOBAL_UNCERTAINTY_ASSIGNED_CONTEXT ( ( #410 ) ) GLOBAL_UNIT_ASSIGNED_CONTEXT ( ( #4790, #3678, #5475 ) ) REPRESENTATION_CONTEXT ( 'NONE', 'WORKASPACE' ) );
#4909 = EDGE_CURVE ( 'NONE', #3031, #3126, #1999, .T. ) ;
#4910 = ORIENTED_EDGE ( 'NONE', *, *, #2612, .T. ) ;
#4911 = PLANE ( 'NONE',  #4429 ) ;
#4912 = ORIENTED_EDGE ( 'NONE', *, *, #2941, .T. ) ;
#4913 = VERTEX_POINT ( 'NONE', #700 ) ;
#4914 = VECTOR ( 'NONE', #5061, 1000.000000000000000 ) ;
#4915 = COLOUR_RGB ( '',0.7529411764705882248, 0.7529411764705882248, 0.7529411764705882248 ) ;
#4916 = ORIENTED_EDGE ( 'NONE', *, *, #5447, .T. ) ;
#4917 = FACE_OUTER_BOUND ( 'NONE', #677, .T. ) ;
#4918 = FILL_AREA_STYLE ('',( #1775 ) ) ;
#4919 = DIRECTION ( 'NONE',  ( 0.000000000000000000, 0.000000000000000000, 1.000000000000000000 ) ) ;
#4920 = FACE_OUTER_BOUND ( 'NONE', #1392, .T. ) ;
#4921 = AXIS2_PLACEMENT_3D ( 'NONE', #2422, #6648, #2892 ) ;
#4922 = ADVANCED_FACE ( 'NONE', ( #6693 ), #2539, .F. ) ;
#4923 = VECTOR ( 'NONE', #7660, 1000.000000000000000 ) ;
#4924 = ADVANCED_FACE ( 'NONE', ( #6812 ), #6141, .F. ) ;
#4925 = ORIENTED_EDGE ( 'NONE', *, *, #149, .F. ) ;
#4926 =( NAMED_UNIT ( * ) PLANE_ANGLE_UNIT ( ) SI_UNIT ( $, .RADIAN. ) );
#4927 =( NAMED_UNIT ( * ) PLANE_ANGLE_UNIT ( ) SI_UNIT ( $, .RADIAN. ) );
#4928 = ORIENTED_EDGE ( 'NONE', *, *, #4038, .F. ) ;
#4929 = PRESENTATION_LAYER_ASSIGNMENT (  '', '', ( #6076 ) ) ;
#4930 = DIRECTION ( 'NONE',  ( 1.000000000000000000, 0.000000000000000000, 0.000000000000000000 ) ) ;
#4931 = PLANE ( 'NONE',  #5077 ) ;
#4932 = EDGE_CURVE ( 'NONE', #5835, #7220, #7323, .T. ) ;
#4933 = CARTESIAN_POINT ( 'NONE',  ( 7.615804275928184985, 5.393073722085519606, -13.75000000000000000 ) ) ;
#4934 = STYLED_ITEM ( 'NONE', ( #6673 ), #5425 ) ;
#4935 = CARTESIAN_POINT ( 'NONE',  ( 4.909916627870901884, 2.899999999761879721, -13.70000000000000107 ) ) ;
#4936 = DIRECTION ( 'NONE',  ( 1.000000000000000000, 0.000000000000000000, 0.000000000000000000 ) ) ;
#4937 = CARTESIAN_POINT ( 'NONE',  ( 4.624063636999999005, 1.821020992999999866, -15.50000000000000000 ) ) ;
#4938 = ORIENTED_EDGE ( 'NONE', *, *, #527, .T. ) ;
#4939 = CARTESIAN_POINT ( 'NONE',  ( 4.999999995999999669, 10.80000000313000008, -11.90000000000000036 ) ) ;
#4940 = CARTESIAN_POINT ( 'NONE',  ( -4.537760422499999002, 9.159008004999998676, -10.25000000000000000 ) ) ;
#4941 = CARTESIAN_POINT ( 'NONE',  ( 7.849999999999999645, 0.3999999973200000780, -13.00000000037500136 ) ) ;
#4942 = DIRECTION ( 'NONE',  ( -0.000000000000000000, -0.000000000000000000, 1.000000000000000000 ) ) ;
#4943 =( NAMED_UNIT ( * ) PLANE_ANGLE_UNIT ( ) SI_UNIT ( $, .RADIAN. ) );
#4944 = DIRECTION ( 'NONE',  ( 0.6430737218280181411, -0.7658042754478854297, 0.000000000000000000 ) ) ;
#4945 = ORIENTED_EDGE ( 'NONE', *, *, #4202, .F. ) ;
#4946 = VERTEX_POINT ( 'NONE', #4318 ) ;
#4947 = AXIS2_PLACEMENT_3D ( 'NONE', #4733, #2810, #6447 ) ;
#4948 = VERTEX_POINT ( 'NONE', #6731 ) ;
#4949 = ORIENTED_EDGE ( 'NONE', *, *, #5677, .F. ) ;
#4950 = DIRECTION ( 'NONE',  ( 0.000000000000000000, 0.000000000000000000, 1.000000000000000000 ) ) ;
#4951 = DIRECTION ( 'NONE',  ( -0.000000000000000000, 0.000000000000000000, -1.000000000000000000 ) ) ;
#4952 = MECHANICAL_DESIGN_GEOMETRIC_PRESENTATION_REPRESENTATION (  '', ( #7744 ), #1160 ) ;
#4953 = ORIENTED_EDGE ( 'NONE', *, *, #744, .F. ) ;
#4954 = ORIENTED_EDGE ( 'NONE', *, *, #7392, .F. ) ;
#4955 = EDGE_CURVE ( 'NONE', #6266, #1807, #1312, .T. ) ;
#4956 = MECHANICAL_DESIGN_GEOMETRIC_PRESENTATION_REPRESENTATION (  '', ( #1436 ), #4463 ) ;
#4957 = UNCERTAINTY_MEASURE_WITH_UNIT (LENGTH_MEASURE( 1.000000000000000082E-05 ), #357, 'distance_accuracy_value', 'NONE');
#4958 = ORIENTED_EDGE ( 'NONE', *, *, #5459, .F. ) ;
#4959 = CARTESIAN_POINT ( 'NONE',  ( 3.279816455840645073, 10.76910285820396673, 0.000000000000000000 ) ) ;
#4960 = LINE ( 'NONE', #1453, #6918 ) ;
#4961 = EDGE_CURVE ( 'NONE', #6745, #4280, #2854, .T. ) ;
#4962 = AXIS2_PLACEMENT_3D ( 'NONE', #3342, #228, #6401 ) ;
#4963 = PLANE ( 'NONE',  #4458 ) ;
#4964 = ORIENTED_EDGE ( 'NONE', *, *, #5069, .F. ) ;
#4965 = CARTESIAN_POINT ( 'NONE',  ( 0.000000000000000000, 2.200000000000000178, -4.499421090800000300 ) ) ;
#4966 = FACE_OUTER_BOUND ( 'NONE', #6581, .T. ) ;
#4967 = ORIENTED_EDGE ( 'NONE', *, *, #4812, .T. ) ;
#4968 = VECTOR ( 'NONE', #4633, 1000.000000000000000 ) ;
#4969 = DIRECTION ( 'NONE',  ( 0.000000000000000000, 0.000000000000000000, 1.000000000000000000 ) ) ;
#4970 = EDGE_CURVE ( 'NONE', #7551, #3031, #4613, .T. ) ;
#4971 = EDGE_CURVE ( 'NONE', #789, #3953, #4479, .T. ) ;
#4972 = LINE ( 'NONE', #4383, #5913 ) ;
#4973 = SURFACE_STYLE_USAGE ( .BOTH. , #5616 ) ;
#4974 = SURFACE_SIDE_STYLE ('',( #7314 ) ) ;
#4975 = FACE_OUTER_BOUND ( 'NONE', #3361, .T. ) ;
#4976 = CARTESIAN_POINT ( 'NONE',  ( -1.350000000000000089, 16.86858791899999943, -5.950000000000000178 ) ) ;
#4977 = PRESENTATION_STYLE_ASSIGNMENT (( #781 ) ) ;
#4978 = ORIENTED_EDGE ( 'NONE', *, *, #3548, .T. ) ;
#4979 = CARTESIAN_POINT ( 'NONE',  ( 9.199999999999999289, 5.000000000000000000, -1.700000000000000178 ) ) ;
#4980 = EDGE_CURVE ( 'NONE', #1027, #4280, #3695, .T. ) ;
#4981 = LINE ( 'NONE', #3669, #649 ) ;
#4982 = PLANE ( 'NONE',  #6325 ) ;
#4983 = CARTESIAN_POINT ( 'NONE',  ( -2.152319813238174007, 7.372648517885580510, -11.90000000000000036 ) ) ;
#4984 = VERTEX_POINT ( 'NONE', #1014 ) ;
#4985 = ORIENTED_EDGE ( 'NONE', *, *, #7283, .T. ) ;
#4986 = ORIENTED_EDGE ( 'NONE', *, *, #441, .T. ) ;
#4987 = DIRECTION ( 'NONE',  ( -0.000000000000000000, 0.000000000000000000, -1.000000000000000000 ) ) ;
#4988 = CARTESIAN_POINT ( 'NONE',  ( -7.160000000000000142, 1.000000000000000000, -4.400000000000000355 ) ) ;
#4989 = VECTOR ( 'NONE', #213, 1000.000000000000000 ) ;
#4990 =( GEOMETRIC_REPRESENTATION_CONTEXT ( 3 ) GLOBAL_UNCERTAINTY_ASSIGNED_CONTEXT ( ( #5435 ) ) GLOBAL_UNIT_ASSIGNED_CONTEXT ( ( #105, #6878, #889 ) ) REPRESENTATION_CONTEXT ( 'NONE', 'WORKASPACE' ) );
#4991 = VECTOR ( 'NONE', #174, 1000.000000000000000 ) ;
#4992 = VERTEX_POINT ( 'NONE', #6371 ) ;
#4993 = CARTESIAN_POINT ( 'NONE',  ( -5.349999999999999645, -3.000000000000000000, -15.00000000000000000 ) ) ;
#4994 = ORIENTED_EDGE ( 'NONE', *, *, #1193, .F. ) ;
#4995 = ORIENTED_EDGE ( 'NONE', *, *, #3181, .F. ) ;
#4996 =( NAMED_UNIT ( * ) PLANE_ANGLE_UNIT ( ) SI_UNIT ( $, .RADIAN. ) );
#4997 = DIRECTION ( 'NONE',  ( 0.4067366429762266922, 0.9135454576869338483, 0.000000000000000000 ) ) ;
#4998 = DIRECTION ( 'NONE',  ( 1.000000000000000000, 0.000000000000000000, 0.000000000000000000 ) ) ;
#4999 = PLANE ( 'NONE',  #82 ) ;
#5000 = EDGE_CURVE ( 'NONE', #3856, #5256, #7643, .T. ) ;
#5001 = ORIENTED_EDGE ( 'NONE', *, *, #3999, .F. ) ;
#5002 = CARTESIAN_POINT ( 'NONE',  ( 7.160000000000000142, 1.000000000000000000, -13.35000000000000320 ) ) ;
#5003 = LINE ( 'NONE', #6949, #2737 ) ;
#5004 = CIRCLE ( 'NONE', #4743, 0.5000000000000004441 ) ;
#5005 = CARTESIAN_POINT ( 'NONE',  ( 3.500000000000000000, 10.00000000000000000, -10.25000000000000000 ) ) ;
#5006 = VERTEX_POINT ( 'NONE', #7614 ) ;
#5007 = PLANE ( 'NONE',  #4103 ) ;
#5008 = DIRECTION ( 'NONE',  ( -0.000000000000000000, -1.000000000000000000, -0.000000000000000000 ) ) ;
#5009 = AXIS2_PLACEMENT_3D ( 'NONE', #3649, #4293, #3689 ) ;
#5010 = CARTESIAN_POINT ( 'NONE',  ( -5.499999999549999075, 2.200000000000000178, -2.850000000187499438 ) ) ;
#5011 = EDGE_CURVE ( 'NONE', #3953, #3856, #2188, .T. ) ;
#5012 =( LENGTH_UNIT ( ) NAMED_UNIT ( * ) SI_UNIT ( .MILLI., .METRE. ) );
#5013 = CARTESIAN_POINT ( 'NONE',  ( 3.552691727596414939, 5.948377036157030950, -15.49999999965667641 ) ) ;
#5014 = DIRECTION ( 'NONE',  ( 0.000000000000000000, -1.000000000000000000, 0.000000000000000000 ) ) ;
#5015 = VECTOR ( 'NONE', #7195, 1000.000000000000000 ) ;
#5016 = ORIENTED_EDGE ( 'NONE', *, *, #768, .F. ) ;
#5017 = LINE ( 'NONE', #2575, #6901 ) ;
#5018 = DIRECTION ( 'NONE',  ( -0.000000000000000000, 0.000000000000000000, 1.000000000000000000 ) ) ;
#5019 = FACE_OUTER_BOUND ( 'NONE', #555, .T. ) ;
#5020 = DIRECTION ( 'NONE',  ( -0.000000000000000000, -1.000000000000000000, -0.000000000000000000 ) ) ;
#5021 = CARTESIAN_POINT ( 'NONE',  ( -7.849999999999999645, 0.3999999959800001337, -12.82499999999999929 ) ) ;
#5022 = VECTOR ( 'NONE', #2935, 1000.000000000000000 ) ;
#5023 = EDGE_CURVE ( 'NONE', #5642, #6192, #7042, .T. ) ;
#5024 = EDGE_LOOP ( 'NONE', ( #5522, #2933, #7773, #1666 ) ) ;
#5025 = EDGE_CURVE ( 'NONE', #2204, #7080, #4021, .T. ) ;
#5026 = ORIENTED_EDGE ( 'NONE', *, *, #4305, .F. ) ;
#5027 = ORIENTED_EDGE ( 'NONE', *, *, #2794, .F. ) ;
#5028 = DIRECTION ( 'NONE',  ( -0.000000000000000000, -0.000000000000000000, -1.000000000000000000 ) ) ;
#5029 = VECTOR ( 'NONE', #6859, 1000.000000000000000 ) ;
#5030 =( GEOMETRIC_REPRESENTATION_CONTEXT ( 3 ) GLOBAL_UNCERTAINTY_ASSIGNED_CONTEXT ( ( #3525 ) ) GLOBAL_UNIT_ASSIGNED_CONTEXT ( ( #5235, #6469, #5815 ) ) REPRESENTATION_CONTEXT ( 'NONE', 'WORKASPACE' ) );
#5031 = EDGE_CURVE ( 'NONE', #2969, #7257, #7493, .T. ) ;
#5032 = VERTEX_POINT ( 'NONE', #6600 ) ;
#5033 = CARTESIAN_POINT ( 'NONE',  ( 5.000000000000000000, 10.79999999660000221, -13.35000000000000320 ) ) ;
#5034 = ORIENTED_EDGE ( 'NONE', *, *, #538, .F. ) ;
#5035 = UNCERTAINTY_MEASURE_WITH_UNIT (LENGTH_MEASURE( 1.000000000000000082E-05 ), #864, 'distance_accuracy_value', 'NONE');
#5036 = ORIENTED_EDGE ( 'NONE', *, *, #7102, .F. ) ;
#5037 = MECHANICAL_DESIGN_GEOMETRIC_PRESENTATION_REPRESENTATION (  '', ( #3015 ), #7455 ) ;
#5038 = FILL_AREA_STYLE ('',( #882 ) ) ;
#5039 = DIRECTION ( 'NONE',  ( 0.000000000000000000, 1.000000000000000000, 0.000000000000000000 ) ) ;
#5040 = CARTESIAN_POINT ( 'NONE',  ( 5.649999999999999467, 1.100000000000000089, -3.149999999999999911 ) ) ;
#5041 = VERTEX_POINT ( 'NONE', #5895 ) ;
#5042 = CARTESIAN_POINT ( 'NONE',  ( -0.5250000000000002442, 2.200000003500000467, 0.000000000000000000 ) ) ;
#5043 = LINE ( 'NONE', #2561, #6650 ) ;
#5044 = AXIS2_PLACEMENT_3D ( 'NONE', #3977, #1036, #4720 ) ;
#5045 = CARTESIAN_POINT ( 'NONE',  ( -7.150000000133333700, 0.9999999996080000120, -11.99999999893333502 ) ) ;
#5046 = VERTEX_POINT ( 'NONE', #3621 ) ;
#5047 = DIRECTION ( 'NONE',  ( 1.000000000000000000, 0.000000000000000000, 0.000000000000000000 ) ) ;
#5048 = LINE ( 'NONE', #3901, #687 ) ;
#5049 = MECHANICAL_DESIGN_GEOMETRIC_PRESENTATION_REPRESENTATION (  '', ( #3401 ), #881 ) ;
#5050 =( LENGTH_UNIT ( ) NAMED_UNIT ( * ) SI_UNIT ( .MILLI., .METRE. ) );
#5051 = CARTESIAN_POINT ( 'NONE',  ( 4.649999999999999467, -0.001000000000000000238, -14.50000000000000000 ) ) ;
#5052 = CARTESIAN_POINT ( 'NONE',  ( 2.036073078113053381, 8.115041782869946374, -10.25000000000000000 ) ) ;
#5053 = DIRECTION ( 'NONE',  ( 1.000000000000000000, -0.000000000000000000, 0.000000000000000000 ) ) ;
#5054 = CARTESIAN_POINT ( 'NONE',  ( 0.3000000000000000444, 4.638380150999999785, -10.25000000000000000 ) ) ;
#5055 =( GEOMETRIC_REPRESENTATION_CONTEXT ( 3 ) GLOBAL_UNCERTAINTY_ASSIGNED_CONTEXT ( ( #6001 ) ) GLOBAL_UNIT_ASSIGNED_CONTEXT ( ( #1274, #6183, #3202 ) ) REPRESENTATION_CONTEXT ( 'NONE', 'WORKASPACE' ) );
#5056 = ORIENTED_EDGE ( 'NONE', *, *, #3907, .F. ) ;
#5057 = ADVANCED_FACE ( 'NONE', ( #7717 ), #1092, .T. ) ;
#5058 = CYLINDRICAL_SURFACE ( 'NONE', #1600, 0.8000000000000000444 ) ;
#5059 = FILL_AREA_STYLE ('',( #5673 ) ) ;
#5060 = EDGE_CURVE ( 'NONE', #3788, #7792, #5417, .T. ) ;
#5061 = DIRECTION ( 'NONE',  ( 1.000000000000000000, 0.000000000000000000, 0.000000000000000000 ) ) ;
#5062 = MECHANICAL_DESIGN_GEOMETRIC_PRESENTATION_REPRESENTATION (  '', ( #3165 ), #2176 ) ;
#5063 = CARTESIAN_POINT ( 'NONE',  ( -5.649999999999999467, 1.100000000000000089, -3.149999999999999911 ) ) ;
#5064 = ORIENTED_EDGE ( 'NONE', *, *, #79, .T. ) ;
#5065 = ORIENTED_EDGE ( 'NONE', *, *, #6208, .F. ) ;
#5066 = ORIENTED_EDGE ( 'NONE', *, *, #6087, .T. ) ;
#5067 = CARTESIAN_POINT ( 'NONE',  ( -6.850000000000000533, 4.750000000000000000, -13.75000000000000000 ) ) ;
#5068 = EDGE_CURVE ( 'NONE', #7872, #2514, #2844, .T. ) ;
#5069 = EDGE_CURVE ( 'NONE', #5, #3107, #4688, .T. ) ;
#5070 = VECTOR ( 'NONE', #4311, 1000.000000000000000 ) ;
#5071 = VERTEX_POINT ( 'NONE', #519 ) ;
#5072 = DIRECTION ( 'NONE',  ( -0.4067366417239048904, 0.9135454582445035054, 0.000000000000000000 ) ) ;
#5073 = DIRECTION ( 'NONE',  ( 0.000000000000000000, 1.000000000000000000, 0.000000000000000000 ) ) ;
#5074 = DIRECTION ( 'NONE',  ( 0.000000000000000000, 0.000000000000000000, -1.000000000000000000 ) ) ;
#5075 = CARTESIAN_POINT ( 'NONE',  ( 2.949999999999999734, 10.05000000000000249, -12.62500000000000000 ) ) ;
#5076 = CARTESIAN_POINT ( 'NONE',  ( -4.500000000000000888, -3.404123204000000236, -3.149999999999999911 ) ) ;
#5077 = AXIS2_PLACEMENT_3D ( 'NONE', #6756, #3739, #342 ) ;
#5078 = DIRECTION ( 'NONE',  ( 0.6560590287264920217, -0.7547095804522769846, 0.000000000000000000 ) ) ;
#5079 = CARTESIAN_POINT ( 'NONE',  ( -3.376558929500000250, 6.572989208000000083, 0.000000000000000000 ) ) ;
#5080 = EDGE_CURVE ( 'NONE', #7658, #614, #5287, .T. ) ;
#5081 = DIRECTION ( 'NONE',  ( -0.000000000000000000, -0.000000000000000000, -1.000000000000000000 ) ) ;
#5082 = ORIENTED_EDGE ( 'NONE', *, *, #1106, .F. ) ;
#5083 = STYLED_ITEM ( 'NONE', ( #7409 ), #6711 ) ;
#5084 = CARTESIAN_POINT ( 'NONE',  ( 3.970876701500000383, 5.009118206500001058, -15.50000000000000000 ) ) ;
#5085 = LINE ( 'NONE', #886, #7155 ) ;
#5086 = DIRECTION ( 'NONE',  ( 0.000000000000000000, 0.000000000000000000, 1.000000000000000000 ) ) ;
#5087 = VERTEX_POINT ( 'NONE', #6638 ) ;
#5088 = SURFACE_SIDE_STYLE ('',( #2685 ) ) ;
#5089 =( LENGTH_UNIT ( ) NAMED_UNIT ( * ) SI_UNIT ( .MILLI., .METRE. ) );
#5090 = PLANE ( 'NONE',  #4130 ) ;
#5091 = COLOUR_RGB ( '',0.7529411764705882248, 0.7529411764705882248, 0.7529411764705882248 ) ;
#5092 = CARTESIAN_POINT ( 'NONE',  ( 9.199999999999999289, 10.00000000149333346, -11.90000000000000036 ) ) ;
#5093 = SURFACE_STYLE_USAGE ( .BOTH. , #5707 ) ;
#5094 = DIRECTION ( 'NONE',  ( 0.000000000000000000, 0.000000000000000000, 1.000000000000000000 ) ) ;
#5095 = VERTEX_POINT ( 'NONE', #5932 ) ;
#5096 = CARTESIAN_POINT ( 'NONE',  ( 0.3500000036666662262, 0.000000000000000000, -13.35000000000000320 ) ) ;
#5097 = CARTESIAN_POINT ( 'NONE',  ( 7.150000000199999484, 1.000000000000000000, -8.875000000000001776 ) ) ;
#5098 = SURFACE_SIDE_STYLE ('',( #3873 ) ) ;
#5099 = CARTESIAN_POINT ( 'NONE',  ( 7.850000004000000864, 10.44500000000000028, -11.90000000000000036 ) ) ;
#5100 = EDGE_CURVE ( 'NONE', #2559, #6476, #6521, .T. ) ;
#5101 = ORIENTED_EDGE ( 'NONE', *, *, #5617, .F. ) ;
#5102 = DIRECTION ( 'NONE',  ( -0.000000000000000000, -1.000000000000000000, -0.000000000000000000 ) ) ;
#5103 = ORIENTED_EDGE ( 'NONE', *, *, #4607, .F. ) ;
#5104 = VERTEX_POINT ( 'NONE', #5372 ) ;
#5105 = DIRECTION ( 'NONE',  ( -0.000000000000000000, -0.000000000000000000, -1.000000000000000000 ) ) ;
#5106 = DIRECTION ( 'NONE',  ( 1.000000000000000000, 0.000000000000000000, 0.000000000000000000 ) ) ;
#5107 = ORIENTED_EDGE ( 'NONE', *, *, #2371, .T. ) ;
#5108 = ADVANCED_FACE ( 'NONE', ( #4647 ), #7801, .F. ) ;
#5109 = AXIS2_PLACEMENT_3D ( 'NONE', #165, #2624, #1482 ) ;
#5110 = EDGE_CURVE ( 'NONE', #7766, #2190, #6482, .T. ) ;
#5111 = LINE ( 'NONE', #3365, #2020 ) ;
#5112 = DIRECTION ( 'NONE',  ( 0.000000000000000000, 0.000000000000000000, 1.000000000000000000 ) ) ;
#5113 = SURFACE_STYLE_FILL_AREA ( #3295 ) ;
#5114 = CARTESIAN_POINT ( 'NONE',  ( -2.296206600999999736, 7.358516468999998672, 0.000000000000000000 ) ) ;
#5115 = AXIS2_PLACEMENT_3D ( 'NONE', #6956, #1549, #106 ) ;
#5116 = ORIENTED_EDGE ( 'NONE', *, *, #7403, .T. ) ;
#5117 = CARTESIAN_POINT ( 'NONE',  ( -9.200000001333334509, 19.50000000000000000, -1.700000000133333522 ) ) ;
#5118 = ADVANCED_FACE ( 'NONE', ( #1046 ), #566, .T. ) ;
#5119 = ADVANCED_FACE ( 'NONE', ( #5419 ), #1834, .T. ) ;
#5120 = DIRECTION ( 'NONE',  ( 1.000000000000000000, -0.000000000000000000, -0.000000000000000000 ) ) ;
#5121 = AXIS2_PLACEMENT_3D ( 'NONE', #5051, #3266, #5745 ) ;
#5122 = CARTESIAN_POINT ( 'NONE',  ( -2.998092555037163542, 9.803553088710682317, -11.90000000000000036 ) ) ;
#5123 = ORIENTED_EDGE ( 'NONE', *, *, #6150, .T. ) ;
#5124 = LINE ( 'NONE', #1546, #7148 ) ;
#5125 = FACE_OUTER_BOUND ( 'NONE', #5420, .T. ) ;
#5126 = FACE_OUTER_BOUND ( 'NONE', #570, .T. ) ;
#5127 = CARTESIAN_POINT ( 'NONE',  ( 2.998092552999999771, 9.803553087000000943, -13.75000000000000000 ) ) ;
#5128 = DIRECTION ( 'NONE',  ( 0.000000000000000000, 0.000000000000000000, -1.000000000000000000 ) ) ;
#5129 = CARTESIAN_POINT ( 'NONE',  ( -3.224999999999999645, 8.473809970840001426, -13.35000000000000320 ) ) ;
#5130 = EDGE_CURVE ( 'NONE', #1315, #2245, #2491, .T. ) ;
#5131 = CARTESIAN_POINT ( 'NONE',  ( -4.409724396000000546, 8.348325096999998252, -10.25000000000000000 ) ) ;
#5132 = CARTESIAN_POINT ( 'NONE',  ( -2.998092552999999771, 9.803553087000000943, -12.82499999999999929 ) ) ;
#5133 = VERTEX_POINT ( 'NONE', #3078 ) ;
#5134 = VECTOR ( 'NONE', #6690, 1000.000000000000000 ) ;
#5135 =( LENGTH_UNIT ( ) NAMED_UNIT ( * ) SI_UNIT ( .MILLI., .METRE. ) );
#5136 = LINE ( 'NONE', #5099, #7838 ) ;
#5137 = VERTEX_POINT ( 'NONE', #6055 ) ;
#5138 = VECTOR ( 'NONE', #2254, 1000.000000000000000 ) ;
#5139 = ORIENTED_EDGE ( 'NONE', *, *, #3948, .F. ) ;
#5140 = VERTEX_POINT ( 'NONE', #7882 ) ;
#5141 = DIRECTION ( 'NONE',  ( 0.000000000000000000, 0.000000000000000000, 1.000000000000000000 ) ) ;
#5142 = LINE ( 'NONE', #4988, #2757 ) ;
#5143 = ORIENTED_EDGE ( 'NONE', *, *, #5350, .T. ) ;
#5144 = STYLED_ITEM ( 'NONE', ( #1152 ), #2503 ) ;
#5145 = CARTESIAN_POINT ( 'NONE',  ( -0.3500000000000000333, -1.000000000000000000, -12.00000000000000000 ) ) ;
#5146 = DIRECTION ( 'NONE',  ( 0.000000000000000000, 0.000000000000000000, 1.000000000000000000 ) ) ;
#5147 =( GEOMETRIC_REPRESENTATION_CONTEXT ( 3 ) GLOBAL_UNCERTAINTY_ASSIGNED_CONTEXT ( ( #7340 ) ) GLOBAL_UNIT_ASSIGNED_CONTEXT ( ( #1437, #6890, #6180 ) ) REPRESENTATION_CONTEXT ( 'NONE', 'WORKASPACE' ) );
#5148 = FACE_OUTER_BOUND ( 'NONE', #6048, .T. ) ;
#5149 = VERTEX_POINT ( 'NONE', #4346 ) ;
#5150 = CARTESIAN_POINT ( 'NONE',  ( -5.349999999999999645, -0.0005000000000000001188, -11.90000000000000036 ) ) ;
#5151 = CARTESIAN_POINT ( 'NONE',  ( 0.000000000000000000, 10.00000000000000000, -10.25000000220000018 ) ) ;
#5152 = FACE_OUTER_BOUND ( 'NONE', #3944, .T. ) ;
#5153 = AXIS2_PLACEMENT_3D ( 'NONE', #7322, #6103, #5467 ) ;
#5154 = VECTOR ( 'NONE', #5253, 1000.000000000000000 ) ;
#5155 = EDGE_LOOP ( 'NONE', ( #7465, #658, #4367, #2390 ) ) ;
#5156 = DIRECTION ( 'NONE',  ( -0.7658042757547681711, 0.6430737214625668052, -0.000000000000000000 ) ) ;
#5157 =( NAMED_UNIT ( * ) SI_UNIT ( $, .STERADIAN. ) SOLID_ANGLE_UNIT ( ) );
#5158 = SURFACE_STYLE_USAGE ( .BOTH. , #3380 ) ;
#5159 = EDGE_CURVE ( 'NONE', #1805, #5640, #1793, .T. ) ;
#5160 = EDGE_CURVE ( 'NONE', #7692, #7831, #3663, .T. ) ;
#5161 = VECTOR ( 'NONE', #6370, 1000.000000000000000 ) ;
#5162 = AXIS2_PLACEMENT_3D ( 'NONE', #6643, #4737, #7161 ) ;
#5163 = DIRECTION ( 'NONE',  ( 1.000000000000000000, 0.000000000000000000, 0.000000000000000000 ) ) ;
#5164 = DIRECTION ( 'NONE',  ( -1.000000000000000000, 0.000000000000000000, 0.000000000000000000 ) ) ;
#5165 = FILL_AREA_STYLE_COLOUR ( '', #459 ) ;
#5166 = PRESENTATION_LAYER_ASSIGNMENT (  '', '', ( #6560 ) ) ;
#5167 = CARTESIAN_POINT ( 'NONE',  ( -2.950000000116829391, 10.05000000140038452, -13.35000000000000320 ) ) ;
#5168 = AXIS2_PLACEMENT_3D ( 'NONE', #6920, #2180, #4471 ) ;
#5169 = FACE_OUTER_BOUND ( 'NONE', #5347, .T. ) ;
#5170 = LINE ( 'NONE', #5715, #3558 ) ;
#5171 = EDGE_CURVE ( 'NONE', #1315, #7728, #6094, .T. ) ;
#5172 = CARTESIAN_POINT ( 'NONE',  ( 4.624063636999999005, 1.821020992999999866, -15.50000000000000000 ) ) ;
#5173 = DIRECTION ( 'NONE',  ( 0.000000000000000000, 0.000000000000000000, -1.000000000000000000 ) ) ;
#5174 = COLOUR_RGB ( '',0.7529411764705882248, 0.7529411764705882248, 0.7529411764705882248 ) ;
#5175 = ORIENTED_EDGE ( 'NONE', *, *, #2677, .T. ) ;
#5176 = VECTOR ( 'NONE', #793, 1000.000000000000000 ) ;
#5177 = VERTEX_POINT ( 'NONE', #4267 ) ;
#5178 = VERTEX_POINT ( 'NONE', #7316 ) ;
#5179 = CARTESIAN_POINT ( 'NONE',  ( -1.496206600999999914, 7.358516468999998672, -10.25000000000000000 ) ) ;
#5180 = DIRECTION ( 'NONE',  ( 1.000000000000000000, 0.000000000000000000, 0.000000000000000000 ) ) ;
#5181 =( GEOMETRIC_REPRESENTATION_CONTEXT ( 3 ) GLOBAL_UNCERTAINTY_ASSIGNED_CONTEXT ( ( #3604 ) ) GLOBAL_UNIT_ASSIGNED_CONTEXT ( ( #5012, #4431, #6846 ) ) REPRESENTATION_CONTEXT ( 'NONE', 'WORKASPACE' ) );
#5182 = DIRECTION ( 'NONE',  ( 1.000000000000000000, 0.000000000000000000, 0.000000000000000000 ) ) ;
#5183 = ORIENTED_EDGE ( 'NONE', *, *, #4349, .F. ) ;
#5184 = COLOUR_RGB ( '',0.7529411764705882248, 0.7529411764705882248, 0.7529411764705882248 ) ;
#5185 = CARTESIAN_POINT ( 'NONE',  ( 2.036073078113053381, 8.115041782869946374, 0.000000000000000000 ) ) ;
#5186 = ORIENTED_EDGE ( 'NONE', *, *, #5826, .T. ) ;
#5187 = CARTESIAN_POINT ( 'NONE',  ( 2.678207940106076990, 7.912499768554681623, -13.34999999959393335 ) ) ;
#5188 = CARTESIAN_POINT ( 'NONE',  ( -1.700000000000000178, 2.200000000000000178, -10.25000000000000000 ) ) ;
#5189 = DIRECTION ( 'NONE',  ( 0.000000000000000000, -1.000000000000000000, 0.000000000000000000 ) ) ;
#5190 = UNCERTAINTY_MEASURE_WITH_UNIT (LENGTH_MEASURE( 1.000000000000000082E-05 ), #6999, 'distance_accuracy_value', 'NONE');
#5191 = DIRECTION ( 'NONE',  ( -1.000000000000000000, 0.000000000000000000, 0.000000000000000000 ) ) ;
#5192 = AXIS2_PLACEMENT_3D ( 'NONE', #6232, #1964, #6275 ) ;
#5193 = DIRECTION ( 'NONE',  ( 0.000000000000000000, -0.000000000000000000, 1.000000000000000000 ) ) ;
#5194 = SURFACE_STYLE_USAGE ( .BOTH. , #329 ) ;
#5195 = EDGE_CURVE ( 'NONE', #27, #232, #6683, .T. ) ;
#5196 = ORIENTED_EDGE ( 'NONE', *, *, #910, .T. ) ;
#5197 = FILL_AREA_STYLE_COLOUR ( '', #4503 ) ;
#5198 = SURFACE_STYLE_USAGE ( .BOTH. , #6429 ) ;
#5199 =( GEOMETRIC_REPRESENTATION_CONTEXT ( 3 ) GLOBAL_UNCERTAINTY_ASSIGNED_CONTEXT ( ( #2201 ) ) GLOBAL_UNIT_ASSIGNED_CONTEXT ( ( #3875, #4943, #2843 ) ) REPRESENTATION_CONTEXT ( 'NONE', 'WORKASPACE' ) );
#5200 = ORIENTED_EDGE ( 'NONE', *, *, #6671, .F. ) ;
#5201 = DIRECTION ( 'NONE',  ( 0.000000000000000000, 0.000000000000000000, 1.000000000000000000 ) ) ;
#5202 = DIRECTION ( 'NONE',  ( 0.000000000000000000, 0.000000000000000000, 1.000000000000000000 ) ) ;
#5203 = LINE ( 'NONE', #3974, #1764 ) ;
#5204 = FILL_AREA_STYLE ('',( #2758 ) ) ;
#5205 = FACE_OUTER_BOUND ( 'NONE', #7274, .T. ) ;
#5206 = COLOUR_RGB ( '',0.7529411764705882248, 0.7529411764705882248, 0.7529411764705882248 ) ;
#5207 = CARTESIAN_POINT ( 'NONE',  ( 0.3000000000853333959, 8.361619849000003768, -10.25000000000000000 ) ) ;
#5208 = ADVANCED_FACE ( 'NONE', ( #5496 ), #5535, .F. ) ;
#5209 = EDGE_LOOP ( 'NONE', ( #2959, #3125, #212, #1726 ) ) ;
#5210 =( GEOMETRIC_REPRESENTATION_CONTEXT ( 3 ) GLOBAL_UNCERTAINTY_ASSIGNED_CONTEXT ( ( #1153 ) ) GLOBAL_UNIT_ASSIGNED_CONTEXT ( ( #6221, #6850, #308 ) ) REPRESENTATION_CONTEXT ( 'NONE', 'WORKASPACE' ) );
#5211 = CARTESIAN_POINT ( 'NONE',  ( 4.999999995999999669, 13.69999999692499948, -11.90000000000000036 ) ) ;
#5212 = DIRECTION ( 'NONE',  ( 1.000000000000000000, 0.000000000000000000, 0.000000000000000000 ) ) ;
#5213 = DIRECTION ( 'NONE',  ( -0.000000000000000000, -1.000000000000000000, -0.000000000000000000 ) ) ;
#5214 = DIRECTION ( 'NONE',  ( 0.000000000000000000, 0.000000000000000000, 1.000000000000000000 ) ) ;
#5215 =( GEOMETRIC_REPRESENTATION_CONTEXT ( 3 ) GLOBAL_UNCERTAINTY_ASSIGNED_CONTEXT ( ( #1066 ) ) GLOBAL_UNIT_ASSIGNED_CONTEXT ( ( #5817, #7483, #1585 ) ) REPRESENTATION_CONTEXT ( 'NONE', 'WORKASPACE' ) );
#5216 = CARTESIAN_POINT ( 'NONE',  ( 0.000000000000000000, 6.500000000000000888, -10.25000000000000000 ) ) ;
#5217 = DIRECTION ( 'NONE',  ( -1.000000000000000000, 0.000000000000000000, 0.000000000000000000 ) ) ;
#5218 = VERTEX_POINT ( 'NONE', #7400 ) ;
#5219 = EDGE_CURVE ( 'NONE', #3411, #4992, #2649, .T. ) ;
#5220 = ORIENTED_EDGE ( 'NONE', *, *, #6139, .T. ) ;
#5221 = STYLED_ITEM ( 'NONE', ( #5814 ), #7144 ) ;
#5222 = VERTEX_POINT ( 'NONE', #6216 ) ;
#5223 = ADVANCED_FACE ( 'NONE', ( #7443 ), #1467, .F. ) ;
#5224 = CARTESIAN_POINT ( 'NONE',  ( -2.950000000000000178, 10.05000000276000094, -13.35000000000000320 ) ) ;
#5225 = VERTEX_POINT ( 'NONE', #6295 ) ;
#5226 = PLANE ( 'NONE',  #5362 ) ;
#5227 = VERTEX_POINT ( 'NONE', #5052 ) ;
#5228 = SURFACE_STYLE_FILL_AREA ( #996 ) ;
#5229 = CARTESIAN_POINT ( 'NONE',  ( -5.349999999999999645, -6.521183332913738084E-10, -13.70000000000000107 ) ) ;
#5230 = CARTESIAN_POINT ( 'NONE',  ( 0.8484612170000001008, 8.566681095000001633, -5.125000000000000000 ) ) ;
#5231 = DIRECTION ( 'NONE',  ( 0.000000000000000000, -0.7383009245680812738, -0.6744714558689021144 ) ) ;
#5232 = EDGE_LOOP ( 'NONE', ( #6862, #7168, #3954, #1907 ) ) ;
#5233 = FILL_AREA_STYLE_COLOUR ( '', #520 ) ;
#5234 =( NAMED_UNIT ( * ) SI_UNIT ( $, .STERADIAN. ) SOLID_ANGLE_UNIT ( ) );
#5235 =( LENGTH_UNIT ( ) NAMED_UNIT ( * ) SI_UNIT ( .MILLI., .METRE. ) );
#5236 = VECTOR ( 'NONE', #3752, 1000.000000000000000 ) ;
#5237 = VECTOR ( 'NONE', #416, 1000.000000000000000 ) ;
#5238 = EDGE_CURVE ( 'NONE', #2439, #4984, #2036, .T. ) ;
#5239 = DIRECTION ( 'NONE',  ( -0.6560590296359154472, 0.7547095796617272478, 0.000000000000000000 ) ) ;
#5240 = PLANE ( 'NONE',  #4652 ) ;
#5241 = AXIS2_PLACEMENT_3D ( 'NONE', #3744, #193, #861 ) ;
#5242 = CIRCLE ( 'NONE', #1339, 0.7999999999999999334 ) ;
#5243 = ORIENTED_EDGE ( 'NONE', *, *, #4621, .T. ) ;
#5244 = LINE ( 'NONE', #3457, #5248 ) ;
#5245 = DIRECTION ( 'NONE',  ( 0.000000000000000000, 0.000000000000000000, 1.000000000000000000 ) ) ;
#5246 = CARTESIAN_POINT ( 'NONE',  ( 10.25000000000000000, 19.50000000000000000, -0.9499999995333332503 ) ) ;
#5247 = CARTESIAN_POINT ( 'NONE',  ( 0.3000000000000000444, 5.758380151145217063, 0.000000000000000000 ) ) ;
#5248 = VECTOR ( 'NONE', #5752, 1000.000000000000000 ) ;
#5249 = CARTESIAN_POINT ( 'NONE',  ( -2.949999999999999734, 10.05000000000000249, -12.62500000000000000 ) ) ;
#5250 = EDGE_CURVE ( 'NONE', #3715, #7202, #4387, .T. ) ;
#5251 = DIRECTION ( 'NONE',  ( 0.4067366430118496967, -0.9135454576710734242, -0.000000000000000000 ) ) ;
#5252 =( NAMED_UNIT ( * ) PLANE_ANGLE_UNIT ( ) SI_UNIT ( $, .RADIAN. ) );
#5253 = DIRECTION ( 'NONE',  ( 0.000000000000000000, 0.000000000000000000, -1.000000000000000000 ) ) ;
#5254 = VERTEX_POINT ( 'NONE', #7562 ) ;
#5255 = PRESENTATION_LAYER_ASSIGNMENT (  '', '', ( #563 ) ) ;
#5256 = VERTEX_POINT ( 'NONE', #2075 ) ;
#5257 = DIRECTION ( 'NONE',  ( 0.000000000000000000, 0.000000000000000000, 1.000000000000000000 ) ) ;
#5258 = CARTESIAN_POINT ( 'NONE',  ( 3.376558929500000250, 6.572989208000000083, 0.000000000000000000 ) ) ;
#5259 = FILL_AREA_STYLE_COLOUR ( '', #2270 ) ;
#5260 = EDGE_CURVE ( 'NONE', #3964, #5830, #345, .T. ) ;
#5261 = COLOUR_RGB ( '',0.7529411764705882248, 0.7529411764705882248, 0.7529411764705882248 ) ;
#5262 = ADVANCED_FACE ( 'NONE', ( #1430 ), #895, .F. ) ;
#5263 = ORIENTED_EDGE ( 'NONE', *, *, #5961, .F. ) ;
#5264 = CARTESIAN_POINT ( 'NONE',  ( 2.246835616000000257, 6.779999998884830070, -11.90000000000000036 ) ) ;
#5265 = ORIENTED_EDGE ( 'NONE', *, *, #7013, .F. ) ;
#5266 = UNCERTAINTY_MEASURE_WITH_UNIT (LENGTH_MEASURE( 1.000000000000000082E-05 ), #1820, 'distance_accuracy_value', 'NONE');
#5267 = VECTOR ( 'NONE', #5824, 1000.000000000000000 ) ;
#5268 =( NAMED_UNIT ( * ) SI_UNIT ( $, .STERADIAN. ) SOLID_ANGLE_UNIT ( ) );
#5269 = ADVANCED_FACE ( 'NONE', ( #154 ), #2610, .F. ) ;
#5270 =( NAMED_UNIT ( * ) SI_UNIT ( $, .STERADIAN. ) SOLID_ANGLE_UNIT ( ) );
#5271 = STYLED_ITEM ( 'NONE', ( #132 ), #2191 ) ;
#5272 = ORIENTED_EDGE ( 'NONE', *, *, #4258, .F. ) ;
#5273 = FILL_AREA_STYLE ('',( #5197 ) ) ;
#5274 = UNCERTAINTY_MEASURE_WITH_UNIT (LENGTH_MEASURE( 1.000000000000000082E-05 ), #3409, 'distance_accuracy_value', 'NONE');
#5275 = EDGE_LOOP ( 'NONE', ( #1418, #5597, #5034, #7211 ) ) ;
#5276 = DIRECTION ( 'NONE',  ( 0.3435815312635316920, 0.9391228521203213164, -0.000000000000000000 ) ) ;
#5277 = COLOUR_RGB ( '',0.7529411764705882248, 0.7529411764705882248, 0.7529411764705882248 ) ;
#5278 = DIRECTION ( 'NONE',  ( 0.000000000000000000, -0.8191520443588538036, 0.5735764362512727477 ) ) ;
#5279 = DIRECTION ( 'NONE',  ( 1.000000000000000000, -1.445602896647339508E-15, 0.000000000000000000 ) ) ;
#5280 = SURFACE_STYLE_FILL_AREA ( #421 ) ;
#5281 = VECTOR ( 'NONE', #7720, 1000.000000000000000 ) ;
#5282 = DIRECTION ( 'NONE',  ( 0.6156614747073918537, 0.7880107540897646201, 0.000000000000000000 ) ) ;
#5283 = CARTESIAN_POINT ( 'NONE',  ( 0.000000000000000000, 8.125000000089720231, -13.35000000032535183 ) ) ;
#5284 = CARTESIAN_POINT ( 'NONE',  ( 4.500000000000000888, -3.404123204000000236, -3.000000000000000000 ) ) ;
#5285 = AXIS2_PLACEMENT_3D ( 'NONE', #4817, #4109, #571 ) ;
#5286 = CARTESIAN_POINT ( 'NONE',  ( 0.3500000000000000333, 0.3999999993000000753, -13.35000000000000320 ) ) ;
#5287 = LINE ( 'NONE', #7237, #2666 ) ;
#5288 = CARTESIAN_POINT ( 'NONE',  ( -3.500000000000000000, 10.00000000000000000, -10.25000000000000000 ) ) ;
#5289 = DIRECTION ( 'NONE',  ( -0.000000000000000000, -1.000000000000000000, -0.000000000000000000 ) ) ;
#5290 = EDGE_CURVE ( 'NONE', #2474, #4074, #2329, .T. ) ;
#5291 = DIRECTION ( 'NONE',  ( 0.7880107537503360238, 0.6156614751418405529, 0.000000000000000000 ) ) ;
#5292 = AXIS2_PLACEMENT_3D ( 'NONE', #41, #2114, #1518 ) ;
#5293 = ORIENTED_EDGE ( 'NONE', *, *, #4396, .T. ) ;
#5294 = PRESENTATION_LAYER_ASSIGNMENT (  '', '', ( #84 ) ) ;
#5295 = ORIENTED_EDGE ( 'NONE', *, *, #7283, .F. ) ;
#5296 = DIRECTION ( 'NONE',  ( 0.000000000000000000, -0.000000000000000000, 1.000000000000000000 ) ) ;
#5297 = DIRECTION ( 'NONE',  ( 0.000000000000000000, 1.000000000000000000, 0.000000000000000000 ) ) ;
#5298 = EDGE_CURVE ( 'NONE', #1049, #6824, #6475, .T. ) ;
#5299 = CARTESIAN_POINT ( 'NONE',  ( 0.3500000000000000333, 2.899999999120000727, -12.82499999999999929 ) ) ;
#5300 = CARTESIAN_POINT ( 'NONE',  ( 1.700000000000000178, 2.200000000000000178, 0.000000000000000000 ) ) ;
#5301 = MECHANICAL_DESIGN_GEOMETRIC_PRESENTATION_REPRESENTATION (  '', ( #3277 ), #4544 ) ;
#5302 = AXIS2_PLACEMENT_3D ( 'NONE', #3224, #3814, #5695 ) ;
#5303 = LINE ( 'NONE', #5944, #5942 ) ;
#5304 = LINE ( 'NONE', #1190, #4241 ) ;
#5305 = ORIENTED_EDGE ( 'NONE', *, *, #1026, .T. ) ;
#5306 = CARTESIAN_POINT ( 'NONE',  ( 9.199999999999999289, 9.750000000000000000, -0.9500000000000000666 ) ) ;
#5307 = LINE ( 'NONE', #4591, #439 ) ;
#5308 = CARTESIAN_POINT ( 'NONE',  ( -2.678207948150756579, 7.912499773234413780, -11.90000000000000036 ) ) ;
#5309 = ADVANCED_FACE ( 'NONE', ( #4722 ), #1037, .T. ) ;
#5310 = ADVANCED_FACE ( 'NONE', ( #7077 ), #5854, .F. ) ;
#5311 = VECTOR ( 'NONE', #3694, 1000.000000000000114 ) ;
#5312 = ORIENTED_EDGE ( 'NONE', *, *, #4246, .F. ) ;
#5313 = DIRECTION ( 'NONE',  ( -1.000000000000000000, -0.000000000000000000, -0.000000000000000000 ) ) ;
#5314 = EDGE_CURVE ( 'NONE', #6491, #3715, #2250, .T. ) ;
#5315 = VERTEX_POINT ( 'NONE', #5323 ) ;
#5316 = LINE ( 'NONE', #5355, #4079 ) ;
#5317 = VECTOR ( 'NONE', #3971, 1000.000000000000000 ) ;
#5318 = FILL_AREA_STYLE_COLOUR ( '', #1360 ) ;
#5319 =( NAMED_UNIT ( * ) SI_UNIT ( $, .STERADIAN. ) SOLID_ANGLE_UNIT ( ) );
#5320 = ORIENTED_EDGE ( 'NONE', *, *, #2373, .T. ) ;
#5321 = MECHANICAL_DESIGN_GEOMETRIC_PRESENTATION_REPRESENTATION (  '', ( #7621 ), #2304 ) ;
#5322 = PRESENTATION_STYLE_ASSIGNMENT (( #2834 ) ) ;
#5323 = CARTESIAN_POINT ( 'NONE',  ( 0.3000000000000000444, 8.361619849000003768, 0.000000000000000000 ) ) ;
#5324 = ORIENTED_EDGE ( 'NONE', *, *, #6820, .F. ) ;
#5325 = CARTESIAN_POINT ( 'NONE',  ( 0.000000000000000000, 6.500000000000000888, 0.000000000000000000 ) ) ;
#5326 = CARTESIAN_POINT ( 'NONE',  ( 0.8750000000000001110, 3.664364033241418461, -8.580182327228049743 ) ) ;
#5327 = COLOUR_RGB ( '',0.7529411764705882248, 0.7529411764705882248, 0.7529411764705882248 ) ;
#5328 = FILL_AREA_STYLE ('',( #2332 ) ) ;
#5329 = CARTESIAN_POINT ( 'NONE',  ( 1.700000000000000178, 2.200000000000000178, -2.849999998359375120 ) ) ;
#5330 = CARTESIAN_POINT ( 'NONE',  ( 4.349999999999999645, 1.699000000000000288, -15.50000000000000000 ) ) ;
#5331 = PRESENTATION_STYLE_ASSIGNMENT (( #2923 ) ) ;
#5332 = CARTESIAN_POINT ( 'NONE',  ( 9.199999999999999289, 9.750000000000000000, 0.000000000000000000 ) ) ;
#5333 = LINE ( 'NONE', #4734, #7828 ) ;
#5334 = STYLED_ITEM ( 'NONE', ( #1516 ), #6772 ) ;
#5335 = VERTEX_POINT ( 'NONE', #4094 ) ;
#5336 = ORIENTED_EDGE ( 'NONE', *, *, #744, .T. ) ;
#5337 = CARTESIAN_POINT ( 'NONE',  ( 1.350000005200000741, 9.578299723000000654, -10.25000000000000000 ) ) ;
#5338 = DIRECTION ( 'NONE',  ( -0.000000000000000000, -0.000000000000000000, 1.000000000000000000 ) ) ;
#5339 = FILL_AREA_STYLE_COLOUR ( '', #5277 ) ;
#5340 = EDGE_CURVE ( 'NONE', #5537, #4412, #6510, .T. ) ;
#5341 = CARTESIAN_POINT ( 'NONE',  ( -7.859999999999998543, 0.5000000000000000000, -4.400000000000000355 ) ) ;
#5342 = AXIS2_PLACEMENT_3D ( 'NONE', #1946, #4345, #1909 ) ;
#5343 = CARTESIAN_POINT ( 'NONE',  ( 3.743951985978713370, 6.150351843024489007, -10.25000000000000000 ) ) ;
#5344 = ORIENTED_EDGE ( 'NONE', *, *, #3609, .F. ) ;
#5345 = CARTESIAN_POINT ( 'NONE',  ( 5.349999999999999645, -3.000000000044896975, -14.49999999959999997 ) ) ;
#5346 = LINE ( 'NONE', #5224, #584 ) ;
#5347 = EDGE_LOOP ( 'NONE', ( #4132, #2228, #6166, #4119 ) ) ;
#5348 = EDGE_CURVE ( 'NONE', #2887, #292, #3534, .T. ) ;
#5349 =( NAMED_UNIT ( * ) SI_UNIT ( $, .STERADIAN. ) SOLID_ANGLE_UNIT ( ) );
#5350 = EDGE_CURVE ( 'NONE', #675, #1874, #1863, .T. ) ;
#5351 = ORIENTED_EDGE ( 'NONE', *, *, #2009, .F. ) ;
#5352 = DIRECTION ( 'NONE',  ( 0.000000000000000000, 0.000000000000000000, -1.000000000000000000 ) ) ;
#5353 = FILL_AREA_STYLE ('',( #7181 ) ) ;
#5354 = VERTEX_POINT ( 'NONE', #5487 ) ;
#5355 = CARTESIAN_POINT ( 'NONE',  ( 1.350000000000000089, 15.69209978795172589, -5.950000000000000178 ) ) ;
#5356 = DIRECTION ( 'NONE',  ( -0.000000000000000000, 0.5735764362512728587, 0.8191520443588539147 ) ) ;
#5357 = EDGE_CURVE ( 'NONE', #2887, #4694, #1293, .T. ) ;
#5358 = EDGE_CURVE ( 'NONE', #2056, #7728, #7833, .T. ) ;
#5359 = VERTEX_POINT ( 'NONE', #684 ) ;
#5360 = FACE_OUTER_BOUND ( 'NONE', #2449, .T. ) ;
#5361 = DIRECTION ( 'NONE',  ( -0.000000000000000000, 1.000000000000000000, -0.000000000000000000 ) ) ;
#5362 = AXIS2_PLACEMENT_3D ( 'NONE', #5910, #4117, #7655 ) ;
#5363 = ORIENTED_EDGE ( 'NONE', *, *, #11, .F. ) ;
#5364 = VECTOR ( 'NONE', #1341, 999.9999999999998863 ) ;
#5365 = FILL_AREA_STYLE ('',( #7877 ) ) ;
#5366 = CARTESIAN_POINT ( 'NONE',  ( -5.000000000000000000, 13.70000000000000107, -11.90000000000000036 ) ) ;
#5367 = LINE ( 'NONE', #562, #4389 ) ;
#5368 = FILL_AREA_STYLE ('',( #6555 ) ) ;
#5369 = VECTOR ( 'NONE', #3082, 1000.000000000000000 ) ;
#5370 = LINE ( 'NONE', #2375, #7626 ) ;
#5371 = EDGE_CURVE ( 'NONE', #1656, #3715, #7193, .T. ) ;
#5372 = CARTESIAN_POINT ( 'NONE',  ( -5.349999999999999645, -3.000000000000000000, -15.50000000000000000 ) ) ;
#5373 = VECTOR ( 'NONE', #7230, 1000.000000000000000 ) ;
#5374 = LINE ( 'NONE', #5994, #7359 ) ;
#5375 = CARTESIAN_POINT ( 'NONE',  ( 4.999999999999999112, -3.000000000089793506, -14.50000000000000000 ) ) ;
#5376 = ORIENTED_EDGE ( 'NONE', *, *, #2720, .F. ) ;
#5377 = EDGE_LOOP ( 'NONE', ( #4978, #3721, #7010, #7246 ) ) ;
#5378 = CARTESIAN_POINT ( 'NONE',  ( 4.649999999999999467, 0.000000000000000000, -13.35000000000000320 ) ) ;
#5379 = CARTESIAN_POINT ( 'NONE',  ( 3.500000000000000000, 10.00000000000000000, -10.25000000000000000 ) ) ;
#5380 = FILL_AREA_STYLE_COLOUR ( '', #5261 ) ;
#5381 = LINE ( 'NONE', #1054, #4329 ) ;
#5382 = DIRECTION ( 'NONE',  ( 0.000000000000000000, 0.000000000000000000, -1.000000000000000000 ) ) ;
#5383 = ORIENTED_EDGE ( 'NONE', *, *, #4062, .F. ) ;
#5384 = COLOUR_RGB ( '',0.7529411764705882248, 0.7529411764705882248, 0.7529411764705882248 ) ;
#5385 = DIRECTION ( 'NONE',  ( 0.6560590291938325214, 0.7547095800460241755, 0.000000000000000000 ) ) ;
#5386 = EDGE_LOOP ( 'NONE', ( #7287, #4829, #6937, #913 ) ) ;
#5387 = CARTESIAN_POINT ( 'NONE',  ( 1.789995088999999817, 10.89499754399999887, -13.95000000000000107 ) ) ;
#5388 = ORIENTED_EDGE ( 'NONE', *, *, #2835, .T. ) ;
#5389 = ORIENTED_EDGE ( 'NONE', *, *, #2276, .T. ) ;
#5390 = AXIS2_PLACEMENT_3D ( 'NONE', #5690, #2675, #2093 ) ;
#5391 = CARTESIAN_POINT ( 'NONE',  ( -2.950000004768035033, 10.04999999917806264, -11.90000000000000036 ) ) ;
#5392 = ORIENTED_EDGE ( 'NONE', *, *, #5238, .F. ) ;
#5393 = LINE ( 'NONE', #7256, #6591 ) ;
#5394 = LINE ( 'NONE', #4873, #2534 ) ;
#5395 = ORIENTED_EDGE ( 'NONE', *, *, #246, .T. ) ;
#5396 =( NAMED_UNIT ( * ) PLANE_ANGLE_UNIT ( ) SI_UNIT ( $, .RADIAN. ) );
#5397 = EDGE_CURVE ( 'NONE', #1880, #4815, #5408, .T. ) ;
#5398 = ORIENTED_EDGE ( 'NONE', *, *, #608, .T. ) ;
#5399 = ORIENTED_EDGE ( 'NONE', *, *, #293, .T. ) ;
#5400 = LINE ( 'NONE', #3064, #4501 ) ;
#5401 =( NAMED_UNIT ( * ) SI_UNIT ( $, .STERADIAN. ) SOLID_ANGLE_UNIT ( ) );
#5402 = EDGE_CURVE ( 'NONE', #3677, #2526, #1172, .T. ) ;
#5403 = DIRECTION ( 'NONE',  ( 0.000000000000000000, 1.000000000000000000, 0.000000000000000000 ) ) ;
#5404 = DIRECTION ( 'NONE',  ( 0.6427876130084028139, 0.7660444403316035711, 0.000000000000000000 ) ) ;
#5405 = AXIS2_PLACEMENT_3D ( 'NONE', #7616, #314, #4585 ) ;
#5406 = ORIENTED_EDGE ( 'NONE', *, *, #1236, .T. ) ;
#5407 = CARTESIAN_POINT ( 'NONE',  ( -5.000000000000000000, 10.80000000000000071, -12.62500000000000000 ) ) ;
#5408 = LINE ( 'NONE', #1783, #5311 ) ;
#5409 =( GEOMETRIC_REPRESENTATION_CONTEXT ( 3 ) GLOBAL_UNCERTAINTY_ASSIGNED_CONTEXT ( ( #2513 ) ) GLOBAL_UNIT_ASSIGNED_CONTEXT ( ( #2315, #2974, #988 ) ) REPRESENTATION_CONTEXT ( 'NONE', 'WORKASPACE' ) );
#5410 = ORIENTED_EDGE ( 'NONE', *, *, #2779, .T. ) ;
#5411 = FILL_AREA_STYLE_COLOUR ( '', #2507 ) ;
#5412 = EDGE_CURVE ( 'NONE', #7856, #7202, #4259, .T. ) ;
#5413 = SURFACE_STYLE_FILL_AREA ( #6126 ) ;
#5414 = CARTESIAN_POINT ( 'NONE',  ( 0.000000000000000000, 0.000000000000000000, -13.35000000000000320 ) ) ;
#5415 = CARTESIAN_POINT ( 'NONE',  ( -3.224999997905668714, 8.473809978850956881, -11.90000000000000036 ) ) ;
#5416 = AXIS2_PLACEMENT_3D ( 'NONE', #1556, #1469, #344 ) ;
#5417 = LINE ( 'NONE', #388, #7208 ) ;
#5418 = SURFACE_STYLE_FILL_AREA ( #2996 ) ;
#5419 = FACE_OUTER_BOUND ( 'NONE', #4107, .T. ) ;
#5420 = EDGE_LOOP ( 'NONE', ( #7258, #672, #1233, #7325 ) ) ;
#5421 = ORIENTED_EDGE ( 'NONE', *, *, #5110, .F. ) ;
#5422 = DIRECTION ( 'NONE',  ( -0.000000000000000000, -0.000000000000000000, -1.000000000000000000 ) ) ;
#5423 =( GEOMETRIC_REPRESENTATION_CONTEXT ( 3 ) GLOBAL_UNCERTAINTY_ASSIGNED_CONTEXT ( ( #3214 ) ) GLOBAL_UNIT_ASSIGNED_CONTEXT ( ( #3549, #6609, #528 ) ) REPRESENTATION_CONTEXT ( 'NONE', 'WORKASPACE' ) );
#5424 = VECTOR ( 'NONE', #941, 1000.000000000000000 ) ;
#5425 = ADVANCED_FACE ( 'NONE', ( #2404 ), #1906, .T. ) ;
#5426 = DIRECTION ( 'NONE',  ( 0.000000000000000000, 0.000000000000000000, -1.000000000000000000 ) ) ;
#5427 = PRESENTATION_LAYER_ASSIGNMENT (  '', '', ( #2278 ) ) ;
#5428 = ORIENTED_EDGE ( 'NONE', *, *, #3938, .T. ) ;
#5429 = PRESENTATION_LAYER_ASSIGNMENT (  '', '', ( #3774 ) ) ;
#5430 = LINE ( 'NONE', #1146, #411 ) ;
#5431 = EDGE_LOOP ( 'NONE', ( #4137, #6789, #5920, #3836 ) ) ;
#5432 = CARTESIAN_POINT ( 'NONE',  ( 2.549999999999999822, 11.27500000000000036, -13.94999999999999929 ) ) ;
#5433 = ORIENTED_EDGE ( 'NONE', *, *, #6719, .T. ) ;
#5434 = DIRECTION ( 'NONE',  ( -1.000000000000000000, 0.000000000000000000, 0.000000000000000000 ) ) ;
#5435 = UNCERTAINTY_MEASURE_WITH_UNIT (LENGTH_MEASURE( 1.000000000000000082E-05 ), #105, 'distance_accuracy_value', 'NONE');
#5436 = VECTOR ( 'NONE', #6914, 1000.000000000000000 ) ;
#5437 = CARTESIAN_POINT ( 'NONE',  ( -7.849999999999999645, 0.3999999973200000780, -13.00000000050000004 ) ) ;
#5438 = ORIENTED_EDGE ( 'NONE', *, *, #5719, .T. ) ;
#5439 = CARTESIAN_POINT ( 'NONE',  ( 0.000000000000000000, 8.090060557000001040, -13.66820397600000092 ) ) ;
#5440 = DIRECTION ( 'NONE',  ( 1.000000000000000000, 0.000000000000000000, 0.000000000000000000 ) ) ;
#5441 = VERTEX_POINT ( 'NONE', #1252 ) ;
#5442 = UNCERTAINTY_MEASURE_WITH_UNIT (LENGTH_MEASURE( 1.000000000000000082E-05 ), #7472, 'distance_accuracy_value', 'NONE');
#5443 = ORIENTED_EDGE ( 'NONE', *, *, #3113, .T. ) ;
#5444 = CARTESIAN_POINT ( 'NONE',  ( 1.301286965556105457, 8.960316511683771523, -10.25000000000000000 ) ) ;
#5445 = CARTESIAN_POINT ( 'NONE',  ( 1.700000000000000178, 2.200000000000000178, -5.125000000000000000 ) ) ;
#5446 =( LENGTH_UNIT ( ) NAMED_UNIT ( * ) SI_UNIT ( .MILLI., .METRE. ) );
#5447 = EDGE_CURVE ( 'NONE', #2971, #5087, #6085, .T. ) ;
#5448 = ORIENTED_EDGE ( 'NONE', *, *, #3043, .F. ) ;
#5449 = PLANE ( 'NONE',  #5302 ) ;
#5450 = VECTOR ( 'NONE', #7550, 1000.000000000000000 ) ;
#5451 = VERTEX_POINT ( 'NONE', #5529 ) ;
#5452 = DIRECTION ( 'NONE',  ( 0.000000000000000000, 0.000000000000000000, 1.000000000000000000 ) ) ;
#5453 = LINE ( 'NONE', #4767, #2745 ) ;
#5454 = FACE_OUTER_BOUND ( 'NONE', #632, .T. ) ;
#5455 = VECTOR ( 'NONE', #3354, 1000.000000000000000 ) ;
#5456 = DIRECTION ( 'NONE',  ( -0.6156614747073927418, -0.7880107540897638430, 0.000000000000000000 ) ) ;
#5457 = PLANE ( 'NONE',  #2521 ) ;
#5458 = CARTESIAN_POINT ( 'NONE',  ( 3.225000000000000089, 8.473809973000001605, -12.62500000000000000 ) ) ;
#5459 = EDGE_CURVE ( 'NONE', #2150, #7423, #65, .T. ) ;
#5460 = EDGE_CURVE ( 'NONE', #7475, #362, #3570, .T. ) ;
#5461 = CARTESIAN_POINT ( 'NONE',  ( 5.500000000000000000, -3.404123202900001033, -2.849999999999999645 ) ) ;
#5462 = EDGE_LOOP ( 'NONE', ( #4195, #3355, #1361, #3590 ) ) ;
#5463 = ORIENTED_EDGE ( 'NONE', *, *, #3488, .T. ) ;
#5464 =( NAMED_UNIT ( * ) SI_UNIT ( $, .STERADIAN. ) SOLID_ANGLE_UNIT ( ) );
#5465 = AXIS2_PLACEMENT_3D ( 'NONE', #2798, #1005, #5279 ) ;
#5466 = LINE ( 'NONE', #2044, #7370 ) ;
#5467 = DIRECTION ( 'NONE',  ( 0.000000000000000000, 0.000000000000000000, 1.000000000000000000 ) ) ;
#5468 = DIRECTION ( 'NONE',  ( 0.000000000000000000, 0.7383009244235613222, 0.6744714560270987924 ) ) ;
#5469 =( GEOMETRIC_REPRESENTATION_CONTEXT ( 3 ) GLOBAL_UNCERTAINTY_ASSIGNED_CONTEXT ( ( #7736 ) ) GLOBAL_UNIT_ASSIGNED_CONTEXT ( ( #2268, #5981, #7091 ) ) REPRESENTATION_CONTEXT ( 'NONE', 'WORKASPACE' ) );
#5470 = ORIENTED_EDGE ( 'NONE', *, *, #4131, .F. ) ;
#5471 = ADVANCED_FACE ( 'NONE', ( #1335 ), #3734, .F. ) ;
#5472 = CARTESIAN_POINT ( 'NONE',  ( 5.349999999999999645, 1.501033649000000247, -15.50000000000000000 ) ) ;
#5473 = ORIENTED_EDGE ( 'NONE', *, *, #6525, .T. ) ;
#5474 = ORIENTED_EDGE ( 'NONE', *, *, #4455, .F. ) ;
#5475 =( NAMED_UNIT ( * ) SI_UNIT ( $, .STERADIAN. ) SOLID_ANGLE_UNIT ( ) );
#5476 = AXIS2_PLACEMENT_3D ( 'NONE', #2488, #732, #4890 ) ;
#5477 = EDGE_LOOP ( 'NONE', ( #4773, #1039, #4172, #1125 ) ) ;
#5478 = DIRECTION ( 'NONE',  ( -0.000000000000000000, -0.000000000000000000, -1.000000000000000000 ) ) ;
#5479 = CARTESIAN_POINT ( 'NONE',  ( -2.549999999999999822, 8.725000000000001421, -13.94999999999999929 ) ) ;
#5480 = VERTEX_POINT ( 'NONE', #2067 ) ;
#5481 = ORIENTED_EDGE ( 'NONE', *, *, #6770, .F. ) ;
#5482 = FACE_OUTER_BOUND ( 'NONE', #1021, .T. ) ;
#5483 = LINE ( 'NONE', #6587, #702 ) ;
#5484 = CARTESIAN_POINT ( 'NONE',  ( 0.000000000000000000, 0.000000000000000000, 0.000000000000000000 ) ) ;
#5485 = ORIENTED_EDGE ( 'NONE', *, *, #7846, .F. ) ;
#5486 = SURFACE_SIDE_STYLE ('',( #6049 ) ) ;
#5487 = CARTESIAN_POINT ( 'NONE',  ( 2.678207948785634507, 7.912499772171753598, -11.90000000000000036 ) ) ;
#5488 = VERTEX_POINT ( 'NONE', #6329 ) ;
#5489 = ADVANCED_FACE ( 'NONE', ( #5737 ), #1544, .T. ) ;
#5490 = SURFACE_SIDE_STYLE ('',( #6013 ) ) ;
#5491 = CARTESIAN_POINT ( 'NONE',  ( 1.350000000000000089, 14.19999999999999929, -5.950000000000000178 ) ) ;
#5492 = CARTESIAN_POINT ( 'NONE',  ( -0.3500000000000000333, 0.4000000000000000222, -13.37500000000000178 ) ) ;
#5493 = DIRECTION ( 'NONE',  ( 1.000000000000000000, 0.000000000000000000, 0.000000000000000000 ) ) ;
#5494 = APPLICATION_CONTEXT ( 'automotive_design' ) ;
#5495 = CIRCLE ( 'NONE', #3716, 0.2999999999999999334 ) ;
#5496 = FACE_OUTER_BOUND ( 'NONE', #6909, .T. ) ;
#5497 = DIRECTION ( 'NONE',  ( -0.000000000000000000, -0.000000000000000000, 1.000000000000000000 ) ) ;
#5498 = CARTESIAN_POINT ( 'NONE',  ( 5.000000000000000000, -4.000000000000000000, -3.000000000000000000 ) ) ;
#5499 = ORIENTED_EDGE ( 'NONE', *, *, #4513, .T. ) ;
#5500 = CARTESIAN_POINT ( 'NONE',  ( -5.349999999999999645, -0.001000000000000000238, -11.90000000000000036 ) ) ;
#5501 = DIRECTION ( 'NONE',  ( -0.000000000000000000, 0.000000000000000000, -1.000000000000000000 ) ) ;
#5502 = ADVANCED_FACE ( 'NONE', ( #4966 ), #1379, .F. ) ;
#5503 =( GEOMETRIC_REPRESENTATION_CONTEXT ( 3 ) GLOBAL_UNCERTAINTY_ASSIGNED_CONTEXT ( ( #6543 ) ) GLOBAL_UNIT_ASSIGNED_CONTEXT ( ( #3397, #4620, #5464 ) ) REPRESENTATION_CONTEXT ( 'NONE', 'WORKASPACE' ) );
#5504 = DIRECTION ( 'NONE',  ( 1.000000000000000000, 0.000000000000000000, 0.000000000000000000 ) ) ;
#5505 = CARTESIAN_POINT ( 'NONE',  ( 3.291126238000000370, 5.756716425999998776, -2.891205793294678326E-16 ) ) ;
#5506 = ORIENTED_EDGE ( 'NONE', *, *, #592, .F. ) ;
#5507 = CARTESIAN_POINT ( 'NONE',  ( -0.3500000000000000333, -3.000000000000000000, -13.00000000000000178 ) ) ;
#5508 = ORIENTED_EDGE ( 'NONE', *, *, #5459, .T. ) ;
#5509 = ORIENTED_EDGE ( 'NONE', *, *, #6577, .T. ) ;
#5510 = AXIS2_PLACEMENT_3D ( 'NONE', #6068, #4744, #531 ) ;
#5511 = ORIENTED_EDGE ( 'NONE', *, *, #4589, .F. ) ;
#5512 = VECTOR ( 'NONE', #4211, 1000.000000000000000 ) ;
#5513 = CARTESIAN_POINT ( 'NONE',  ( -9.199999999999999289, 2.900000005500000810, -7.150000000000002132 ) ) ;
#5514 = CARTESIAN_POINT ( 'NONE',  ( 0.8750000000000001110, 3.731656093057214907, -7.837198193124685019 ) ) ;
#5515 = EDGE_CURVE ( 'NONE', #6313, #7220, #3147, .T. ) ;
#5516 = EDGE_CURVE ( 'NONE', #7685, #6735, #102, .T. ) ;
#5517 = VERTEX_POINT ( 'NONE', #5045 ) ;
#5518 = CARTESIAN_POINT ( 'NONE',  ( 0.000000000000000000, 11.87200249900000237, -13.29009995000000011 ) ) ;
#5519 = ORIENTED_EDGE ( 'NONE', *, *, #6525, .F. ) ;
#5520 = UNCERTAINTY_MEASURE_WITH_UNIT (LENGTH_MEASURE( 1.000000000000000082E-05 ), #643, 'distance_accuracy_value', 'NONE');
#5521 = AXIS2_PLACEMENT_3D ( 'NONE', #3608, #598, #6667 ) ;
#5522 = ORIENTED_EDGE ( 'NONE', *, *, #6952, .T. ) ;
#5523 = FACE_OUTER_BOUND ( 'NONE', #694, .T. ) ;
#5524 = DIRECTION ( 'NONE',  ( 0.000000000000000000, 0.000000000000000000, -1.000000000000000000 ) ) ;
#5525 = CARTESIAN_POINT ( 'NONE',  ( 2.152319813238174007, 7.372648517885580510, -11.90000000000000036 ) ) ;
#5526 = AXIS2_PLACEMENT_3D ( 'NONE', #6747, #1328, #5648 ) ;
#5527 = ORIENTED_EDGE ( 'NONE', *, *, #7742, .T. ) ;
#5528 = PRESENTATION_STYLE_ASSIGNMENT (( #1861 ) ) ;
#5529 = CARTESIAN_POINT ( 'NONE',  ( -6.460000000000000853, 1.000000000000000000, -4.400000000000001243 ) ) ;
#5530 = ORIENTED_EDGE ( 'NONE', *, *, #6047, .T. ) ;
#5531 = CARTESIAN_POINT ( 'NONE',  ( -1.699999998429271297, 3.209565551060781008, 0.000000000000000000 ) ) ;
#5532 = PRESENTATION_LAYER_ASSIGNMENT (  '', '', ( #7558 ) ) ;
#5533 = DIRECTION ( 'NONE',  ( 0.7880107534842412109, 0.6156614754824265567, -0.000000000000000000 ) ) ;
#5534 = FILL_AREA_STYLE_COLOUR ( '', #4915 ) ;
#5535 = PLANE ( 'NONE',  #1665 ) ;
#5536 = VERTEX_POINT ( 'NONE', #6206 ) ;
#5537 = VERTEX_POINT ( 'NONE', #4423 ) ;
#5538 = LINE ( 'NONE', #3869, #7029 ) ;
#5539 = PLANE ( 'NONE',  #1095 ) ;
#5540 = FACE_OUTER_BOUND ( 'NONE', #14, .T. ) ;
#5541 = AXIS2_PLACEMENT_3D ( 'NONE', #6385, #1450, #5189 ) ;
#5542 = CARTESIAN_POINT ( 'NONE',  ( 7.149999999999999467, 4.750000000000000000, -12.82499999999999929 ) ) ;
#5543 = LINE ( 'NONE', #2582, #1129 ) ;
#5544 = ADVANCED_FACE ( 'NONE', ( #4498 ), #769, .F. ) ;
#5545 = ORIENTED_EDGE ( 'NONE', *, *, #2090, .F. ) ;
#5546 = ORIENTED_EDGE ( 'NONE', *, *, #3794, .F. ) ;
#5547 = CIRCLE ( 'NONE', #1250, 0.5000000000000004441 ) ;
#5548 = EDGE_CURVE ( 'NONE', #7847, #4445, #6916, .T. ) ;
#5549 = VERTEX_POINT ( 'NONE', #5698 ) ;
#5550 = ORIENTED_EDGE ( 'NONE', *, *, #2557, .T. ) ;
#5551 = CARTESIAN_POINT ( 'NONE',  ( -7.859999999862499642, 1.000000000000000000, -13.35000000000000320 ) ) ;
#5552 = VECTOR ( 'NONE', #120, 1000.000000000000000 ) ;
#5553 = EDGE_LOOP ( 'NONE', ( #5376, #6477, #503, #6836 ) ) ;
#5554 = LINE ( 'NONE', #2226, #4170 ) ;
#5555 = ADVANCED_FACE ( 'NONE', ( #3854 ), #7391, .T. ) ;
#5556 = EDGE_CURVE ( 'NONE', #745, #5537, #6285, .T. ) ;
#5557 = ORIENTED_EDGE ( 'NONE', *, *, #3136, .T. ) ;
#5558 = AXIS2_PLACEMENT_3D ( 'NONE', #3248, #711, #4405 ) ;
#5559 = PRESENTATION_LAYER_ASSIGNMENT (  '', '', ( #1124 ) ) ;
#5560 = VERTEX_POINT ( 'NONE', #2562 ) ;
#5561 = DIRECTION ( 'NONE',  ( -0.6560590291938337426, -0.7547095800460230652, 0.000000000000000000 ) ) ;
#5562 = CARTESIAN_POINT ( 'NONE',  ( 2.296206600999999736, 7.358516468999998672, -10.25000000000000000 ) ) ;
#5563 = LINE ( 'NONE', #7510, #3610 ) ;
#5564 = LINE ( 'NONE', #139, #6959 ) ;
#5565 = VECTOR ( 'NONE', #3088, 1000.000000000000227 ) ;
#5566 = CIRCLE ( 'NONE', #6441, 7.000000000000000000 ) ;
#5567 = VERTEX_POINT ( 'NONE', #887 ) ;
#5568 = EDGE_CURVE ( 'NONE', #6896, #5041, #181, .T. ) ;
#5569 = DIRECTION ( 'NONE',  ( -1.000000000000000000, 0.000000000000000000, 0.000000000000000000 ) ) ;
#5570 = FACE_OUTER_BOUND ( 'NONE', #5761, .T. ) ;
#5571 = ORIENTED_EDGE ( 'NONE', *, *, #6229, .T. ) ;
#5572 = PRESENTATION_STYLE_ASSIGNMENT (( #4380 ) ) ;
#5573 = VECTOR ( 'NONE', #2223, 1000.000000000000000 ) ;
#5574 = SURFACE_STYLE_FILL_AREA ( #4426 ) ;
#5575 = DIRECTION ( 'NONE',  ( -0.000000000000000000, -0.000000000000000000, 1.000000000000000000 ) ) ;
#5576 = FACE_OUTER_BOUND ( 'NONE', #7189, .T. ) ;
#5577 = CARTESIAN_POINT ( 'NONE',  ( 5.500000000000000000, -3.404123204000000236, -3.149999999999999911 ) ) ;
#5578 = PRESENTATION_LAYER_ASSIGNMENT (  '', '', ( #3165 ) ) ;
#5579 = DIRECTION ( 'NONE',  ( 0.000000000000000000, 0.000000000000000000, -1.000000000000000000 ) ) ;
#5580 = EDGE_CURVE ( 'NONE', #5087, #6491, #845, .T. ) ;
#5581 = DIRECTION ( 'NONE',  ( 0.000000000000000000, 0.000000000000000000, 1.000000000000000000 ) ) ;
#5582 = CARTESIAN_POINT ( 'NONE',  ( -7.859999997000000960, 0.000000000000000000, -6.675000000000001599 ) ) ;
#5583 = FILL_AREA_STYLE_COLOUR ( '', #2799 ) ;
#5584 = ORIENTED_EDGE ( 'NONE', *, *, #233, .T. ) ;
#5585 = LINE ( 'NONE', #696, #6022 ) ;
#5586 = LINE ( 'NONE', #4271, #5134 ) ;
#5587 = SURFACE_SIDE_STYLE ('',( #4272 ) ) ;
#5588 = DIRECTION ( 'NONE',  ( 0.000000000000000000, 0.000000000000000000, 1.000000000000000000 ) ) ;
#5589 = ORIENTED_EDGE ( 'NONE', *, *, #7296, .T. ) ;
#5590 = VECTOR ( 'NONE', #2387, 1000.000000000000000 ) ;
#5591 = ORIENTED_EDGE ( 'NONE', *, *, #6342, .F. ) ;
#5592 = ORIENTED_EDGE ( 'NONE', *, *, #2890, .F. ) ;
#5593 = CARTESIAN_POINT ( 'NONE',  ( 4.649999999999999467, -3.000000000044896975, -14.49999999959999997 ) ) ;
#5594 = DIRECTION ( 'NONE',  ( 0.7880107534842412109, -0.6156614754824265567, -0.000000000000000000 ) ) ;
#5595 = EDGE_CURVE ( 'NONE', #2405, #3386, #2064, .T. ) ;
#5596 = ORIENTED_EDGE ( 'NONE', *, *, #1589, .T. ) ;
#5597 = ORIENTED_EDGE ( 'NONE', *, *, #1901, .T. ) ;
#5598 = ORIENTED_EDGE ( 'NONE', *, *, #7163, .F. ) ;
#5599 = UNCERTAINTY_MEASURE_WITH_UNIT (LENGTH_MEASURE( 1.000000000000000082E-05 ), #2446, 'distance_accuracy_value', 'NONE');
#5600 = ORIENTED_EDGE ( 'NONE', *, *, #7261, .F. ) ;
#5601 = LINE ( 'NONE', #718, #3983 ) ;
#5602 = CARTESIAN_POINT ( 'NONE',  ( -2.678207940258152675, 7.912499768957141022, -13.34999999972270146 ) ) ;
#5603 = CYLINDRICAL_SURFACE ( 'NONE', #4623, 0.7999999999999999334 ) ;
#5604 = EDGE_CURVE ( 'NONE', #4858, #6745, #7554, .T. ) ;
#5605 = DIRECTION ( 'NONE',  ( -0.000000000000000000, -1.000000000000000000, -0.000000000000000000 ) ) ;
#5606 = AXIS2_PLACEMENT_3D ( 'NONE', #2374, #6598, #1669 ) ;
#5607 = ORIENTED_EDGE ( 'NONE', *, *, #2904, .F. ) ;
#5608 =( LENGTH_UNIT ( ) NAMED_UNIT ( * ) SI_UNIT ( .MILLI., .METRE. ) );
#5609 = DIRECTION ( 'NONE',  ( -0.000000000000000000, -1.000000000000000000, -0.000000000000000000 ) ) ;
#5610 = CARTESIAN_POINT ( 'NONE',  ( 9.199999999999999289, 0.000000000000000000, -13.35000000000000320 ) ) ;
#5611 = ORIENTED_EDGE ( 'NONE', *, *, #3033, .F. ) ;
#5612 = CARTESIAN_POINT ( 'NONE',  ( -5.349999999999999645, -0.9160969999999999391, -14.49999999919999993 ) ) ;
#5613 = VECTOR ( 'NONE', #5880, 1000.000000000000000 ) ;
#5614 = FILL_AREA_STYLE_COLOUR ( '', #6634 ) ;
#5615 = CARTESIAN_POINT ( 'NONE',  ( -10.25000000000000000, 0.000000000000000000, -0.9500000010375001525 ) ) ;
#5616 = SURFACE_SIDE_STYLE ('',( #6127 ) ) ;
#5617 = EDGE_CURVE ( 'NONE', #2162, #2626, #2100, .T. ) ;
#5618 = EDGE_CURVE ( 'NONE', #3139, #2156, #3299, .T. ) ;
#5619 = PRESENTATION_STYLE_ASSIGNMENT (( #3192 ) ) ;
#5620 = LINE ( 'NONE', #6845, #4024 ) ;
#5621 = PRESENTATION_STYLE_ASSIGNMENT (( #3941 ) ) ;
#5622 = CARTESIAN_POINT ( 'NONE',  ( -2.036073077744492643, 8.115041782574285989, -10.25000000000000000 ) ) ;
#5623 = DIRECTION ( 'NONE',  ( 1.000000000000000000, 0.000000000000000000, 0.000000000000000000 ) ) ;
#5624 = ORIENTED_EDGE ( 'NONE', *, *, #3780, .T. ) ;
#5625 = VERTEX_POINT ( 'NONE', #260 ) ;
#5626 = CARTESIAN_POINT ( 'NONE',  ( 4.624063636999999005, 1.821020992999999866, -13.70000000000000107 ) ) ;
#5627 = EDGE_CURVE ( 'NONE', #2087, #3544, #5656, .T. ) ;
#5628 = LINE ( 'NONE', #2, #6549 ) ;
#5629 = CARTESIAN_POINT ( 'NONE',  ( 3.534155546000000037, 10.25370469200000123, -13.75000000000000000 ) ) ;
#5630 = VERTEX_POINT ( 'NONE', #5918 ) ;
#5631 = ORIENTED_EDGE ( 'NONE', *, *, #2183, .F. ) ;
#5632 = CARTESIAN_POINT ( 'NONE',  ( -5.500000000000000000, -3.404123204000000236, -3.000000000000000000 ) ) ;
#5633 = VERTEX_POINT ( 'NONE', #7590 ) ;
#5634 = DIRECTION ( 'NONE',  ( 1.000000000000000000, 3.469446951953614189E-15, 0.000000000000000000 ) ) ;
#5635 = FACE_OUTER_BOUND ( 'NONE', #1579, .T. ) ;
#5636 = VECTOR ( 'NONE', #5105, 1000.000000000000000 ) ;
#5637 = STYLED_ITEM ( 'NONE', ( #2193 ), #423 ) ;
#5638 = AXIS2_PLACEMENT_3D ( 'NONE', #761, #3722, #7385 ) ;
#5639 = PRODUCT_RELATED_PRODUCT_CATEGORY ( 'part', '', ( #4749 ) ) ;
#5640 = VERTEX_POINT ( 'NONE', #1610 ) ;
#5641 = LINE ( 'NONE', #7045, #2781 ) ;
#5642 = VERTEX_POINT ( 'NONE', #6990 ) ;
#5643 = DIRECTION ( 'NONE',  ( -1.000000000000000000, -0.000000000000000000, -0.000000000000000000 ) ) ;
#5644 = SURFACE_STYLE_FILL_AREA ( #2293 ) ;
#5645 = DIRECTION ( 'NONE',  ( 0.000000000000000000, 0.000000000000000000, -1.000000000000000000 ) ) ;
#5646 = ORIENTED_EDGE ( 'NONE', *, *, #177, .T. ) ;
#5647 = LINE ( 'NONE', #1327, #32 ) ;
#5648 = DIRECTION ( 'NONE',  ( 0.1718749999592381894, 0.9851187666413688815, 0.000000000000000000 ) ) ;
#5649 = VECTOR ( 'NONE', #1204, 1000.000000000000000 ) ;
#5650 = PLANE ( 'NONE',  #613 ) ;
#5651 = ADVANCED_FACE ( 'NONE', ( #5152 ), #2322, .F. ) ;
#5652 = ORIENTED_EDGE ( 'NONE', *, *, #5348, .T. ) ;
#5653 = LINE ( 'NONE', #5042, #5436 ) ;
#5654 = FACE_BOUND ( 'NONE', #6194, .T. ) ;
#5655 =( GEOMETRIC_REPRESENTATION_CONTEXT ( 3 ) GLOBAL_UNCERTAINTY_ASSIGNED_CONTEXT ( ( #171 ) ) GLOBAL_UNIT_ASSIGNED_CONTEXT ( ( #2948, #7671, #4571 ) ) REPRESENTATION_CONTEXT ( 'NONE', 'WORKASPACE' ) );
#5656 = LINE ( 'NONE', #4531, #1012 ) ;
#5657 = EDGE_CURVE ( 'NONE', #7305, #1511, #6464, .T. ) ;
#5658 = ORIENTED_EDGE ( 'NONE', *, *, #4607, .T. ) ;
#5659 = DIRECTION ( 'NONE',  ( -1.000000000000000000, -0.000000000000000000, -0.000000000000000000 ) ) ;
#5660 = DIRECTION ( 'NONE',  ( 1.000000000000000000, -0.000000000000000000, -0.000000000000000000 ) ) ;
#5661 = DIRECTION ( 'NONE',  ( 1.000000000000000000, 0.000000000000000000, 0.000000000000000000 ) ) ;
#5662 = FACE_OUTER_BOUND ( 'NONE', #87, .T. ) ;
#5663 = LINE ( 'NONE', #7519, #954 ) ;
#5664 = DIRECTION ( 'NONE',  ( -1.000000000000000000, 8.673617379884028570E-16, 0.000000000000000000 ) ) ;
#5665 = EDGE_LOOP ( 'NONE', ( #2394, #4629, #1795, #5485, #4626, #2021, #3226, #946, #1203, #5101 ) ) ;
#5666 = EDGE_CURVE ( 'NONE', #4238, #5915, #2172, .T. ) ;
#5667 = AXIS2_PLACEMENT_3D ( 'NONE', #7524, #3832, #7490 ) ;
#5668 = EDGE_CURVE ( 'NONE', #3588, #5633, #6454, .T. ) ;
#5669 = EDGE_LOOP ( 'NONE', ( #4146, #4783, #3174, #2548 ) ) ;
#5670 = DIRECTION ( 'NONE',  ( 0.000000000000000000, 0.000000000000000000, 1.000000000000000000 ) ) ;
#5671 = LINE ( 'NONE', #4438, #4011 ) ;
#5672 = DIRECTION ( 'NONE',  ( -0.000000000000000000, -0.000000000000000000, 1.000000000000000000 ) ) ;
#5673 = FILL_AREA_STYLE_COLOUR ( '', #1298 ) ;
#5674 = DIRECTION ( 'NONE',  ( 0.000000000000000000, -0.000000000000000000, 1.000000000000000000 ) ) ;
#5675 = VECTOR ( 'NONE', #7582, 1000.000000000000000 ) ;
#5676 = EDGE_LOOP ( 'NONE', ( #412, #2679, #1530, #3673 ) ) ;
#5677 = EDGE_CURVE ( 'NONE', #593, #1880, #295, .T. ) ;
#5678 = EDGE_LOOP ( 'NONE', ( #4045, #903, #51, #1414 ) ) ;
#5679 = CARTESIAN_POINT ( 'NONE',  ( 5.500000000000000000, -3.404123204000000236, -3.000000000000000000 ) ) ;
#5680 = PRESENTATION_LAYER_ASSIGNMENT (  '', '', ( #1628 ) ) ;
#5681 = VECTOR ( 'NONE', #3905, 1000.000000000000000 ) ;
#5682 = FACE_OUTER_BOUND ( 'NONE', #847, .T. ) ;
#5683 = ORIENTED_EDGE ( 'NONE', *, *, #5402, .F. ) ;
#5684 = DIRECTION ( 'NONE',  ( 0.000000000000000000, 0.000000000000000000, -1.000000000000000000 ) ) ;
#5685 = ORIENTED_EDGE ( 'NONE', *, *, #3042, .T. ) ;
#5686 = ORIENTED_EDGE ( 'NONE', *, *, #55, .F. ) ;
#5687 = UNCERTAINTY_MEASURE_WITH_UNIT (LENGTH_MEASURE( 1.000000000000000082E-05 ), #918, 'distance_accuracy_value', 'NONE');
#5688 = CIRCLE ( 'NONE', #3406, 0.2999999999999999334 ) ;
#5689 = DIRECTION ( 'NONE',  ( 1.000000000000000000, 0.000000000000000000, 0.000000000000000000 ) ) ;
#5690 = CARTESIAN_POINT ( 'NONE',  ( -3.761324930000000233, 5.737494824999999743, -10.25000000000000000 ) ) ;
#5691 = CIRCLE ( 'NONE', #6689, 0.8000000000000000444 ) ;
#5692 = CARTESIAN_POINT ( 'NONE',  ( -0.8750000000000001110, 3.958874791038530905, -7.732930924083966318 ) ) ;
#5693 = ORIENTED_EDGE ( 'NONE', *, *, #5371, .F. ) ;
#5694 = VECTOR ( 'NONE', #7449, 1000.000000000000000 ) ;
#5695 = DIRECTION ( 'NONE',  ( 0.7658042757547681711, -0.6430737214625668052, 0.000000000000000000 ) ) ;
#5696 = PLANE ( 'NONE',  #3480 ) ;
#5697 = STYLED_ITEM ( 'NONE', ( #6130 ), #3571 ) ;
#5698 = CARTESIAN_POINT ( 'NONE',  ( -2.913209907727457360, 5.663661385864229736, -15.50000000001262990 ) ) ;
#5699 = ORIENTED_EDGE ( 'NONE', *, *, #502, .T. ) ;
#5700 = LINE ( 'NONE', #184, #7134 ) ;
#5701 = ADVANCED_FACE ( 'NONE', ( #2752 ), #4005, .F. ) ;
#5702 = PLANE ( 'NONE',  #4521 ) ;
#5703 = SURFACE_SIDE_STYLE ('',( #5744 ) ) ;
#5704 =( GEOMETRIC_REPRESENTATION_CONTEXT ( 3 ) GLOBAL_UNCERTAINTY_ASSIGNED_CONTEXT ( ( #2910 ) ) GLOBAL_UNIT_ASSIGNED_CONTEXT ( ( #1105, #1144, #1681 ) ) REPRESENTATION_CONTEXT ( 'NONE', 'WORKASPACE' ) );
#5705 =( GEOMETRIC_REPRESENTATION_CONTEXT ( 3 ) GLOBAL_UNCERTAINTY_ASSIGNED_CONTEXT ( ( #5599 ) ) GLOBAL_UNIT_ASSIGNED_CONTEXT ( ( #2446, #4926, #3693 ) ) REPRESENTATION_CONTEXT ( 'NONE', 'WORKASPACE' ) );
#5706 =( NAMED_UNIT ( * ) PLANE_ANGLE_UNIT ( ) SI_UNIT ( $, .RADIAN. ) );
#5707 = SURFACE_SIDE_STYLE ('',( #2760 ) ) ;
#5708 = CARTESIAN_POINT ( 'NONE',  ( -4.349999999999999645, 1.699000000000000288, -13.35000000000000320 ) ) ;
#5709 = CARTESIAN_POINT ( 'NONE',  ( -3.975000000000000089, 10.42500000000000071, -11.90000000000000036 ) ) ;
#5710 = PLANE ( 'NONE',  #6597 ) ;
#5711 = PRESENTATION_LAYER_ASSIGNMENT (  '', '', ( #1660 ) ) ;
#5712 = ORIENTED_EDGE ( 'NONE', *, *, #4750, .T. ) ;
#5713 = DIRECTION ( 'NONE',  ( -1.000000000000000000, 0.000000000000000000, 0.000000000000000000 ) ) ;
#5714 = LINE ( 'NONE', #235, #967 ) ;
#5715 = CARTESIAN_POINT ( 'NONE',  ( 7.615804275999998652, 5.393073722000000458, -12.82499999999999929 ) ) ;
#5716 = CARTESIAN_POINT ( 'NONE',  ( -6.850000000000000533, 4.750000000000000000, -13.75000000000000000 ) ) ;
#5717 = STYLED_ITEM ( 'NONE', ( #343 ), #5310 ) ;
#5718 = ADVANCED_FACE ( 'NONE', ( #6394 ), #4712, .F. ) ;
#5719 = EDGE_CURVE ( 'NONE', #2551, #44, #6356, .T. ) ;
#5720 = VERTEX_POINT ( 'NONE', #4631 ) ;
#5721 = ORIENTED_EDGE ( 'NONE', *, *, #535, .T. ) ;
#5722 = ORIENTED_EDGE ( 'NONE', *, *, #4635, .T. ) ;
#5723 = CARTESIAN_POINT ( 'NONE',  ( 3.291126238000000370, 5.756716425999999664, -5.125000000000000000 ) ) ;
#5724 = CARTESIAN_POINT ( 'NONE',  ( 1.700000000000000178, 2.200000000000000178, 0.000000000000000000 ) ) ;
#5725 = EDGE_CURVE ( 'NONE', #1927, #2551, #2676, .T. ) ;
#5726 = EDGE_CURVE ( 'NONE', #6946, #2502, #4086, .T. ) ;
#5727 = DIRECTION ( 'NONE',  ( 0.000000000000000000, 1.000000000000000000, 0.000000000000000000 ) ) ;
#5728 = ORIENTED_EDGE ( 'NONE', *, *, #5858, .T. ) ;
#5729 = ORIENTED_EDGE ( 'NONE', *, *, #6254, .T. ) ;
#5730 = CARTESIAN_POINT ( 'NONE',  ( 0.000000000000000000, 14.19999999999999929, 0.000000000000000000 ) ) ;
#5731 = EDGE_CURVE ( 'NONE', #7752, #4351, #1735, .T. ) ;
#5732 =( NAMED_UNIT ( * ) PLANE_ANGLE_UNIT ( ) SI_UNIT ( $, .RADIAN. ) );
#5733 = ORIENTED_EDGE ( 'NONE', *, *, #6875, .T. ) ;
#5734 = AXIS2_PLACEMENT_3D ( 'NONE', #4781, #2857, #1799 ) ;
#5735 = LINE ( 'NONE', #4965, #3280 ) ;
#5736 = FACE_OUTER_BOUND ( 'NONE', #6151, .T. ) ;
#5737 = FACE_OUTER_BOUND ( 'NONE', #3686, .T. ) ;
#5738 = ORIENTED_EDGE ( 'NONE', *, *, #756, .T. ) ;
#5739 = PLANE ( 'NONE',  #276 ) ;
#5740 = CARTESIAN_POINT ( 'NONE',  ( -0.8749999999333335499, 2.200000000050541527, -4.499421090908696463 ) ) ;
#5741 = PRESENTATION_STYLE_ASSIGNMENT (( #265 ) ) ;
#5742 = CARTESIAN_POINT ( 'NONE',  ( -9.199999999999999289, 0.000000000000000000, -0.9500000000000000666 ) ) ;
#5743 = PRESENTATION_LAYER_ASSIGNMENT (  '', '', ( #516 ) ) ;
#5744 = SURFACE_STYLE_FILL_AREA ( #4539 ) ;
#5745 = DIRECTION ( 'NONE',  ( 0.000000000000000000, 0.000000000000000000, 1.000000000000000000 ) ) ;
#5746 = CARTESIAN_POINT ( 'NONE',  ( -5.349999999999999645, 1.699000000000000288, -15.50000000000000000 ) ) ;
#5747 = CARTESIAN_POINT ( 'NONE',  ( -3.534155545999999593, 10.25370469200000123, -13.75000000000000000 ) ) ;
#5748 = AXIS2_PLACEMENT_3D ( 'NONE', #4802, #7226, #505 ) ;
#5749 = DIRECTION ( 'NONE',  ( -0.000000000000000000, -0.000000000000000000, -1.000000000000000000 ) ) ;
#5750 = ORIENTED_EDGE ( 'NONE', *, *, #6670, .T. ) ;
#5751 = ORIENTED_EDGE ( 'NONE', *, *, #7044, .T. ) ;
#5752 = DIRECTION ( 'NONE',  ( -0.000000000000000000, -0.000000000000000000, -1.000000000000000000 ) ) ;
#5753 = CARTESIAN_POINT ( 'NONE',  ( -0.3500000000000000333, 0.2000000000000000111, -13.35000000000000320 ) ) ;
#5754 = CARTESIAN_POINT ( 'NONE',  ( 0.000000000000000000, 9.073450713844014359, -13.94999999999999929 ) ) ;
#5755 = ORIENTED_EDGE ( 'NONE', *, *, #2099, .T. ) ;
#5756 = ORIENTED_EDGE ( 'NONE', *, *, #1219, .F. ) ;
#5757 = VERTEX_POINT ( 'NONE', #920 ) ;
#5758 = DIRECTION ( 'NONE',  ( 0.000000000000000000, 1.000000000000000000, 0.000000000000000000 ) ) ;
#5759 = FILL_AREA_STYLE ('',( #1018 ) ) ;
#5760 = PLANE ( 'NONE',  #7873 ) ;
#5761 = EDGE_LOOP ( 'NONE', ( #7011, #703, #6664, #2583, #5550, #1713, #7114, #2774, #2423 ) ) ;
#5762 = CARTESIAN_POINT ( 'NONE',  ( -0.3500000000000000333, -1.760499999999999954, -12.00000000000000000 ) ) ;
#5763 = VECTOR ( 'NONE', #2198, 1000.000000000000000 ) ;
#5764 = VECTOR ( 'NONE', #3737, 1000.000000000000000 ) ;
#5765 = ORIENTED_EDGE ( 'NONE', *, *, #7014, .T. ) ;
#5766 = ADVANCED_FACE ( 'NONE', ( #3335 ), #7782, .F. ) ;
#5767 = PLANE ( 'NONE',  #4140 ) ;
#5768 = ADVANCED_FACE ( 'NONE', ( #5999 ), #7224, .F. ) ;
#5769 = CIRCLE ( 'NONE', #26, 7.000000000000000000 ) ;
#5770 = CIRCLE ( 'NONE', #1476, 0.7999999999999999334 ) ;
#5771 = ORIENTED_EDGE ( 'NONE', *, *, #7608, .F. ) ;
#5772 =( NAMED_UNIT ( * ) PLANE_ANGLE_UNIT ( ) SI_UNIT ( $, .RADIAN. ) );
#5773 = CARTESIAN_POINT ( 'NONE',  ( 1.350000000000000089, 16.86858791899999943, -5.950000000000000178 ) ) ;
#5774 = DIRECTION ( 'NONE',  ( 0.6560590291938325214, -0.7547095800460241755, 0.000000000000000000 ) ) ;
#5775 = CARTESIAN_POINT ( 'NONE',  ( 7.149999999999999467, 0.6002499999999998392, -13.75000000000000000 ) ) ;
#5776 = VECTOR ( 'NONE', #1498, 1000.000000000000000 ) ;
#5777 = ADVANCED_FACE ( 'NONE', ( #3602 ), #591, .F. ) ;
#5778 = ORIENTED_EDGE ( 'NONE', *, *, #6471, .F. ) ;
#5779 = CARTESIAN_POINT ( 'NONE',  ( 0.3500000013749998695, -3.000000421693460595E-10, -13.00000000155000102 ) ) ;
#5780 = PRESENTATION_STYLE_ASSIGNMENT (( #4049 ) ) ;
#5781 = FACE_OUTER_BOUND ( 'NONE', #4360, .T. ) ;
#5782 = COLOUR_RGB ( '',0.7529411764705882248, 0.7529411764705882248, 0.7529411764705882248 ) ;
#5783 = PRESENTATION_STYLE_ASSIGNMENT (( #2690 ) ) ;
#5784 = DIRECTION ( 'NONE',  ( 0.000000000000000000, 0.000000000000000000, 1.000000000000000000 ) ) ;
#5785 = CARTESIAN_POINT ( 'NONE',  ( -7.149999999999999467, -3.000000000102551745, -13.00000000037499959 ) ) ;
#5786 = ORIENTED_EDGE ( 'NONE', *, *, #4465, .T. ) ;
#5787 = DIRECTION ( 'NONE',  ( -0.000000000000000000, -0.000000000000000000, -1.000000000000000000 ) ) ;
#5788 = VECTOR ( 'NONE', #4334, 1000.000000000000114 ) ;
#5789 = CARTESIAN_POINT ( 'NONE',  ( 5.000000000000000000, -4.000000000000000000, -3.149999999999999911 ) ) ;
#5790 = CARTESIAN_POINT ( 'NONE',  ( 0.000000000000000000, 0.000000000000000000, -0.9500000041500004100 ) ) ;
#5791 = DIRECTION ( 'NONE',  ( -0.000000000000000000, -0.000000000000000000, 1.000000000000000000 ) ) ;
#5792 = ORIENTED_EDGE ( 'NONE', *, *, #4350, .F. ) ;
#5793 = VECTOR ( 'NONE', #2527, 1000.000000000000000 ) ;
#5794 = EDGE_LOOP ( 'NONE', ( #6283, #7255, #5813, #6593, #4301, #7388 ) ) ;
#5795 = ORIENTED_EDGE ( 'NONE', *, *, #1678, .F. ) ;
#5796 = VECTOR ( 'NONE', #7652, 1000.000000000000000 ) ;
#5797 = EDGE_CURVE ( 'NONE', #1843, #3357, #7869, .T. ) ;
#5798 = ADVANCED_FACE ( 'NONE', ( #4105 ), #6522, .F. ) ;
#5799 = ORIENTED_EDGE ( 'NONE', *, *, #5896, .F. ) ;
#5800 = LINE ( 'NONE', #5836, #3547 ) ;
#5801 = CIRCLE ( 'NONE', #446, 0.8000000000000000444 ) ;
#5802 = CARTESIAN_POINT ( 'NONE',  ( 10.25000000000000178, 0.000000000000000000, -1.700000000000000178 ) ) ;
#5803 = DIRECTION ( 'NONE',  ( 0.6560590291938338536, 0.7547095800460228432, 0.000000000000000000 ) ) ;
#5804 = DIRECTION ( 'NONE',  ( -1.000000000000000000, 0.000000000000000000, 0.000000000000000000 ) ) ;
#5805 = AXIS2_PLACEMENT_3D ( 'NONE', #3417, #5883, #417 ) ;
#5806 = CARTESIAN_POINT ( 'NONE',  ( 1.699999998424555514, 3.209565551059600175, -5.125000000000000000 ) ) ;
#5807 = EDGE_CURVE ( 'NONE', #1063, #7856, #3985, .T. ) ;
#5808 = ADVANCED_FACE ( 'NONE', ( #1711 ), #2924, .T. ) ;
#5809 = ORIENTED_EDGE ( 'NONE', *, *, #4248, .F. ) ;
#5810 =( NAMED_UNIT ( * ) PLANE_ANGLE_UNIT ( ) SI_UNIT ( $, .RADIAN. ) );
#5811 = PRESENTATION_LAYER_ASSIGNMENT (  '', '', ( #3015 ) ) ;
#5812 = STYLED_ITEM ( 'NONE', ( #1622 ), #3281 ) ;
#5813 = ORIENTED_EDGE ( 'NONE', *, *, #3800, .F. ) ;
#5814 = PRESENTATION_STYLE_ASSIGNMENT (( #264 ) ) ;
#5815 =( NAMED_UNIT ( * ) SI_UNIT ( $, .STERADIAN. ) SOLID_ANGLE_UNIT ( ) );
#5816 = CARTESIAN_POINT ( 'NONE',  ( 5.500000000187499793, 4.099519660370753993E-10, -3.149999999700000330 ) ) ;
#5817 =( LENGTH_UNIT ( ) NAMED_UNIT ( * ) SI_UNIT ( .MILLI., .METRE. ) );
#5818 = EDGE_CURVE ( 'NONE', #7622, #6313, #6484, .T. ) ;
#5819 = DIRECTION ( 'NONE',  ( 0.000000000000000000, 0.000000000000000000, 1.000000000000000000 ) ) ;
#5820 = FILL_AREA_STYLE_COLOUR ( '', #7481 ) ;
#5821 = DIRECTION ( 'NONE',  ( 0.6156614756949898570, 0.7880107533181684998, 0.000000000000000000 ) ) ;
#5822 = VERTEX_POINT ( 'NONE', #2299 ) ;
#5823 = CIRCLE ( 'NONE', #5558, 0.7500000000000006661 ) ;
#5824 = DIRECTION ( 'NONE',  ( 0.000000000000000000, 1.000000000000000000, 0.000000000000000000 ) ) ;
#5825 = CARTESIAN_POINT ( 'NONE',  ( -7.859999999449999386, 1.449999999999999956, -13.35000000000000497 ) ) ;
#5826 = EDGE_CURVE ( 'NONE', #4825, #3879, #2884, .T. ) ;
#5827 = FILL_AREA_STYLE_COLOUR ( '', #7839 ) ;
#5828 = VECTOR ( 'NONE', #2269, 1000.000000000000227 ) ;
#5829 = CARTESIAN_POINT ( 'NONE',  ( 0.000000000000000000, 10.00000000000000000, -10.25000000110000009 ) ) ;
#5830 = VERTEX_POINT ( 'NONE', #4690 ) ;
#5831 = ORIENTED_EDGE ( 'NONE', *, *, #6720, .F. ) ;
#5832 = CARTESIAN_POINT ( 'NONE',  ( -2.462239577499999665, 10.84099199499999955, 0.000000000000000000 ) ) ;
#5833 =( GEOMETRIC_REPRESENTATION_CONTEXT ( 3 ) GLOBAL_UNCERTAINTY_ASSIGNED_CONTEXT ( ( #1487 ) ) GLOBAL_UNIT_ASSIGNED_CONTEXT ( ( #512, #1085, #4016 ) ) REPRESENTATION_CONTEXT ( 'NONE', 'WORKASPACE' ) );
#5834 = PLANE ( 'NONE',  #2072 ) ;
#5835 = VERTEX_POINT ( 'NONE', #7121 ) ;
#5836 = CARTESIAN_POINT ( 'NONE',  ( -5.649999999999999467, 2.200000000000000178, -1.574999999999999956 ) ) ;
#5837 = CARTESIAN_POINT ( 'NONE',  ( -2.038726125085421170, 7.627784118808138558, -13.35000000048583146 ) ) ;
#5838 = ORIENTED_EDGE ( 'NONE', *, *, #5100, .T. ) ;
#5839 = EDGE_CURVE ( 'NONE', #289, #5087, #7763, .T. ) ;
#5840 = FACE_OUTER_BOUND ( 'NONE', #7240, .T. ) ;
#5841 = STYLED_ITEM ( 'NONE', ( #4977 ), #6174 ) ;
#5842 =( LENGTH_UNIT ( ) NAMED_UNIT ( * ) SI_UNIT ( .MILLI., .METRE. ) );
#5843 = PRESENTATION_STYLE_ASSIGNMENT (( #5194 ) ) ;
#5844 = ORIENTED_EDGE ( 'NONE', *, *, #4740, .T. ) ;
#5845 = PLANE ( 'NONE',  #831 ) ;
#5846 = STYLED_ITEM ( 'NONE', ( #5843 ), #6388 ) ;
#5847 = ORIENTED_EDGE ( 'NONE', *, *, #6139, .F. ) ;
#5848 = LINE ( 'NONE', #2684, #5776 ) ;
#5849 = DIRECTION ( 'NONE',  ( 0.000000000000000000, 0.000000000000000000, 1.000000000000000000 ) ) ;
#5850 = CARTESIAN_POINT ( 'NONE',  ( -0.3500000054999967691, 0.000000000000000000, -6.675000000000000711 ) ) ;
#5851 = EDGE_CURVE ( 'NONE', #6793, #5071, #5374, .T. ) ;
#5852 = DIRECTION ( 'NONE',  ( -0.000000000000000000, -0.000000000000000000, 1.000000000000000000 ) ) ;
#5853 = DIRECTION ( 'NONE',  ( 0.000000000000000000, 0.000000000000000000, 1.000000000000000000 ) ) ;
#5854 = CYLINDRICAL_SURFACE ( 'NONE', #627, 0.2999999999999999334 ) ;
#5855 = EDGE_LOOP ( 'NONE', ( #4985, #4938, #3884, #6686 ) ) ;
#5856 = ORIENTED_EDGE ( 'NONE', *, *, #3767, .F. ) ;
#5857 = AXIS2_PLACEMENT_3D ( 'NONE', #7397, #1257, #4930 ) ;
#5858 = EDGE_CURVE ( 'NONE', #2351, #2474, #7221, .T. ) ;
#5859 = EDGE_CURVE ( 'NONE', #2971, #2323, #7180, .T. ) ;
#5860 = CARTESIAN_POINT ( 'NONE',  ( 0.000000000000000000, -0.01000000000000023093, -3.149999999999999911 ) ) ;
#5861 = CARTESIAN_POINT ( 'NONE',  ( 0.3000000000853333959, 4.638380150999999785, -10.25000000000000000 ) ) ;
#5862 = CARTESIAN_POINT ( 'NONE',  ( -7.149999999999999467, 0.6002499999999998392, -11.99999999989999999 ) ) ;
#5863 = CARTESIAN_POINT ( 'NONE',  ( -3.291126238000000370, 5.756716425999999664, -5.125000000000000000 ) ) ;
#5864 = VERTEX_POINT ( 'NONE', #454 ) ;
#5865 = CARTESIAN_POINT ( 'NONE',  ( -7.160000000000000142, 1.000000000000000000, -13.35000000000000320 ) ) ;
#5866 = ORIENTED_EDGE ( 'NONE', *, *, #6472, .T. ) ;
#5867 = LINE ( 'NONE', #4619, #5424 ) ;
#5868 = EDGE_CURVE ( 'NONE', #7003, #3414, #5916, .T. ) ;
#5869 = SURFACE_SIDE_STYLE ('',( #1757 ) ) ;
#5870 = ORIENTED_EDGE ( 'NONE', *, *, #7357, .T. ) ;
#5871 = DIRECTION ( 'NONE',  ( -0.9391228530308660671, 0.3435815287747092106, 0.000000000000000000 ) ) ;
#5872 = VERTEX_POINT ( 'NONE', #4244 ) ;
#5873 = FACE_OUTER_BOUND ( 'NONE', #2693, .T. ) ;
#5874 = CARTESIAN_POINT ( 'NONE',  ( -2.700000000000000178, 10.00000000000000000, 0.000000000000000000 ) ) ;
#5875 = PRESENTATION_STYLE_ASSIGNMENT (( #2166 ) ) ;
#5876 = VERTEX_POINT ( 'NONE', #7740 ) ;
#5877 = FACE_OUTER_BOUND ( 'NONE', #5155, .T. ) ;
#5878 = FILL_AREA_STYLE_COLOUR ( '', #5184 ) ;
#5879 = ORIENTED_EDGE ( 'NONE', *, *, #6062, .T. ) ;
#5880 = DIRECTION ( 'NONE',  ( 0.000000000000000000, 0.000000000000000000, 1.000000000000000000 ) ) ;
#5881 = CARTESIAN_POINT ( 'NONE',  ( -1.350000000000000089, 15.69209978812740403, 0.000000000000000000 ) ) ;
#5882 = CARTESIAN_POINT ( 'NONE',  ( 8.550000000000000711, 10.00000000000000000, -11.90000000000000036 ) ) ;
#5883 = DIRECTION ( 'NONE',  ( -1.000000000000000000, 0.000000000000000000, 0.000000000000000000 ) ) ;
#5884 = VECTOR ( 'NONE', #537, 1000.000000000000000 ) ;
#5885 = AXIS2_PLACEMENT_3D ( 'NONE', #374, #335, #7142 ) ;
#5886 = EDGE_CURVE ( 'NONE', #3211, #1320, #1891, .T. ) ;
#5887 = CARTESIAN_POINT ( 'NONE',  ( -0.8484612173307302108, 8.566681096070801971, -10.25000000000000000 ) ) ;
#5888 = EDGE_CURVE ( 'NONE', #2095, #4412, #1812, .T. ) ;
#5889 = FILL_AREA_STYLE ('',( #4053 ) ) ;
#5890 = AXIS2_PLACEMENT_3D ( 'NONE', #6179, #2694, #3706 ) ;
#5891 = CARTESIAN_POINT ( 'NONE',  ( 7.149999999999999467, 0.6002499999999998392, -11.99999999989999999 ) ) ;
#5892 = ORIENTED_EDGE ( 'NONE', *, *, #2557, .F. ) ;
#5893 = CARTESIAN_POINT ( 'NONE',  ( 0.000000000000000000, 0.000000000000000000, -4.400000000250002152 ) ) ;
#5894 = VECTOR ( 'NONE', #7169, 1000.000000000000000 ) ;
#5895 = CARTESIAN_POINT ( 'NONE',  ( -0.3500000000000004774, 2.899999999560000319, -13.35000000005000231 ) ) ;
#5896 = EDGE_CURVE ( 'NONE', #2252, #5006, #5393, .T. ) ;
#5897 = EDGE_CURVE ( 'NONE', #2753, #7475, #630, .T. ) ;
#5898 = DIRECTION ( 'NONE',  ( 0.000000000000000000, 1.000000000000000000, 0.000000000000000000 ) ) ;
#5899 = ORIENTED_EDGE ( 'NONE', *, *, #502, .F. ) ;
#5900 = VERTEX_POINT ( 'NONE', #588 ) ;
#5901 = APPLICATION_CONTEXT ( 'automotive_design' ) ;
#5902 =( NAMED_UNIT ( * ) SI_UNIT ( $, .STERADIAN. ) SOLID_ANGLE_UNIT ( ) );
#5903 = DIRECTION ( 'NONE',  ( 0.000000000000000000, 0.000000000000000000, 1.000000000000000000 ) ) ;
#5904 = ADVANCED_FACE ( 'NONE', ( #2391 ), #6619, .T. ) ;
#5905 = DIRECTION ( 'NONE',  ( -1.000000000000000000, 0.000000000000000000, 0.000000000000000000 ) ) ;
#5906 = ORIENTED_EDGE ( 'NONE', *, *, #33, .T. ) ;
#5907 = ORIENTED_EDGE ( 'NONE', *, *, #5371, .T. ) ;
#5908 = DIRECTION ( 'NONE',  ( 0.000000000000000000, 0.000000000000000000, -1.000000000000000000 ) ) ;
#5909 = ORIENTED_EDGE ( 'NONE', *, *, #3075, .F. ) ;
#5910 = CARTESIAN_POINT ( 'NONE',  ( -4.896476126999999678, 0.000000000000000000, -13.35000000000000320 ) ) ;
#5911 = SURFACE_STYLE_USAGE ( .BOTH. , #3479 ) ;
#5912 = UNCERTAINTY_MEASURE_WITH_UNIT (LENGTH_MEASURE( 1.000000000000000082E-05 ), #6319, 'distance_accuracy_value', 'NONE');
#5913 = VECTOR ( 'NONE', #851, 1000.000000000000114 ) ;
#5914 = CIRCLE ( 'NONE', #1623, 0.8000000000000000444 ) ;
#5915 = VERTEX_POINT ( 'NONE', #6542 ) ;
#5916 = LINE ( 'NONE', #7821, #6979 ) ;
#5917 = CARTESIAN_POINT ( 'NONE',  ( 1.074874091000000087, 8.763498803500002765, 0.000000000000000000 ) ) ;
#5918 = CARTESIAN_POINT ( 'NONE',  ( -7.149999999999999467, 4.750000000000000000, -13.75000000000000000 ) ) ;
#5919 = UNCERTAINTY_MEASURE_WITH_UNIT (LENGTH_MEASURE( 1.000000000000000082E-05 ), #5842, 'distance_accuracy_value', 'NONE');
#5920 = ORIENTED_EDGE ( 'NONE', *, *, #3407, .T. ) ;
#5921 = PLANE ( 'NONE',  #4604 ) ;
#5922 = DIRECTION ( 'NONE',  ( 0.7547095817585622868, 0.6560590272237826204, 0.000000000000000000 ) ) ;
#5923 = AXIS2_PLACEMENT_3D ( 'NONE', #5366, #1787, #2452 ) ;
#5924 = ORIENTED_EDGE ( 'NONE', *, *, #7846, .T. ) ;
#5925 = SURFACE_SIDE_STYLE ('',( #5280 ) ) ;
#5926 = VECTOR ( 'NONE', #5497, 1000.000000000000000 ) ;
#5927 = DIRECTION ( 'NONE',  ( 1.000000000000000000, 0.000000000000000000, 0.000000000000000000 ) ) ;
#5928 = VERTEX_POINT ( 'NONE', #5954 ) ;
#5929 = DIRECTION ( 'NONE',  ( -1.000000000000000000, -0.000000000000000000, -0.000000000000000000 ) ) ;
#5930 = AXIS2_PLACEMENT_3D ( 'NONE', #525, #4148, #7393 ) ;
#5931 = SURFACE_SIDE_STYLE ('',( #7716 ) ) ;
#5932 = CARTESIAN_POINT ( 'NONE',  ( 1.699999999212277846, 3.209565551256808202, 0.000000000000000000 ) ) ;
#5933 = CARTESIAN_POINT ( 'NONE',  ( 0.3500000000000000333, 0.4000000000000000222, -13.17500000000000249 ) ) ;
#5934 = VECTOR ( 'NONE', #5970, 1000.000000000000000 ) ;
#5935 = VERTEX_POINT ( 'NONE', #1197 ) ;
#5936 = PRESENTATION_LAYER_ASSIGNMENT (  '', '', ( #4289 ) ) ;
#5937 = VERTEX_POINT ( 'NONE', #7780 ) ;
#5938 = DIRECTION ( 'NONE',  ( 1.000000000000000000, 0.000000000000000000, 0.000000000000000000 ) ) ;
#5939 = DIRECTION ( 'NONE',  ( 0.6560590291938338536, 0.7547095800460229542, 0.000000000000000000 ) ) ;
#5940 = EDGE_CURVE ( 'NONE', #2087, #6072, #2356, .T. ) ;
#5941 = EDGE_CURVE ( 'NONE', #5549, #5864, #3019, .T. ) ;
#5942 = VECTOR ( 'NONE', #4275, 1000.000000000000000 ) ;
#5943 = PRESENTATION_LAYER_ASSIGNMENT (  '', '', ( #3401 ) ) ;
#5944 = CARTESIAN_POINT ( 'NONE',  ( -2.807010003999999892, 10.39970597300000144, -5.125000000000000000 ) ) ;
#5945 = LINE ( 'NONE', #5472, #3597 ) ;
#5946 = ORIENTED_EDGE ( 'NONE', *, *, #482, .T. ) ;
#5947 = CARTESIAN_POINT ( 'NONE',  ( 0.000000000000000000, 10.89499754400000242, -13.95000000000000462 ) ) ;
#5948 = FACE_BOUND ( 'NONE', #7462, .T. ) ;
#5949 = EDGE_LOOP ( 'NONE', ( #7817, #371, #7104, #3965, #7523, #5082 ) ) ;
#5950 = VECTOR ( 'NONE', #1920, 1000.000000000000000 ) ;
#5951 = EDGE_CURVE ( 'NONE', #3205, #2235, #1852, .T. ) ;
#5952 = ADVANCED_FACE ( 'NONE', ( #3641 ), #2475, .F. ) ;
#5953 = ORIENTED_EDGE ( 'NONE', *, *, #3659, .F. ) ;
#5954 = CARTESIAN_POINT ( 'NONE',  ( -7.900000000000000355, 9.999999998379683674, -11.90000000000000036 ) ) ;
#5955 = CARTESIAN_POINT ( 'NONE',  ( 0.000000000000000000, 11.90993944300000074, -13.66820397600000092 ) ) ;
#5956 = ORIENTED_EDGE ( 'NONE', *, *, #7152, .F. ) ;
#5957 = LINE ( 'NONE', #504, #2354 ) ;
#5958 = DIRECTION ( 'NONE',  ( 0.000000000000000000, 0.000000000000000000, 1.000000000000000000 ) ) ;
#5959 = CARTESIAN_POINT ( 'NONE',  ( 2.152319812154348089, 7.372648520319895482, -13.35000000059999969 ) ) ;
#5960 = FACE_OUTER_BOUND ( 'NONE', #705, .T. ) ;
#5961 = EDGE_CURVE ( 'NONE', #1874, #7131, #52, .T. ) ;
#5962 = PRESENTATION_STYLE_ASSIGNMENT (( #7072 ) ) ;
#5963 = PRESENTATION_STYLE_ASSIGNMENT (( #7073 ) ) ;
#5964 = EDGE_LOOP ( 'NONE', ( #3830, #701, #3640, #2898 ) ) ;
#5965 = VECTOR ( 'NONE', #2709, 1000.000000000000000 ) ;
#5966 = CARTESIAN_POINT ( 'NONE',  ( -0.3500000000000000333, 6.779999998614942847, -11.90000000000000036 ) ) ;
#5967 = ORIENTED_EDGE ( 'NONE', *, *, #3948, .T. ) ;
#5968 = CARTESIAN_POINT ( 'NONE',  ( -5.000000000000000000, -4.000000000000000000, -3.149999999999999911 ) ) ;
#5969 = PLANE ( 'NONE',  #5606 ) ;
#5970 = DIRECTION ( 'NONE',  ( -0.000000000000000000, -0.000000000000000000, -1.000000000000000000 ) ) ;
#5971 = DIRECTION ( 'NONE',  ( 0.000000000000000000, 0.000000000000000000, 1.000000000000000000 ) ) ;
#5972 = DIRECTION ( 'NONE',  ( 0.000000000000000000, -0.000000000000000000, 1.000000000000000000 ) ) ;
#5973 = DIRECTION ( 'NONE',  ( -0.000000000000000000, -1.000000000000000000, -0.000000000000000000 ) ) ;
#5974 = CARTESIAN_POINT ( 'NONE',  ( 1.301286965197966383, 8.960316511772269621, -10.25000000000000000 ) ) ;
#5975 = AXIS2_PLACEMENT_3D ( 'NONE', #4113, #3508, #2930 ) ;
#5976 = CARTESIAN_POINT ( 'NONE',  ( 7.000000000000000000, 10.00000000000000000, 0.000000000000000000 ) ) ;
#5977 = ORIENTED_EDGE ( 'NONE', *, *, #1260, .T. ) ;
#5978 = EDGE_LOOP ( 'NONE', ( #7631, #5175, #3605, #6075 ) ) ;
#5979 = DIRECTION ( 'NONE',  ( -0.000000000000000000, 0.000000000000000000, -1.000000000000000000 ) ) ;
#5980 = PLANE ( 'NONE',  #2230 ) ;
#5981 =( NAMED_UNIT ( * ) PLANE_ANGLE_UNIT ( ) SI_UNIT ( $, .RADIAN. ) );
#5982 =( LENGTH_UNIT ( ) NAMED_UNIT ( * ) SI_UNIT ( .MILLI., .METRE. ) );
#5983 = ORIENTED_EDGE ( 'NONE', *, *, #3213, .F. ) ;
#5984 = CARTESIAN_POINT ( 'NONE',  ( 5.000000000000000000, -4.000000000000000000, -3.149999999999999911 ) ) ;
#5985 = VERTEX_POINT ( 'NONE', #7380 ) ;
#5986 = DIRECTION ( 'NONE',  ( 0.6430737215281269181, -0.7658042756997150979, 0.000000000000000000 ) ) ;
#5987 = ADVANCED_FACE ( 'NONE', ( #3841 ), #7421, .F. ) ;
#5988 = ORIENTED_EDGE ( 'NONE', *, *, #6748, .F. ) ;
#5989 = ORIENTED_EDGE ( 'NONE', *, *, #3950, .T. ) ;
#5990 = FACE_OUTER_BOUND ( 'NONE', #1223, .T. ) ;
#5991 = AXIS2_PLACEMENT_3D ( 'NONE', #3568, #5356, #5278 ) ;
#5992 =( NAMED_UNIT ( * ) PLANE_ANGLE_UNIT ( ) SI_UNIT ( $, .RADIAN. ) );
#5993 = ORIENTED_EDGE ( 'NONE', *, *, #2144, .T. ) ;
#5994 = CARTESIAN_POINT ( 'NONE',  ( -0.3000000000000000444, 4.638380150999999785, -5.125000000000000000 ) ) ;
#5995 = DIRECTION ( 'NONE',  ( -0.000000000000000000, -0.000000000000000000, 1.000000000000000000 ) ) ;
#5996 = ADVANCED_FACE ( 'NONE', ( #7502 ), #1284, .T. ) ;
#5997 = ORIENTED_EDGE ( 'NONE', *, *, #1732, .F. ) ;
#5998 = EDGE_CURVE ( 'NONE', #2814, #2001, #4408, .T. ) ;
#5999 = FACE_OUTER_BOUND ( 'NONE', #1545, .T. ) ;
#6000 = VERTEX_POINT ( 'NONE', #7538 ) ;
#6001 = UNCERTAINTY_MEASURE_WITH_UNIT (LENGTH_MEASURE( 1.000000000000000082E-05 ), #1274, 'distance_accuracy_value', 'NONE');
#6002 = VERTEX_POINT ( 'NONE', #5185 ) ;
#6003 =( NAMED_UNIT ( * ) SI_UNIT ( $, .STERADIAN. ) SOLID_ANGLE_UNIT ( ) );
#6004 = LINE ( 'NONE', #7827, #550 ) ;
#6005 = DIRECTION ( 'NONE',  ( 0.000000000000000000, -0.000000000000000000, 1.000000000000000000 ) ) ;
#6006 = ORIENTED_EDGE ( 'NONE', *, *, #4296, .F. ) ;
#6007 = LINE ( 'NONE', #1825, #6197 ) ;
#6008 = EDGE_CURVE ( 'NONE', #3292, #6115, #7623, .T. ) ;
#6009 = DIRECTION ( 'NONE',  ( 0.000000000000000000, 0.000000000000000000, 1.000000000000000000 ) ) ;
#6010 = LINE ( 'NONE', #7673, #7832 ) ;
#6011 = CIRCLE ( 'NONE', #2596, 0.5000000000000004441 ) ;
#6012 = VERTEX_POINT ( 'NONE', #6938 ) ;
#6013 = SURFACE_STYLE_FILL_AREA ( #5365 ) ;
#6014 = CARTESIAN_POINT ( 'NONE',  ( -0.3500000000000000333, 0.000000000000000000, -12.00000000000000000 ) ) ;
#6015 = LINE ( 'NONE', #5284, #6866 ) ;
#6016 = LINE ( 'NONE', #2995, #3023 ) ;
#6017 = COLOUR_RGB ( '',0.7529411764705882248, 0.7529411764705882248, 0.7529411764705882248 ) ;
#6018 = PRESENTATION_STYLE_ASSIGNMENT (( #6557 ) ) ;
#6019 = CARTESIAN_POINT ( 'NONE',  ( 2.296206600999999736, 7.358516468999998672, -10.25000000000000000 ) ) ;
#6020 = VERTEX_POINT ( 'NONE', #7581 ) ;
#6021 = ORIENTED_EDGE ( 'NONE', *, *, #6096, .T. ) ;
#6022 = VECTOR ( 'NONE', #3118, 1000.000000000000000 ) ;
#6023 = DIRECTION ( 'NONE',  ( 0.000000000000000000, 0.000000000000000000, 1.000000000000000000 ) ) ;
#6024 = FILL_AREA_STYLE ('',( #4739 ) ) ;
#6025 = LINE ( 'NONE', #4697, #6318 ) ;
#6026 = ORIENTED_EDGE ( 'NONE', *, *, #2613, .T. ) ;
#6027 =( GEOMETRIC_REPRESENTATION_CONTEXT ( 3 ) GLOBAL_UNCERTAINTY_ASSIGNED_CONTEXT ( ( #5520 ) ) GLOBAL_UNIT_ASSIGNED_CONTEXT ( ( #643, #4215, #64 ) ) REPRESENTATION_CONTEXT ( 'NONE', 'WORKASPACE' ) );
#6028 = DIRECTION ( 'NONE',  ( 0.7880107533181703872, 0.6156614756949874145, -0.000000000000000000 ) ) ;
#6029 = ORIENTED_EDGE ( 'NONE', *, *, #5080, .F. ) ;
#6030 = CARTESIAN_POINT ( 'NONE',  ( 3.744004998000000306, 11.87200249900000237, -13.29009995000000011 ) ) ;
#6031 = ORIENTED_EDGE ( 'NONE', *, *, #5160, .F. ) ;
#6032 = ORIENTED_EDGE ( 'NONE', *, *, #2667, .T. ) ;
#6033 = EDGE_CURVE ( 'NONE', #4984, #1304, #3403, .T. ) ;
#6034 = COLOUR_RGB ( '',0.7529411764705882248, 0.7529411764705882248, 0.7529411764705882248 ) ;
#6035 = EDGE_LOOP ( 'NONE', ( #4500, #1313, #2886, #3150 ) ) ;
#6036 = CARTESIAN_POINT ( 'NONE',  ( -1.355995001999999783, 9.322002499000001663, -13.29009995000000011 ) ) ;
#6037 = ORIENTED_EDGE ( 'NONE', *, *, #4232, .F. ) ;
#6038 = AXIS2_PLACEMENT_3D ( 'NONE', #273, #1515, #1398 ) ;
#6039 =( NAMED_UNIT ( * ) SI_UNIT ( $, .STERADIAN. ) SOLID_ANGLE_UNIT ( ) );
#6040 = ORIENTED_EDGE ( 'NONE', *, *, #7543, .T. ) ;
#6041 = ORIENTED_EDGE ( 'NONE', *, *, #3087, .T. ) ;
#6042 = LINE ( 'NONE', #5444, #7512 ) ;
#6043 = DIRECTION ( 'NONE',  ( 0.000000000000000000, 1.000000000000000000, 0.000000000000000000 ) ) ;
#6044 = SURFACE_SIDE_STYLE ('',( #7107 ) ) ;
#6045 = EDGE_CURVE ( 'NONE', #4713, #2971, #3924, .T. ) ;
#6046 = VECTOR ( 'NONE', #1685, 1000.000000000000000 ) ;
#6047 = EDGE_CURVE ( 'NONE', #2190, #2204, #5800, .T. ) ;
#6048 = EDGE_LOOP ( 'NONE', ( #3108, #5870, #2262, #4867 ) ) ;
#6049 = SURFACE_STYLE_FILL_AREA ( #3731 ) ;
#6050 = VECTOR ( 'NONE', #5787, 1000.000000000000000 ) ;
#6051 = ORIENTED_EDGE ( 'NONE', *, *, #2846, .T. ) ;
#6052 = DIRECTION ( 'NONE',  ( 0.000000000000000000, 0.000000000000000000, 1.000000000000000000 ) ) ;
#6053 = VECTOR ( 'NONE', #5291, 1000.000000000000227 ) ;
#6054 = DIRECTION ( 'NONE',  ( 0.000000000000000000, 0.000000000000000000, 1.000000000000000000 ) ) ;
#6055 = CARTESIAN_POINT ( 'NONE',  ( 2.807010003752127503, 10.39970597331084790, 0.000000000000000000 ) ) ;
#6056 = LINE ( 'NONE', #4937, #117 ) ;
#6057 = ORIENTED_EDGE ( 'NONE', *, *, #6033, .T. ) ;
#6058 = ORIENTED_EDGE ( 'NONE', *, *, #6863, .F. ) ;
#6059 = DIRECTION ( 'NONE',  ( -0.000000000000000000, 0.000000000000000000, -1.000000000000000000 ) ) ;
#6060 = COLOUR_RGB ( '',0.7529411764705882248, 0.7529411764705882248, 0.7529411764705882248 ) ;
#6061 = CIRCLE ( 'NONE', #5930, 7.000000000000000000 ) ;
#6062 = EDGE_CURVE ( 'NONE', #1941, #3945, #2934, .T. ) ;
#6063 = DIRECTION ( 'NONE',  ( 1.000000000000000000, 0.000000000000000000, 0.000000000000000000 ) ) ;
#6064 = SURFACE_SIDE_STYLE ('',( #2464 ) ) ;
#6065 = PRESENTATION_LAYER_ASSIGNMENT (  '', '', ( #2529 ) ) ;
#6066 = ORIENTED_EDGE ( 'NONE', *, *, #7163, .T. ) ;
#6067 = LINE ( 'NONE', #3343, #2308 ) ;
#6068 = CARTESIAN_POINT ( 'NONE',  ( 9.199999999999999289, 0.000000000000000000, 0.000000000000000000 ) ) ;
#6069 = ORIENTED_EDGE ( 'NONE', *, *, #5195, .T. ) ;
#6070 = LINE ( 'NONE', #3052, #5590 ) ;
#6071 = EDGE_LOOP ( 'NONE', ( #1196, #884, #7513, #7885, #3917, #3320, #169, #4331, #4834, #2416, #1903 ) ) ;
#6072 = VERTEX_POINT ( 'NONE', #7693 ) ;
#6073 = CIRCLE ( 'NONE', #2160, 1.000000000000001776 ) ;
#6074 = VECTOR ( 'NONE', #977, 999.9999999999998863 ) ;
#6075 = ORIENTED_EDGE ( 'NONE', *, *, #327, .F. ) ;
#6076 = STYLED_ITEM ( 'NONE', ( #6018 ), #5057 ) ;
#6077 = CARTESIAN_POINT ( 'NONE',  ( -10.25000000000000000, 0.000000000000000000, 0.000000000000000000 ) ) ;
#6078 = DIRECTION ( 'NONE',  ( 1.000000000000000000, 0.000000000000000000, 0.000000000000000000 ) ) ;
#6079 = ORIENTED_EDGE ( 'NONE', *, *, #6994, .F. ) ;
#6080 = ORIENTED_EDGE ( 'NONE', *, *, #7508, .T. ) ;
#6081 = ORIENTED_EDGE ( 'NONE', *, *, #287, .T. ) ;
#6082 = CARTESIAN_POINT ( 'NONE',  ( 0.3000000000000000444, 7.801619849000001494, -10.25000000000000000 ) ) ;
#6083 = FACE_OUTER_BOUND ( 'NONE', #4905, .T. ) ;
#6084 = ORIENTED_EDGE ( 'NONE', *, *, #1455, .T. ) ;
#6085 = LINE ( 'NONE', #4299, #4048 ) ;
#6086 = VECTOR ( 'NONE', #409, 1000.000000000000000 ) ;
#6087 = EDGE_CURVE ( 'NONE', #6932, #6266, #6070, .T. ) ;
#6088 = ORIENTED_EDGE ( 'NONE', *, *, #1096, .F. ) ;
#6089 = CARTESIAN_POINT ( 'NONE',  ( 5.038916918000000855, 7.373237602000000557, -13.75000000000000000 ) ) ;
#6090 =( NAMED_UNIT ( * ) SI_UNIT ( $, .STERADIAN. ) SOLID_ANGLE_UNIT ( ) );
#6091 = DIRECTION ( 'NONE',  ( -0.000000000000000000, 0.000000000000000000, -1.000000000000000000 ) ) ;
#6092 = FACE_BOUND ( 'NONE', #686, .T. ) ;
#6093 = DIRECTION ( 'NONE',  ( -0.000000000000000000, -1.000000000000000000, -0.000000000000000000 ) ) ;
#6094 = LINE ( 'NONE', #4935, #620 ) ;
#6095 =( NAMED_UNIT ( * ) SI_UNIT ( $, .STERADIAN. ) SOLID_ANGLE_UNIT ( ) );
#6096 = EDGE_CURVE ( 'NONE', #7046, #6991, #7816, .T. ) ;
#6097 = EDGE_CURVE ( 'NONE', #867, #3615, #6492, .T. ) ;
#6098 = ORIENTED_EDGE ( 'NONE', *, *, #7103, .F. ) ;
#6099 = CARTESIAN_POINT ( 'NONE',  ( 0.000000000000000000, 11.87500000031532466, -13.70448229287666919 ) ) ;
#6100 = CIRCLE ( 'NONE', #5465, 0.2999999999999999334 ) ;
#6101 = LINE ( 'NONE', #4940, #1088 ) ;
#6102 = LINE ( 'NONE', #3163, #4201 ) ;
#6103 = DIRECTION ( 'NONE',  ( -1.000000000000000000, 0.000000000000000000, 0.000000000000000000 ) ) ;
#6104 = PRESENTATION_LAYER_ASSIGNMENT (  '', '', ( #5083 ) ) ;
#6105 = ORIENTED_EDGE ( 'NONE', *, *, #3004, .T. ) ;
#6106 = VERTEX_POINT ( 'NONE', #5345 ) ;
#6107 = ADVANCED_FACE ( 'NONE', ( #4198 ), #7759, .T. ) ;
#6108 = ORIENTED_EDGE ( 'NONE', *, *, #3548, .F. ) ;
#6109 = DIRECTION ( 'NONE',  ( -0.000000000000000000, -0.000000000000000000, -1.000000000000000000 ) ) ;
#6110 = VECTOR ( 'NONE', #6755, 1000.000000000000000 ) ;
#6111 = EDGE_LOOP ( 'NONE', ( #2574, #4986, #7627, #6973, #3757, #3711, #1231, #1286 ) ) ;
#6112 = VECTOR ( 'NONE', #5404, 1000.000000000000227 ) ;
#6113 = CARTESIAN_POINT ( 'NONE',  ( 1.349999997843599253, 15.69209978863883848, 0.000000000000000000 ) ) ;
#6114 = ORIENTED_EDGE ( 'NONE', *, *, #4526, .T. ) ;
#6115 = VERTEX_POINT ( 'NONE', #3591 ) ;
#6116 = ORIENTED_EDGE ( 'NONE', *, *, #47, .T. ) ;
#6117 = FILL_AREA_STYLE_COLOUR ( '', #3724 ) ;
#6118 = DIRECTION ( 'NONE',  ( 0.000000000000000000, 1.000000000000000000, 0.000000000000000000 ) ) ;
#6119 = DIRECTION ( 'NONE',  ( 0.000000000000000000, 0.000000000000000000, 1.000000000000000000 ) ) ;
#6120 = ORIENTED_EDGE ( 'NONE', *, *, #6632, .T. ) ;
#6121 = FILL_AREA_STYLE_COLOUR ( '', #484 ) ;
#6122 = ORIENTED_EDGE ( 'NONE', *, *, #663, .T. ) ;
#6123 = CARTESIAN_POINT ( 'NONE',  ( -10.25000000000000000, 19.50000000000000000, -0.9499999998250000521 ) ) ;
#6124 =( LENGTH_UNIT ( ) NAMED_UNIT ( * ) SI_UNIT ( .MILLI., .METRE. ) );
#6125 = EDGE_CURVE ( 'NONE', #5876, #3705, #7855, .T. ) ;
#6126 = FILL_AREA_STYLE ('',( #1828 ) ) ;
#6127 = SURFACE_STYLE_FILL_AREA ( #4220 ) ;
#6128 = ADVANCED_FACE ( 'NONE', ( #6653 ), #625, .F. ) ;
#6129 = SURFACE_STYLE_USAGE ( .BOTH. , #2609 ) ;
#6130 = PRESENTATION_STYLE_ASSIGNMENT (( #7271 ) ) ;
#6131 = VECTOR ( 'NONE', #7376, 1000.000000000000000 ) ;
#6132 = MECHANICAL_DESIGN_GEOMETRIC_PRESENTATION_REPRESENTATION (  '', ( #6137 ), #3220 ) ;
#6133 = CARTESIAN_POINT ( 'NONE',  ( 5.349999999999999645, -0.0009999987028897743685, -14.49999999946666662 ) ) ;
#6134 = ORIENTED_EDGE ( 'NONE', *, *, #6729, .T. ) ;
#6135 = LINE ( 'NONE', #4979, #1858 ) ;
#6136 = LINE ( 'NONE', #2496, #7159 ) ;
#6137 = STYLED_ITEM ( 'NONE', ( #1425 ), #7471 ) ;
#6138 = DIRECTION ( 'NONE',  ( -1.000000000000000000, -0.000000000000000000, -0.000000000000000000 ) ) ;
#6139 = EDGE_CURVE ( 'NONE', #7852, #2989, #6736, .T. ) ;
#6140 = EDGE_CURVE ( 'NONE', #532, #6793, #2735, .T. ) ;
#6141 = PLANE ( 'NONE',  #6965 ) ;
#6142 = VERTEX_POINT ( 'NONE', #7529 ) ;
#6143 = ORIENTED_EDGE ( 'NONE', *, *, #1367, .T. ) ;
#6144 = ORIENTED_EDGE ( 'NONE', *, *, #1513, .T. ) ;
#6145 = AXIS2_PLACEMENT_3D ( 'NONE', #4413, #4253, #4291 ) ;
#6146 = ORIENTED_EDGE ( 'NONE', *, *, #5290, .F. ) ;
#6147 = VECTOR ( 'NONE', #6118, 1000.000000000000000 ) ;
#6148 = CARTESIAN_POINT ( 'NONE',  ( 0.000000000000000000, 3.664364033213695304, -8.580182327267642961 ) ) ;
#6149 = AXIS2_PLACEMENT_3D ( 'NONE', #6714, #6630, #6592 ) ;
#6150 = EDGE_CURVE ( 'NONE', #1324, #2710, #1565, .T. ) ;
#6151 = EDGE_LOOP ( 'NONE', ( #2347, #7435, #931, #6144, #2379, #986 ) ) ;
#6152 = CARTESIAN_POINT ( 'NONE',  ( 0.000000000000000000, 2.899999999999999911, -11.90000000000000036 ) ) ;
#6153 = ORIENTED_EDGE ( 'NONE', *, *, #2054, .T. ) ;
#6154 = UNCERTAINTY_MEASURE_WITH_UNIT (LENGTH_MEASURE( 1.000000000000000082E-05 ), #255, 'distance_accuracy_value', 'NONE');
#6155 = MECHANICAL_DESIGN_GEOMETRIC_PRESENTATION_REPRESENTATION (  '', ( #6782 ), #7425 ) ;
#6156 = ORIENTED_EDGE ( 'NONE', *, *, #3897, .T. ) ;
#6157 = DIRECTION ( 'NONE',  ( 0.000000000000000000, 1.000000000000000000, 0.000000000000000000 ) ) ;
#6158 = CARTESIAN_POINT ( 'NONE',  ( 2.296206600999999736, 7.358516468999998672, 0.000000000000000000 ) ) ;
#6159 = DIRECTION ( 'NONE',  ( 0.000000000000000000, -0.000000000000000000, 1.000000000000000000 ) ) ;
#6160 = DIRECTION ( 'NONE',  ( 1.000000000000000000, 0.000000000000000000, 0.000000000000000000 ) ) ;
#6161 = ADVANCED_FACE ( 'NONE', ( #1521 ), #6930, .F. ) ;
#6162 = LINE ( 'NONE', #3811, #2906 ) ;
#6163 = CIRCLE ( 'NONE', #3998, 0.2999999999999990452 ) ;
#6164 = VERTEX_POINT ( 'NONE', #5976 ) ;
#6165 = CARTESIAN_POINT ( 'NONE',  ( -5.649999999999999467, 2.200000000000000178, -3.149999999999999911 ) ) ;
#6166 = ORIENTED_EDGE ( 'NONE', *, *, #7103, .T. ) ;
#6167 = CYLINDRICAL_SURFACE ( 'NONE', #7534, 0.8000000000000000444 ) ;
#6168 = CARTESIAN_POINT ( 'NONE',  ( 0.3500000000000004774, 2.899999999559999875, -13.35000000000000320 ) ) ;
#6169 = VECTOR ( 'NONE', #2899, 1000.000000000000000 ) ;
#6170 = DIRECTION ( 'NONE',  ( -0.000000000000000000, 0.000000000000000000, -1.000000000000000000 ) ) ;
#6171 = CARTESIAN_POINT ( 'NONE',  ( -1.349999999999999867, 14.19999999999999929, 2.891205793294678326E-16 ) ) ;
#6172 = FILL_AREA_STYLE_COLOUR ( '', #6060 ) ;
#6173 = VECTOR ( 'NONE', #385, 1000.000000000000227 ) ;
#6174 = ADVANCED_FACE ( 'NONE', ( #6763 ), #657, .F. ) ;
#6175 = DIRECTION ( 'NONE',  ( 1.000000000000000000, 0.000000000000000000, 0.000000000000000000 ) ) ;
#6176 = CARTESIAN_POINT ( 'NONE',  ( -9.200000002000001231, 0.000000000000000000, -13.35000000000000320 ) ) ;
#6177 = ORIENTED_EDGE ( 'NONE', *, *, #2568, .F. ) ;
#6178 = VERTEX_POINT ( 'NONE', #4388 ) ;
#6179 = CARTESIAN_POINT ( 'NONE',  ( 0.000000000000000000, 10.00000000000000000, 0.000000000000000000 ) ) ;
#6180 =( NAMED_UNIT ( * ) SI_UNIT ( $, .STERADIAN. ) SOLID_ANGLE_UNIT ( ) );
#6181 =( GEOMETRIC_REPRESENTATION_CONTEXT ( 3 ) GLOBAL_UNCERTAINTY_ASSIGNED_CONTEXT ( ( #4800 ) ) GLOBAL_UNIT_ASSIGNED_CONTEXT ( ( #6288, #3819, #3449 ) ) REPRESENTATION_CONTEXT ( 'NONE', 'WORKASPACE' ) );
#6182 = CARTESIAN_POINT ( 'NONE',  ( 0.000000000000000000, 0.000000000000000000, -13.35000000000000320 ) ) ;
#6183 =( NAMED_UNIT ( * ) PLANE_ANGLE_UNIT ( ) SI_UNIT ( $, .RADIAN. ) );
#6184 = ORIENTED_EDGE ( 'NONE', *, *, #4909, .F. ) ;
#6185 = VERTEX_POINT ( 'NONE', #6133 ) ;
#6186 = STYLED_ITEM ( 'NONE', ( #5741 ), #2833 ) ;
#6187 = ORIENTED_EDGE ( 'NONE', *, *, #6819, .F. ) ;
#6188 = EDGE_CURVE ( 'NONE', #5642, #1805, #1913, .T. ) ;
#6189 = DIRECTION ( 'NONE',  ( -0.7880107537503371340, -0.6156614751418391096, 0.000000000000000000 ) ) ;
#6190 = VECTOR ( 'NONE', #7084, 1000.000000000000000 ) ;
#6191 = MECHANICAL_DESIGN_GEOMETRIC_PRESENTATION_REPRESENTATION (  '', ( #2033 ), #7192 ) ;
#6192 = VERTEX_POINT ( 'NONE', #5461 ) ;
#6193 = DIRECTION ( 'NONE',  ( -1.000000000000000000, -0.000000000000000000, -0.000000000000000000 ) ) ;
#6194 = EDGE_LOOP ( 'NONE', ( #4444, #7239, #6114, #2120, #1243, #6605, #7755, #7373, #5997 ) ) ;
#6195 = MECHANICAL_DESIGN_GEOMETRIC_PRESENTATION_REPRESENTATION (  '', ( #6942 ), #880 ) ;
#6196 = ADVANCED_FACE ( 'NONE', ( #73 ), #1303, .F. ) ;
#6197 = VECTOR ( 'NONE', #726, 1000.000000000000000 ) ;
#6198 = EDGE_CURVE ( 'NONE', #6817, #3654, #693, .T. ) ;
#6199 = ORIENTED_EDGE ( 'NONE', *, *, #5617, .T. ) ;
#6200 = DIRECTION ( 'NONE',  ( 0.7547095804522769846, 0.6560590287264920217, 0.000000000000000000 ) ) ;
#6201 = LINE ( 'NONE', #762, #3243 ) ;
#6202 = LINE ( 'NONE', #5040, #7324 ) ;
#6203 = COLOUR_RGB ( '',0.7529411764705882248, 0.7529411764705882248, 0.7529411764705882248 ) ;
#6204 = AXIS2_PLACEMENT_3D ( 'NONE', #3210, #130, #4615 ) ;
#6205 = EDGE_LOOP ( 'NONE', ( #3908, #1472, #5123, #2192 ) ) ;
#6206 = CARTESIAN_POINT ( 'NONE',  ( -2.117469151341473399, 11.28227801656293394, -10.25000000000000000 ) ) ;
#6207 = DIRECTION ( 'NONE',  ( 0.000000000000000000, 0.000000000000000000, 1.000000000000000000 ) ) ;
#6208 = EDGE_CURVE ( 'NONE', #622, #2263, #1992, .T. ) ;
#6209 = EDGE_LOOP ( 'NONE', ( #5399, #7805, #7640, #3022 ) ) ;
#6210 = AXIS2_PLACEMENT_3D ( 'NONE', #5708, #269, #2147 ) ;
#6211 = DIRECTION ( 'NONE',  ( 0.000000000000000000, 0.000000000000000000, -1.000000000000000000 ) ) ;
#6212 = DIRECTION ( 'NONE',  ( 1.000000000000000000, -0.000000000000000000, 0.000000000000000000 ) ) ;
#6213 = PLANE ( 'NONE',  #4072 ) ;
#6214 = FILL_AREA_STYLE_COLOUR ( '', #2646 ) ;
#6215 = PRESENTATION_LAYER_ASSIGNMENT (  '', '', ( #1798 ) ) ;
#6216 = CARTESIAN_POINT ( 'NONE',  ( -0.8484612168060808868, 8.566681095223080078, -10.25000000000000000 ) ) ;
#6217 = CARTESIAN_POINT ( 'NONE',  ( -2.590275604421302447, 11.65167490246075843, -10.25000000000000178 ) ) ;
#6218 = VERTEX_POINT ( 'NONE', #6176 ) ;
#6219 = LINE ( 'NONE', #5626, #3855 ) ;
#6220 = AXIS2_PLACEMENT_3D ( 'NONE', #1136, #7683, #5898 ) ;
#6221 =( LENGTH_UNIT ( ) NAMED_UNIT ( * ) SI_UNIT ( .MILLI., .METRE. ) );
#6222 = PLANE ( 'NONE',  #5292 ) ;
#6223 = ORIENTED_EDGE ( 'NONE', *, *, #698, .T. ) ;
#6224 = VECTOR ( 'NONE', #6883, 1000.000000000000000 ) ;
#6225 = ORIENTED_EDGE ( 'NONE', *, *, #1006, .F. ) ;
#6226 = EDGE_LOOP ( 'NONE', ( #4765, #3925, #4092, #860 ) ) ;
#6227 = LINE ( 'NONE', #871, #4096 ) ;
#6228 = CARTESIAN_POINT ( 'NONE',  ( -4.999999999999999112, -0.001000000000000000238, -11.90000000000000036 ) ) ;
#6229 = EDGE_CURVE ( 'NONE', #2156, #6259, #6056, .T. ) ;
#6230 = ADVANCED_FACE ( 'NONE', ( #34 ), #7362, .T. ) ;
#6231 = ORIENTED_EDGE ( 'NONE', *, *, #4484, .F. ) ;
#6232 = CARTESIAN_POINT ( 'NONE',  ( 0.3500000000000000333, 2.899999999999999911, -11.90000000000000036 ) ) ;
#6233 = EDGE_LOOP ( 'NONE', ( #305, #4598, #2237, #3915 ) ) ;
#6234 = CARTESIAN_POINT ( 'NONE',  ( 0.000000000000000000, 0.4000000000000000222, -13.00000000000000178 ) ) ;
#6235 = ORIENTED_EDGE ( 'NONE', *, *, #6994, .T. ) ;
#6236 = VECTOR ( 'NONE', #3389, 1000.000000000000000 ) ;
#6237 = UNCERTAINTY_MEASURE_WITH_UNIT (LENGTH_MEASURE( 1.000000000000000082E-05 ), #1346, 'distance_accuracy_value', 'NONE');
#6238 = CARTESIAN_POINT ( 'NONE',  ( -1.574999999832216835, 6.779999999367754882, -11.90000000000000036 ) ) ;
#6239 = ORIENTED_EDGE ( 'NONE', *, *, #2414, .F. ) ;
#6240 = LINE ( 'NONE', #4490, #823 ) ;
#6241 = DIRECTION ( 'NONE',  ( 1.000000000000000000, 0.000000000000000000, 0.000000000000000000 ) ) ;
#6242 = MECHANICAL_DESIGN_GEOMETRIC_PRESENTATION_REPRESENTATION (  '', ( #3691 ), #5215 ) ;
#6243 = EDGE_CURVE ( 'NONE', #2589, #5720, #4194, .T. ) ;
#6244 = EDGE_CURVE ( 'NONE', #5625, #2535, #1872, .T. ) ;
#6245 = ORIENTED_EDGE ( 'NONE', *, *, #757, .T. ) ;
#6246 = FACE_BOUND ( 'NONE', #2271, .T. ) ;
#6247 = CARTESIAN_POINT ( 'NONE',  ( 0.000000000000000000, 0.000000000000000000, -3.149999997600001045 ) ) ;
#6248 = ORIENTED_EDGE ( 'NONE', *, *, #7696, .F. ) ;
#6249 = DIRECTION ( 'NONE',  ( 0.6560590291938338536, -0.7547095800460228432, 0.000000000000000000 ) ) ;
#6250 = VECTOR ( 'NONE', #5849, 1000.000000000000000 ) ;
#6251 = CARTESIAN_POINT ( 'NONE',  ( -4.999999996000000557, 13.69999999692499948, -11.90000000000000036 ) ) ;
#6252 = LINE ( 'NONE', #107, #2876 ) ;
#6253 = FILL_AREA_STYLE_COLOUR ( '', #3560 ) ;
#6254 = EDGE_CURVE ( 'NONE', #7030, #2861, #7884, .T. ) ;
#6255 = PLANE ( 'NONE',  #7460 ) ;
#6256 = CARTESIAN_POINT ( 'NONE',  ( 0.000000000000000000, 6.500000000000000888, -10.25000000000000000 ) ) ;
#6257 = SURFACE_STYLE_FILL_AREA ( #6963 ) ;
#6258 = FACE_OUTER_BOUND ( 'NONE', #2631, .T. ) ;
#6259 = VERTEX_POINT ( 'NONE', #2611 ) ;
#6260 = ORIENTED_EDGE ( 'NONE', *, *, #3710, .F. ) ;
#6261 = CARTESIAN_POINT ( 'NONE',  ( -5.575000000000000178, 0.000000000000000000, -3.149999999999999911 ) ) ;
#6262 = CARTESIAN_POINT ( 'NONE',  ( -0.3000000000000000444, 5.198380150999999394, 0.000000000000000000 ) ) ;
#6263 = PLANE ( 'NONE',  #1258 ) ;
#6264 = CARTESIAN_POINT ( 'NONE',  ( 7.160000000000000142, 1.000000000000000000, -13.35000000000000320 ) ) ;
#6265 = ORIENTED_EDGE ( 'NONE', *, *, #3476, .F. ) ;
#6266 = VERTEX_POINT ( 'NONE', #7445 ) ;
#6267 = VERTEX_POINT ( 'NONE', #3040 ) ;
#6268 = DIRECTION ( 'NONE',  ( 0.000000000000000000, 0.000000000000000000, 1.000000000000000000 ) ) ;
#6269 = CARTESIAN_POINT ( 'NONE',  ( -2.556340125106507877, 6.601991155877475315, -10.25000000000000000 ) ) ;
#6270 = VECTOR ( 'NONE', #749, 1000.000000000000000 ) ;
#6271 = VECTOR ( 'NONE', #6249, 1000.000000000000114 ) ;
#6272 = VECTOR ( 'NONE', #4352, 1000.000000000000000 ) ;
#6273 = PRESENTATION_LAYER_ASSIGNMENT (  '', '', ( #1859 ) ) ;
#6274 = ORIENTED_EDGE ( 'NONE', *, *, #3454, .F. ) ;
#6275 = DIRECTION ( 'NONE',  ( 0.000000000000000000, 0.000000000000000000, -1.000000000000000000 ) ) ;
#6276 = FILL_AREA_STYLE_COLOUR ( '', #3370 ) ;
#6277 = ADVANCED_FACE ( 'NONE', ( #857 ), #5710, .F. ) ;
#6278 = PLANE ( 'NONE',  #4166 ) ;
#6279 = FACE_OUTER_BOUND ( 'NONE', #3532, .T. ) ;
#6280 = LINE ( 'NONE', #3179, #4255 ) ;
#6281 = MECHANICAL_DESIGN_GEOMETRIC_PRESENTATION_REPRESENTATION (  '', ( #31 ), #283 ) ;
#6282 = CARTESIAN_POINT ( 'NONE',  ( -4.882530848999998341, 8.717721982999997010, -10.25000000000000000 ) ) ;
#6283 = ORIENTED_EDGE ( 'NONE', *, *, #2877, .T. ) ;
#6284 = VECTOR ( 'NONE', #4670, 1000.000000000000000 ) ;
#6285 = LINE ( 'NONE', #1977, #3171 ) ;
#6286 = ORIENTED_EDGE ( 'NONE', *, *, #5298, .T. ) ;
#6287 = CARTESIAN_POINT ( 'NONE',  ( -5.649999999699999442, 0.000000000000000000, 0.000000000000000000 ) ) ;
#6288 =( LENGTH_UNIT ( ) NAMED_UNIT ( * ) SI_UNIT ( .MILLI., .METRE. ) );
#6289 = EDGE_CURVE ( 'NONE', #901, #2087, #7522, .T. ) ;
#6290 = EDGE_CURVE ( 'NONE', #3205, #4436, #1292, .T. ) ;
#6291 = CARTESIAN_POINT ( 'NONE',  ( 9.199999999999999289, 19.50000000000000000, -0.4750000000000000333 ) ) ;
#6292 = PRESENTATION_STYLE_ASSIGNMENT (( #966 ) ) ;
#6293 = MECHANICAL_DESIGN_GEOMETRIC_PRESENTATION_REPRESENTATION (  '', ( #2002 ), #6407 ) ;
#6294 = CARTESIAN_POINT ( 'NONE',  ( -0.8484612170000001008, 8.566681095000001633, -5.125000000000000000 ) ) ;
#6295 = CARTESIAN_POINT ( 'NONE',  ( -1.583247329717746510, 7.721406365324695820, 0.000000000000000000 ) ) ;
#6296 = LINE ( 'NONE', #1587, #600 ) ;
#6297 = CIRCLE ( 'NONE', #4753, 0.7999999999999999334 ) ;
#6298 = ORIENTED_EDGE ( 'NONE', *, *, #6819, .T. ) ;
#6299 = PLANE ( 'NONE',  #6395 ) ;
#6300 = CARTESIAN_POINT ( 'NONE',  ( 5.349999999999999645, -0.9160969999999999391, -14.49999999919999993 ) ) ;
#6301 = EDGE_CURVE ( 'NONE', #640, #7030, #3866, .T. ) ;
#6302 = ADVANCED_FACE ( 'NONE', ( #633 ), #424, .F. ) ;
#6303 = SURFACE_STYLE_FILL_AREA ( #2111 ) ;
#6304 = CARTESIAN_POINT ( 'NONE',  ( 3.720183544347795301, 9.230897141600395983, -10.25000000000000000 ) ) ;
#6305 = EDGE_LOOP ( 'NONE', ( #6098, #3837, #3434, #4964 ) ) ;
#6306 = ORIENTED_EDGE ( 'NONE', *, *, #2759, .F. ) ;
#6307 = VERTEX_POINT ( 'NONE', #2882 ) ;
#6308 = DIRECTION ( 'NONE',  ( -0.6977825133208278574, -0.7163096844966350130, 0.000000000000000000 ) ) ;
#6309 = DIRECTION ( 'NONE',  ( 1.000000000000000000, -4.336808689942017736E-15, 0.000000000000000000 ) ) ;
#6310 = DIRECTION ( 'NONE',  ( -0.000000000000000000, 0.000000000000000000, -1.000000000000000000 ) ) ;
#6311 = AXIS2_PLACEMENT_3D ( 'NONE', #1234, #1365, #48 ) ;
#6312 = EDGE_CURVE ( 'NONE', #5488, #4558, #4579, .T. ) ;
#6313 = VERTEX_POINT ( 'NONE', #3949 ) ;
#6314 = ORIENTED_EDGE ( 'NONE', *, *, #3950, .F. ) ;
#6315 = LINE ( 'NONE', #4560, #2141 ) ;
#6316 = CARTESIAN_POINT ( 'NONE',  ( -1.301286965197966383, 8.960316511772269621, -10.25000000000000000 ) ) ;
#6317 = PRODUCT_DEFINITION_CONTEXT ( 'detailed design', #5901, 'design' ) ;
#6318 = VECTOR ( 'NONE', #7126, 1000.000000000000000 ) ;
#6319 =( LENGTH_UNIT ( ) NAMED_UNIT ( * ) SI_UNIT ( .MILLI., .METRE. ) );
#6320 = LINE ( 'NONE', #5299, #7678 ) ;
#6321 = VECTOR ( 'NONE', #356, 1000.000000000000114 ) ;
#6322 = CARTESIAN_POINT ( 'NONE',  ( -9.199999999999999289, 10.00000000262500244, -1.700000000200000194 ) ) ;
#6323 = EDGE_CURVE ( 'NONE', #5041, #5876, #7760, .T. ) ;
#6324 = ORIENTED_EDGE ( 'NONE', *, *, #1599, .F. ) ;
#6325 = AXIS2_PLACEMENT_3D ( 'NONE', #6811, #2463, #4862 ) ;
#6326 = LINE ( 'NONE', #141, #4059 ) ;
#6327 = DIRECTION ( 'NONE',  ( 0.000000000000000000, 0.000000000000000000, -1.000000000000000000 ) ) ;
#6328 = VECTOR ( 'NONE', #1619, 1000.000000000000000 ) ;
#6329 = CARTESIAN_POINT ( 'NONE',  ( 0.3500000000000000333, 6.879999999999999893, -13.75000000000000000 ) ) ;
#6330 = DIRECTION ( 'NONE',  ( 1.000000000000000000, 0.000000000000000000, 0.000000000000000000 ) ) ;
#6331 = EDGE_LOOP ( 'NONE', ( #2936, #3599, #6749, #6804 ) ) ;
#6332 = VECTOR ( 'NONE', #5605, 1000.000000000000000 ) ;
#6333 = DIRECTION ( 'NONE',  ( 1.000000000000000000, 0.000000000000000000, 0.000000000000000000 ) ) ;
#6334 = LINE ( 'NONE', #6294, #1995 ) ;
#6335 = CARTESIAN_POINT ( 'NONE',  ( -7.000000000000000000, 10.00000000000000000, 0.000000000000000000 ) ) ;
#6336 = PRESENTATION_LAYER_ASSIGNMENT (  '', '', ( #1919 ) ) ;
#6337 = ORIENTED_EDGE ( 'NONE', *, *, #2382, .F. ) ;
#6338 = DIRECTION ( 'NONE',  ( 0.000000000000000000, 1.000000000000000000, 0.000000000000000000 ) ) ;
#6339 = SURFACE_SIDE_STYLE ('',( #6971 ) ) ;
#6340 = EDGE_CURVE ( 'NONE', #6002, #5227, #2454, .T. ) ;
#6341 = ORIENTED_EDGE ( 'NONE', *, *, #4248, .T. ) ;
#6342 = EDGE_CURVE ( 'NONE', #3100, #2504, #4891, .T. ) ;
#6343 = ORIENTED_EDGE ( 'NONE', *, *, #993, .T. ) ;
#6344 = VERTEX_POINT ( 'NONE', #1911 ) ;
#6345 = VECTOR ( 'NONE', #2789, 1000.000000000000000 ) ;
#6346 = VECTOR ( 'NONE', #541, 1000.000000000000000 ) ;
#6347 = EDGE_CURVE ( 'NONE', #434, #7872, #5370, .T. ) ;
#6348 = ORIENTED_EDGE ( 'NONE', *, *, #6704, .F. ) ;
#6349 = DIRECTION ( 'NONE',  ( -0.6156614756949875256, 0.7880107533181704982, 0.000000000000000000 ) ) ;
#6350 = LINE ( 'NONE', #2746, #7196 ) ;
#6351 = VECTOR ( 'NONE', #5749, 1000.000000000000000 ) ;
#6352 = DIRECTION ( 'NONE',  ( -0.6156614747073918537, 0.7880107540897646201, -0.000000000000000000 ) ) ;
#6353 = ORIENTED_EDGE ( 'NONE', *, *, #1570, .F. ) ;
#6354 = COLOUR_RGB ( '',0.7529411764705882248, 0.7529411764705882248, 0.7529411764705882248 ) ;
#6355 = CARTESIAN_POINT ( 'NONE',  ( 1.700000000517333909, 2.200000000000000622, -10.25000000000000000 ) ) ;
#6356 = LINE ( 'NONE', #7662, #6086 ) ;
#6357 = ORIENTED_EDGE ( 'NONE', *, *, #3113, .F. ) ;
#6358 = LINE ( 'NONE', #297, #6762 ) ;
#6359 = FACE_OUTER_BOUND ( 'NONE', #1333, .T. ) ;
#6360 = DIRECTION ( 'NONE',  ( -0.000000000000000000, -0.000000000000000000, -1.000000000000000000 ) ) ;
#6361 = SURFACE_STYLE_FILL_AREA ( #186 ) ;
#6362 = MECHANICAL_DESIGN_GEOMETRIC_PRESENTATION_REPRESENTATION (  '', ( #4336 ), #3433 ) ;
#6363 = PLANE ( 'NONE',  #253 ) ;
#6364 =( NAMED_UNIT ( * ) PLANE_ANGLE_UNIT ( ) SI_UNIT ( $, .RADIAN. ) );
#6365 = CARTESIAN_POINT ( 'NONE',  ( 7.149999999999999467, 0.000000000000000000, -13.35000000000000320 ) ) ;
#6366 = VECTOR ( 'NONE', #6433, 1000.000000000000000 ) ;
#6367 = ORIENTED_EDGE ( 'NONE', *, *, #3120, .F. ) ;
#6368 = EDGE_CURVE ( 'NONE', #4190, #6741, #7157, .T. ) ;
#6369 = ADVANCED_FACE ( 'NONE', ( #6799 ), #4931, .T. ) ;
#6370 = DIRECTION ( 'NONE',  ( 0.6430737215281264740, 0.7658042756997154310, 0.000000000000000000 ) ) ;
#6371 = CARTESIAN_POINT ( 'NONE',  ( 2.117469151341473399, 11.28227801656293394, -10.24999999999999822 ) ) ;
#6372 = ORIENTED_EDGE ( 'NONE', *, *, #211, .F. ) ;
#6373 = ORIENTED_EDGE ( 'NONE', *, *, #2277, .T. ) ;
#6374 = ORIENTED_EDGE ( 'NONE', *, *, #4484, .T. ) ;
#6375 = LINE ( 'NONE', #3467, #604 ) ;
#6376 = DIRECTION ( 'NONE',  ( 1.000000000000000000, 8.783410004945858182E-16, 0.000000000000000000 ) ) ;
#6377 = EDGE_CURVE ( 'NONE', #6259, #5441, #6100, .T. ) ;
#6378 = ADVANCED_FACE ( 'NONE', ( #7707 ), #7113, .F. ) ;
#6379 = CARTESIAN_POINT ( 'NONE',  ( 0.3000000000000000444, 5.758380151145217063, -10.25000000000000000 ) ) ;
#6380 = ORIENTED_EDGE ( 'NONE', *, *, #538, .T. ) ;
#6381 = AXIS2_PLACEMENT_3D ( 'NONE', #6575, #2973, #7217 ) ;
#6382 = CARTESIAN_POINT ( 'NONE',  ( -7.849999999999999645, -3.000000000102551745, -13.00000000037499959 ) ) ;
#6383 = PRESENTATION_LAYER_ASSIGNMENT (  '', '', ( #6137 ) ) ;
#6384 = DIRECTION ( 'NONE',  ( 0.9391228521203212054, 0.3435815312635316365, -0.000000000000000000 ) ) ;
#6385 = CARTESIAN_POINT ( 'NONE',  ( -0.3000000000000000444, 8.361619849000003768, -10.25000000000000000 ) ) ;
#6386 = UNCERTAINTY_MEASURE_WITH_UNIT (LENGTH_MEASURE( 1.000000000000000082E-05 ), #689, 'distance_accuracy_value', 'NONE');
#6387 = PLANE ( 'NONE',  #77 ) ;
#6388 = ADVANCED_FACE ( 'NONE', ( #3728 ), #4963, .T. ) ;
#6389 = VECTOR ( 'NONE', #5403, 1000.000000000000000 ) ;
#6390 = VERTEX_POINT ( 'NONE', #5437 ) ;
#6391 = DIRECTION ( 'NONE',  ( -0.000000000000000000, -1.000000000000000000, -0.000000000000000000 ) ) ;
#6392 =( NAMED_UNIT ( * ) SI_UNIT ( $, .STERADIAN. ) SOLID_ANGLE_UNIT ( ) );
#6393 = LINE ( 'NONE', #7661, #3237 ) ;
#6394 = FACE_OUTER_BOUND ( 'NONE', #2520, .T. ) ;
#6395 = AXIS2_PLACEMENT_3D ( 'NONE', #7606, #2216, #4608 ) ;
#6396 = ORIENTED_EDGE ( 'NONE', *, *, #2986, .F. ) ;
#6397 = CARTESIAN_POINT ( 'NONE',  ( -9.199999999999999289, 0.000000000000000000, -7.150000000000001243 ) ) ;
#6398 = LINE ( 'NONE', #964, #814 ) ;
#6399 = CARTESIAN_POINT ( 'NONE',  ( 0.3500000000000000333, 1.449999999999999956, -13.35000000000000320 ) ) ;
#6400 = CARTESIAN_POINT ( 'NONE',  ( 4.143671231999999982, 2.899999999999999911, -12.62500000000000000 ) ) ;
#6401 = DIRECTION ( 'NONE',  ( 1.000000000000000000, 0.000000000000000000, 0.000000000000000000 ) ) ;
#6402 = VECTOR ( 'NONE', #7076, 1000.000000000000000 ) ;
#6403 = DIRECTION ( 'NONE',  ( -0.6156614756949898570, 0.7880107533181684998, -0.000000000000000000 ) ) ;
#6404 = SURFACE_STYLE_FILL_AREA ( #2182 ) ;
#6405 = CARTESIAN_POINT ( 'NONE',  ( 3.534155546000000037, 10.25370469200000123, -12.82499999999999929 ) ) ;
#6406 = DIRECTION ( 'NONE',  ( -0.000000000000000000, -1.000000000000000000, -0.000000000000000000 ) ) ;
#6407 =( GEOMETRIC_REPRESENTATION_CONTEXT ( 3 ) GLOBAL_UNCERTAINTY_ASSIGNED_CONTEXT ( ( #6154 ) ) GLOBAL_UNIT_ASSIGNED_CONTEXT ( ( #255, #3432, #394 ) ) REPRESENTATION_CONTEXT ( 'NONE', 'WORKASPACE' ) );
#6408 = LINE ( 'NONE', #4609, #6662 ) ;
#6409 = DIRECTION ( 'NONE',  ( -0.6977825175943500602, 0.7163096803336462814, 0.000000000000000000 ) ) ;
#6410 = ADVANCED_FACE ( 'NONE', ( #7738 ), #1411, .F. ) ;
#6411 = SURFACE_STYLE_USAGE ( .BOTH. , #1015 ) ;
#6412 = EDGE_LOOP ( 'NONE', ( #5571, #590, #5795, #6541, #7458, #4606, #747, #4224 ) ) ;
#6413 = ORIENTED_EDGE ( 'NONE', *, *, #4545, .F. ) ;
#6414 = PLANE ( 'NONE',  #7457 ) ;
#6415 = CYLINDRICAL_SURFACE ( 'NONE', #944, 0.7999999999999999334 ) ;
#6416 = VECTOR ( 'NONE', #1050, 1000.000000000000000 ) ;
#6417 = ORIENTED_EDGE ( 'NONE', *, *, #6967, .F. ) ;
#6418 = ADVANCED_FACE ( 'NONE', ( #5682 ), #5760, .F. ) ;
#6419 = ORIENTED_EDGE ( 'NONE', *, *, #2470, .F. ) ;
#6420 = VECTOR ( 'NONE', #4362, 1000.000000000000000 ) ;
#6421 = CARTESIAN_POINT ( 'NONE',  ( -1.574999999999999956, 6.780000000000000249, -12.62500000000000000 ) ) ;
#6422 = ORIENTED_EDGE ( 'NONE', *, *, #822, .F. ) ;
#6423 = DIRECTION ( 'NONE',  ( 0.000000000000000000, 0.000000000000000000, 1.000000000000000000 ) ) ;
#6424 = MECHANICAL_DESIGN_GEOMETRIC_PRESENTATION_REPRESENTATION (  '', ( #3506 ), #5030 ) ;
#6425 = VERTEX_POINT ( 'NONE', #6379 ) ;
#6426 = DIRECTION ( 'NONE',  ( -1.000000000000000000, 0.000000000000000000, -0.000000000000000000 ) ) ;
#6427 = FILL_AREA_STYLE_COLOUR ( '', #752 ) ;
#6428 = ADVANCED_FACE ( 'NONE', ( #3360 ), #5834, .F. ) ;
#6429 = SURFACE_SIDE_STYLE ('',( #2871 ) ) ;
#6430 = MECHANICAL_DESIGN_GEOMETRIC_PRESENTATION_REPRESENTATION (  '', ( #5812 ), #4020 ) ;
#6431 = ORIENTED_EDGE ( 'NONE', *, *, #2401, .T. ) ;
#6432 = CARTESIAN_POINT ( 'NONE',  ( -2.036073077262877895, 8.115041782408683346, -5.125000000000000000 ) ) ;
#6433 = DIRECTION ( 'NONE',  ( 0.000000000000000000, 1.000000000000000000, 0.000000000000000000 ) ) ;
#6434 = CARTESIAN_POINT ( 'NONE',  ( 8.525000000000000355, 0.000000000000000000, -13.35000000000000320 ) ) ;
#6435 = AXIS2_PLACEMENT_3D ( 'NONE', #7197, #1749, #1790 ) ;
#6436 = AXIS2_PLACEMENT_3D ( 'NONE', #1672, #4064, #6483 ) ;
#6437 = SURFACE_SIDE_STYLE ('',( #7637 ) ) ;
#6438 = EDGE_CURVE ( 'NONE', #1238, #2605, #6067, .T. ) ;
#6439 = VECTOR ( 'NONE', #210, 1000.000000000000000 ) ;
#6440 = CARTESIAN_POINT ( 'NONE',  ( -4.143671233575091151, 2.899999997199847357, -13.70000000000000107 ) ) ;
#6441 = AXIS2_PLACEMENT_3D ( 'NONE', #5151, #2321, #3373 ) ;
#6442 = CARTESIAN_POINT ( 'NONE',  ( 4.499999999499999959, -3.404123203404123554, -3.149999999999999911 ) ) ;
#6443 = LINE ( 'NONE', #5414, #3813 ) ;
#6444 = LINE ( 'NONE', #4612, #2395 ) ;
#6445 = CARTESIAN_POINT ( 'NONE',  ( 0.000000000000000000, 8.124999999876893142, -13.70448229306427557 ) ) ;
#6446 = VECTOR ( 'NONE', #7272, 1000.000000000000227 ) ;
#6447 = DIRECTION ( 'NONE',  ( 1.000000000000000000, 9.912705577010326536E-16, 0.000000000000000000 ) ) ;
#6448 = CARTESIAN_POINT ( 'NONE',  ( 10.25000000000000000, 0.000000000000000000, -0.9500000000000000666 ) ) ;
#6449 = ORIENTED_EDGE ( 'NONE', *, *, #1447, .F. ) ;
#6450 = VERTEX_POINT ( 'NONE', #7599 ) ;
#6451 = CARTESIAN_POINT ( 'NONE',  ( 2.117469151000000327, 11.28227801699999944, 0.000000000000000000 ) ) ;
#6452 = PLANE ( 'NONE',  #1375 ) ;
#6453 = EDGE_LOOP ( 'NONE', ( #3010, #4736, #2587, #5395 ) ) ;
#6454 = CIRCLE ( 'NONE', #1148, 1.000000000000000000 ) ;
#6455 = ORIENTED_EDGE ( 'NONE', *, *, #6188, .T. ) ;
#6456 = PLANE ( 'NONE',  #2506 ) ;
#6457 = ORIENTED_EDGE ( 'NONE', *, *, #2805, .T. ) ;
#6458 = UNCERTAINTY_MEASURE_WITH_UNIT (LENGTH_MEASURE( 1.000000000000000082E-05 ), #7439, 'distance_accuracy_value', 'NONE');
#6459 = EDGE_CURVE ( 'NONE', #2989, #5642, #801, .T. ) ;
#6460 = EDGE_CURVE ( 'NONE', #2504, #6020, #7476, .T. ) ;
#6461 = FILL_AREA_STYLE_COLOUR ( '', #1123 ) ;
#6462 = ORIENTED_EDGE ( 'NONE', *, *, #1690, .F. ) ;
#6463 = FACE_OUTER_BOUND ( 'NONE', #759, .T. ) ;
#6464 = LINE ( 'NONE', #5775, #6345 ) ;
#6465 = LINE ( 'NONE', #3760, #2773 ) ;
#6466 = ORIENTED_EDGE ( 'NONE', *, *, #2382, .T. ) ;
#6467 =( LENGTH_UNIT ( ) NAMED_UNIT ( * ) SI_UNIT ( .MILLI., .METRE. ) );
#6468 = DIRECTION ( 'NONE',  ( 1.000000000000000000, 0.000000000000000000, 0.000000000000000000 ) ) ;
#6469 =( NAMED_UNIT ( * ) PLANE_ANGLE_UNIT ( ) SI_UNIT ( $, .RADIAN. ) );
#6470 = LINE ( 'NONE', #6588, #4832 ) ;
#6471 = EDGE_CURVE ( 'NONE', #7063, #2385, #6326, .T. ) ;
#6472 = EDGE_CURVE ( 'NONE', #5537, #27, #6985, .T. ) ;
#6473 = VECTOR ( 'NONE', #1309, 1000.000000000000000 ) ;
#6474 = DIRECTION ( 'NONE',  ( -1.000000000000000000, 0.000000000000000000, 0.000000000000000000 ) ) ;
#6475 = LINE ( 'NONE', #5891, #4442 ) ;
#6476 = VERTEX_POINT ( 'NONE', #2022 ) ;
#6477 = ORIENTED_EDGE ( 'NONE', *, *, #3717, .F. ) ;
#6478 = PRESENTATION_LAYER_ASSIGNMENT (  '', '', ( #3952 ) ) ;
#6479 = PLANE ( 'NONE',  #4273 ) ;
#6480 = CARTESIAN_POINT ( 'NONE',  ( 1.350000002600000304, 16.86858791845138938, -10.25000000220000018 ) ) ;
#6481 = EDGE_CURVE ( 'NONE', #4694, #540, #6750, .T. ) ;
#6482 = LINE ( 'NONE', #3500, #751 ) ;
#6483 = DIRECTION ( 'NONE',  ( 1.000000000000000000, 0.000000000000000000, 0.000000000000000000 ) ) ;
#6484 = LINE ( 'NONE', #1048, #777 ) ;
#6485 = ORIENTED_EDGE ( 'NONE', *, *, #2276, .F. ) ;
#6486 = ORIENTED_EDGE ( 'NONE', *, *, #4283, .T. ) ;
#6487 = DIRECTION ( 'NONE',  ( 0.6977825135629855957, -0.7163096842607405978, 0.000000000000000000 ) ) ;
#6488 = CARTESIAN_POINT ( 'NONE',  ( -4.999999996000000557, 10.80000000313000008, -11.90000000000000036 ) ) ;
#6489 =( NAMED_UNIT ( * ) PLANE_ANGLE_UNIT ( ) SI_UNIT ( $, .RADIAN. ) );
#6490 = DIRECTION ( 'NONE',  ( -0.000000000000000000, 0.000000000000000000, -1.000000000000000000 ) ) ;
#6491 = VERTEX_POINT ( 'NONE', #2600 ) ;
#6492 = LINE ( 'NONE', #3554, #2186 ) ;
#6493 = DIRECTION ( 'NONE',  ( 1.000000000000000000, 1.084202172485504434E-15, 0.000000000000000000 ) ) ;
#6494 = ORIENTED_EDGE ( 'NONE', *, *, #2890, .T. ) ;
#6495 = DIRECTION ( 'NONE',  ( -0.000000000000000000, -1.000000000000000000, -0.000000000000000000 ) ) ;
#6496 = DIRECTION ( 'NONE',  ( 0.000000000000000000, -1.000000000000000000, 0.000000000000000000 ) ) ;
#6497 = VECTOR ( 'NONE', #1575, 1000.000000000000000 ) ;
#6498 = ADVANCED_FACE ( 'NONE', ( #4420 ), #7546, .F. ) ;
#6499 = ORIENTED_EDGE ( 'NONE', *, *, #7535, .F. ) ;
#6500 = DIRECTION ( 'NONE',  ( -0.7880107534842414330, 0.6156614754824262237, -0.000000000000000000 ) ) ;
#6501 = CARTESIAN_POINT ( 'NONE',  ( 7.859999998000001931, 0.000000000000000000, -4.400000000166668812 ) ) ;
#6502 = CARTESIAN_POINT ( 'NONE',  ( 7.849999999999999645, -3.000000000102551745, -13.00000000037499959 ) ) ;
#6503 = DIRECTION ( 'NONE',  ( 0.000000000000000000, 0.000000000000000000, -1.000000000000000000 ) ) ;
#6504 = ORIENTED_EDGE ( 'NONE', *, *, #5851, .F. ) ;
#6505 = LINE ( 'NONE', #1077, #7415 ) ;
#6506 = PLANE ( 'NONE',  #1180 ) ;
#6507 = DIRECTION ( 'NONE',  ( 0.000000000000000000, 1.000000000000000000, 0.000000000000000000 ) ) ;
#6508 = CIRCLE ( 'NONE', #7410, 0.8000000000000000444 ) ;
#6509 = ORIENTED_EDGE ( 'NONE', *, *, #6748, .T. ) ;
#6510 = LINE ( 'NONE', #4135, #1281 ) ;
#6511 = PRESENTATION_LAYER_ASSIGNMENT (  '', '', ( #2113 ) ) ;
#6512 = DIRECTION ( 'NONE',  ( 0.000000000000000000, 0.000000000000000000, 1.000000000000000000 ) ) ;
#6513 = ADVANCED_FACE ( 'NONE', ( #2134 ), #2786, .F. ) ;
#6514 = VERTEX_POINT ( 'NONE', #7628 ) ;
#6515 = CARTESIAN_POINT ( 'NONE',  ( -7.849999999999999645, 4.750000000000000000, -12.82499999999999929 ) ) ;
#6516 = CARTESIAN_POINT ( 'NONE',  ( 5.000000000000000000, 10.79999999830000057, -13.35000000000000320 ) ) ;
#6517 = DIRECTION ( 'NONE',  ( 0.000000000000000000, 0.000000000000000000, 1.000000000000000000 ) ) ;
#6518 = MECHANICAL_DESIGN_GEOMETRIC_PRESENTATION_REPRESENTATION (  '', ( #563 ), #5655 ) ;
#6519 = DIRECTION ( 'NONE',  ( 0.000000000000000000, 1.000000000000000000, 0.000000000000000000 ) ) ;
#6520 = DIRECTION ( 'NONE',  ( -0.000000000000000000, -1.000000000000000000, -0.000000000000000000 ) ) ;
#6521 = LINE ( 'NONE', #7681, #3159 ) ;
#6522 = CYLINDRICAL_SURFACE ( 'NONE', #3420, 0.8000000000000000444 ) ;
#6523 = LINE ( 'NONE', #1098, #3898 ) ;
#6524 = ORIENTED_EDGE ( 'NONE', *, *, #5195, .F. ) ;
#6525 = EDGE_CURVE ( 'NONE', #3292, #179, #4042, .T. ) ;
#6526 = AXIS2_PLACEMENT_3D ( 'NONE', #5500, #6023, #2461 ) ;
#6527 = ADVANCED_FACE ( 'NONE', ( #6948 ), #7700, .T. ) ;
#6528 = ORIENTED_EDGE ( 'NONE', *, *, #6368, .F. ) ;
#6529 = CARTESIAN_POINT ( 'NONE',  ( -3.500000000000000000, 10.00000000000000000, -10.25000000000000000 ) ) ;
#6530 = LINE ( 'NONE', #483, #1609 ) ;
#6531 = PLANE ( 'NONE',  #1823 ) ;
#6532 = CARTESIAN_POINT ( 'NONE',  ( -4.349999999999999645, 1.699000000000000288, -15.50000000000000000 ) ) ;
#6533 = LINE ( 'NONE', #3007, #5894 ) ;
#6534 = ORIENTED_EDGE ( 'NONE', *, *, #1013, .T. ) ;
#6535 = ADVANCED_FACE ( 'NONE', ( #4595 ), #7810, .F. ) ;
#6536 = CARTESIAN_POINT ( 'NONE',  ( 3.674999999999999822, 2.200000000000000178, -2.850000000750000151 ) ) ;
#6537 = ORIENTED_EDGE ( 'NONE', *, *, #7791, .F. ) ;
#6538 = UNCERTAINTY_MEASURE_WITH_UNIT (LENGTH_MEASURE( 1.000000000000000082E-05 ), #2880, 'distance_accuracy_value', 'NONE');
#6539 = VECTOR ( 'NONE', #7039, 1000.000000000000000 ) ;
#6540 = AXIS2_PLACEMENT_3D ( 'NONE', #1883, #2970, #7572 ) ;
#6541 = ORIENTED_EDGE ( 'NONE', *, *, #2183, .T. ) ;
#6542 = CARTESIAN_POINT ( 'NONE',  ( 6.459999997000000604, 0.000000000000000000, -4.400000000166668812 ) ) ;
#6543 = UNCERTAINTY_MEASURE_WITH_UNIT (LENGTH_MEASURE( 1.000000000000000082E-05 ), #3397, 'distance_accuracy_value', 'NONE');
#6544 = EDGE_LOOP ( 'NONE', ( #4509, #2467, #2069, #6260, #1173, #3569, #3325, #3633, #1815, #6449 ) ) ;
#6545 = DIRECTION ( 'NONE',  ( -0.7658042754478850966, 0.6430737218280185852, 0.000000000000000000 ) ) ;
#6546 =( NAMED_UNIT ( * ) SI_UNIT ( $, .STERADIAN. ) SOLID_ANGLE_UNIT ( ) );
#6547 = DIRECTION ( 'NONE',  ( 0.000000000000000000, 0.000000000000000000, 1.000000000000000000 ) ) ;
#6548 = ORIENTED_EDGE ( 'NONE', *, *, #7609, .T. ) ;
#6549 = VECTOR ( 'NONE', #4354, 1000.000000000000000 ) ;
#6550 = DIRECTION ( 'NONE',  ( 0.4067366430846897085, 0.9135454576386430325, -0.000000000000000000 ) ) ;
#6551 = CARTESIAN_POINT ( 'NONE',  ( -4.500000000000000888, -3.404123204000000236, -3.149999999999999911 ) ) ;
#6552 = EDGE_LOOP ( 'NONE', ( #1486, #7420, #492, #1183, #4252, #3743, #6431, #1648 ) ) ;
#6553 = DIRECTION ( 'NONE',  ( 0.000000000000000000, 1.000000000000000000, 0.000000000000000000 ) ) ;
#6554 = VECTOR ( 'NONE', #3047, 1000.000000000000000 ) ;
#6555 = FILL_AREA_STYLE_COLOUR ( '', #4022 ) ;
#6556 = EDGE_CURVE ( 'NONE', #5354, #2330, #5381, .T. ) ;
#6557 = SURFACE_STYLE_USAGE ( .BOTH. , #3539 ) ;
#6558 = CARTESIAN_POINT ( 'NONE',  ( -5.349999999999999645, -0.001000000000000000238, -11.90000000000000036 ) ) ;
#6559 = CARTESIAN_POINT ( 'NONE',  ( 4.649999996000001801, 0.000000000000000000, -13.35000000026666811 ) ) ;
#6560 = STYLED_ITEM ( 'NONE', ( #4782 ), #4822 ) ;
#6561 = ORIENTED_EDGE ( 'NONE', *, *, #6680, .T. ) ;
#6562 =( GEOMETRIC_REPRESENTATION_CONTEXT ( 3 ) GLOBAL_UNCERTAINTY_ASSIGNED_CONTEXT ( ( #3137 ) ) GLOBAL_UNIT_ASSIGNED_CONTEXT ( ( #4648, #4142, #1630 ) ) REPRESENTATION_CONTEXT ( 'NONE', 'WORKASPACE' ) );
#6563 = ORIENTED_EDGE ( 'NONE', *, *, #6438, .F. ) ;
#6564 = DIRECTION ( 'NONE',  ( 1.000000000000000000, 0.000000000000000000, 0.000000000000000000 ) ) ;
#6565 = DIRECTION ( 'NONE',  ( 1.000000000000000000, 0.000000000000000000, 0.000000000000000000 ) ) ;
#6566 = FACE_OUTER_BOUND ( 'NONE', #1307, .T. ) ;
#6567 = DIRECTION ( 'NONE',  ( 1.000000000000000000, 0.000000000000000000, 0.000000000000000000 ) ) ;
#6568 = ADVANCED_FACE ( 'NONE', ( #6566 ), #6531, .F. ) ;
#6569 = ADVANCED_FACE ( 'NONE', ( #438 ), #1841, .F. ) ;
#6570 = ORIENTED_EDGE ( 'NONE', *, *, #3043, .T. ) ;
#6571 = CARTESIAN_POINT ( 'NONE',  ( 4.882530848999998341, 8.717721982999997010, -10.25000000000000000 ) ) ;
#6572 = ORIENTED_EDGE ( 'NONE', *, *, #790, .F. ) ;
#6573 = FACE_OUTER_BOUND ( 'NONE', #2998, .T. ) ;
#6574 = ORIENTED_EDGE ( 'NONE', *, *, #6911, .T. ) ;
#6575 = CARTESIAN_POINT ( 'NONE',  ( -1.301286965000000073, 8.960316512000002120, -10.25000000000000000 ) ) ;
#6576 =( GEOMETRIC_REPRESENTATION_CONTEXT ( 3 ) GLOBAL_UNCERTAINTY_ASSIGNED_CONTEXT ( ( #5190 ) ) GLOBAL_UNIT_ASSIGNED_CONTEXT ( ( #6999, #3493, #968 ) ) REPRESENTATION_CONTEXT ( 'NONE', 'WORKASPACE' ) );
#6577 = EDGE_CURVE ( 'NONE', #3988, #3126, #4227, .T. ) ;
#6578 = PRESENTATION_LAYER_ASSIGNMENT (  '', '', ( #5717 ) ) ;
#6579 = EDGE_LOOP ( 'NONE', ( #7259, #667, #284, #2967, #4967, #366 ) ) ;
#6580 = CARTESIAN_POINT ( 'NONE',  ( 0.000000000000000000, 10.00000000000000000, -10.25000000220000018 ) ) ;
#6581 = EDGE_LOOP ( 'NONE', ( #62, #3133, #4358, #1479 ) ) ;
#6582 = FILL_AREA_STYLE_COLOUR ( '', #3928 ) ;
#6583 = ORIENTED_EDGE ( 'NONE', *, *, #2233, .F. ) ;
#6584 = DIRECTION ( 'NONE',  ( -1.000000000000000000, -0.000000000000000000, -0.000000000000000000 ) ) ;
#6585 = AXIS2_PLACEMENT_3D ( 'NONE', #1201, #1814, #5440 ) ;
#6586 = LINE ( 'NONE', #7786, #7788 ) ;
#6587 = CARTESIAN_POINT ( 'NONE',  ( 0.000000000000000000, 6.780000000000000249, -13.35000000000000320 ) ) ;
#6588 = CARTESIAN_POINT ( 'NONE',  ( -4.499999998999999917, -0.8999999999999998002, -2.849999999999999645 ) ) ;
#6589 = ADVANCED_FACE ( 'NONE', ( #7164 ), #2342, .T. ) ;
#6590 = EDGE_LOOP ( 'NONE', ( #7298, #5344, #3972, #1639 ) ) ;
#6591 = VECTOR ( 'NONE', #7136, 1000.000000000000000 ) ;
#6592 = DIRECTION ( 'NONE',  ( 1.000000000000000000, -1.445602896647339508E-15, 0.000000000000000000 ) ) ;
#6593 = ORIENTED_EDGE ( 'NONE', *, *, #7645, .T. ) ;
#6594 = DIRECTION ( 'NONE',  ( 0.4067366430118495857, -0.9135454576710735353, -0.000000000000000000 ) ) ;
#6595 = PLANE ( 'NONE',  #1517 ) ;
#6596 = CARTESIAN_POINT ( 'NONE',  ( -3.500000000000000000, 10.00000000000000000, -10.25000000000000000 ) ) ;
#6597 = AXIS2_PLACEMENT_3D ( 'NONE', #5054, #1470, #3943 ) ;
#6598 = DIRECTION ( 'NONE',  ( -1.000000000000000000, 0.000000000000000000, 0.000000000000000000 ) ) ;
#6599 = DIRECTION ( 'NONE',  ( 0.6156614756949875256, 0.7880107533181704982, -0.000000000000000000 ) ) ;
#6600 = CARTESIAN_POINT ( 'NONE',  ( -4.409724395578696665, 8.348325097539243345, -10.25000000000000000 ) ) ;
#6601 = FILL_AREA_STYLE_COLOUR ( '', #2914 ) ;
#6602 = EDGE_CURVE ( 'NONE', #7427, #2368, #3002, .T. ) ;
#6603 = DIRECTION ( 'NONE',  ( -0.000000000000000000, -1.000000000000000000, -0.000000000000000000 ) ) ;
#6604 = MECHANICAL_DESIGN_GEOMETRIC_PRESENTATION_REPRESENTATION (  '', ( #5083 ), #5210 ) ;
#6605 = ORIENTED_EDGE ( 'NONE', *, *, #2510, .T. ) ;
#6606 = ORIENTED_EDGE ( 'NONE', *, *, #7791, .T. ) ;
#6607 = DIRECTION ( 'NONE',  ( -1.000000000000000000, 0.000000000000000000, 0.000000000000000000 ) ) ;
#6608 = CARTESIAN_POINT ( 'NONE',  ( -7.615804275999998652, 5.393073722000000458, -12.82499999999999929 ) ) ;
#6609 =( NAMED_UNIT ( * ) PLANE_ANGLE_UNIT ( ) SI_UNIT ( $, .RADIAN. ) );
#6610 = VECTOR ( 'NONE', #4303, 1000.000000000000000 ) ;
#6611 = ORIENTED_EDGE ( 'NONE', *, *, #398, .T. ) ;
#6612 = LINE ( 'NONE', #4196, #1862 ) ;
#6613 = ORIENTED_EDGE ( 'NONE', *, *, #5000, .F. ) ;
#6614 = CARTESIAN_POINT ( 'NONE',  ( 1.355995001999999783, 9.322002499000001663, -13.29009995000000011 ) ) ;
#6615 = ORIENTED_EDGE ( 'NONE', *, *, #2903, .T. ) ;
#6616 = VECTOR ( 'NONE', #5156, 1000.000000000000227 ) ;
#6617 = EDGE_CURVE ( 'NONE', #1275, #5488, #7689, .T. ) ;
#6618 = ORIENTED_EDGE ( 'NONE', *, *, #6340, .T. ) ;
#6619 = PLANE ( 'NONE',  #6723 ) ;
#6620 =( LENGTH_UNIT ( ) NAMED_UNIT ( * ) SI_UNIT ( .MILLI., .METRE. ) );
#6621 = VERTEX_POINT ( 'NONE', #4941 ) ;
#6622 = DIRECTION ( 'NONE',  ( 0.6560590291938325214, 0.7547095800460240644, 0.000000000000000000 ) ) ;
#6623 = ORIENTED_EDGE ( 'NONE', *, *, #3376, .F. ) ;
#6624 = UNCERTAINTY_MEASURE_WITH_UNIT (LENGTH_MEASURE( 1.000000000000000082E-05 ), #4809, 'distance_accuracy_value', 'NONE');
#6625 = EDGE_CURVE ( 'NONE', #6854, #6857, #6808, .T. ) ;
#6626 = ORIENTED_EDGE ( 'NONE', *, *, #3962, .T. ) ;
#6627 = LINE ( 'NONE', #3606, #377 ) ;
#6628 = VERTEX_POINT ( 'NONE', #1997 ) ;
#6629 = FILL_AREA_STYLE_COLOUR ( '', #4546 ) ;
#6630 = DIRECTION ( 'NONE',  ( -0.000000000000000000, 0.000000000000000000, -1.000000000000000000 ) ) ;
#6631 = VECTOR ( 'NONE', #6858, 1000.000000000000000 ) ;
#6632 = EDGE_CURVE ( 'NONE', #3654, #5071, #7280, .T. ) ;
#6633 = ORIENTED_EDGE ( 'NONE', *, *, #2657, .T. ) ;
#6634 = COLOUR_RGB ( '',0.7529411764705882248, 0.7529411764705882248, 0.7529411764705882248 ) ;
#6635 = FACE_OUTER_BOUND ( 'NONE', #5553, .T. ) ;
#6636 = DIRECTION ( 'NONE',  ( -0.6560590291938336316, -0.7547095800460230652, 0.000000000000000000 ) ) ;
#6637 = VECTOR ( 'NONE', #5422, 1000.000000000000000 ) ;
#6638 = CARTESIAN_POINT ( 'NONE',  ( -0.3500000013749992589, 0.000000000000000000, -11.94999999952499969 ) ) ;
#6639 = VECTOR ( 'NONE', #2018, 999.9999999999998863 ) ;
#6640 = DIRECTION ( 'NONE',  ( -0.000000000000000000, -1.000000000000000000, -0.000000000000000000 ) ) ;
#6641 = ORIENTED_EDGE ( 'NONE', *, *, #6198, .T. ) ;
#6642 = EDGE_LOOP ( 'NONE', ( #5473, #1761, #1241, #888 ) ) ;
#6643 = CARTESIAN_POINT ( 'NONE',  ( 6.850000000000000533, 4.750000000000000000, -13.75000000000000000 ) ) ;
#6644 = CARTESIAN_POINT ( 'NONE',  ( 0.000000000000000000, 10.92654928632058287, -13.94999999999999929 ) ) ;
#6645 = VECTOR ( 'NONE', #444, 1000.000000000000000 ) ;
#6646 = EDGE_CURVE ( 'NONE', #1873, #7852, #7321, .T. ) ;
#6647 = DIRECTION ( 'NONE',  ( 0.000000000000000000, -1.000000000000000000, 0.000000000000000000 ) ) ;
#6648 = DIRECTION ( 'NONE',  ( 0.000000000000000000, 0.000000000000000000, 1.000000000000000000 ) ) ;
#6649 = EDGE_LOOP ( 'NONE', ( #2670, #45, #1993, #2403 ) ) ;
#6650 = VECTOR ( 'NONE', #4375, 1000.000000000000000 ) ;
#6651 = CARTESIAN_POINT ( 'NONE',  ( -7.849999999999999645, 0.6002500000000000613, -13.35000000039999968 ) ) ;
#6652 = VERTEX_POINT ( 'NONE', #4392 ) ;
#6653 = FACE_OUTER_BOUND ( 'NONE', #4398, .T. ) ;
#6654 = ORIENTED_EDGE ( 'NONE', *, *, #324, .F. ) ;
#6655 = PLANE ( 'NONE',  #6311 ) ;
#6656 = SURFACE_SIDE_STYLE ('',( #7177 ) ) ;
#6657 = VECTOR ( 'NONE', #1970, 1000.000000000000000 ) ;
#6658 = EDGE_CURVE ( 'NONE', #6012, #2626, #4981, .T. ) ;
#6659 = ORIENTED_EDGE ( 'NONE', *, *, #3986, .F. ) ;
#6660 = CARTESIAN_POINT ( 'NONE',  ( -7.500000000000000000, -3.000000000205103934, -13.00000000000000178 ) ) ;
#6661 = CARTESIAN_POINT ( 'NONE',  ( -1.280121114999999810, 10.64006055699999997, -13.66820397600000092 ) ) ;
#6662 = VECTOR ( 'NONE', #2295, 1000.000000000000000 ) ;
#6663 = ORIENTED_EDGE ( 'NONE', *, *, #6244, .F. ) ;
#6664 = ORIENTED_EDGE ( 'NONE', *, *, #277, .F. ) ;
#6665 = LINE ( 'NONE', #1244, #3350 ) ;
#6666 = CARTESIAN_POINT ( 'NONE',  ( 0.8484612170000001008, 8.566681095000001633, -10.25000000000000000 ) ) ;
#6667 = DIRECTION ( 'NONE',  ( 0.000000000000000000, 0.000000000000000000, 1.000000000000000000 ) ) ;
#6668 = CARTESIAN_POINT ( 'NONE',  ( 4.499999999750000867, -0.01000000014999992415, -2.849999999999999645 ) ) ;
#6669 = PRESENTATION_LAYER_ASSIGNMENT (  '', '', ( #4395 ) ) ;
#6670 = EDGE_CURVE ( 'NONE', #4552, #4641, #1355, .T. ) ;
#6671 = EDGE_CURVE ( 'NONE', #7363, #5935, #5466, .T. ) ;
#6672 = ORIENTED_EDGE ( 'NONE', *, *, #3418, .T. ) ;
#6673 = PRESENTATION_STYLE_ASSIGNMENT (( #605 ) ) ;
#6674 = VECTOR ( 'NONE', #5245, 1000.000000000000000 ) ;
#6675 = ORIENTED_EDGE ( 'NONE', *, *, #4556, .F. ) ;
#6676 = CARTESIAN_POINT ( 'NONE',  ( -7.900000000000000355, 9.999999996759367349, -6.800000000000000711 ) ) ;
#6677 = PLANE ( 'NONE',  #3247 ) ;
#6678 = CARTESIAN_POINT ( 'NONE',  ( -3.500000000000000000, 10.00000000000000000, -10.25000000000000000 ) ) ;
#6679 = VECTOR ( 'NONE', #5922, 1000.000000000000114 ) ;
#6680 = EDGE_CURVE ( 'NONE', #5177, #1880, #6102, .T. ) ;
#6681 =( LENGTH_UNIT ( ) NAMED_UNIT ( * ) SI_UNIT ( .MILLI., .METRE. ) );
#6682 = LINE ( 'NONE', #4386, #465 ) ;
#6683 = LINE ( 'NONE', #3112, #7086 ) ;
#6684 = SURFACE_SIDE_STYLE ('',( #7402 ) ) ;
#6685 = ORIENTED_EDGE ( 'NONE', *, *, #2706, .F. ) ;
#6686 = ORIENTED_EDGE ( 'NONE', *, *, #5940, .T. ) ;
#6687 = LINE ( 'NONE', #572, #1336 ) ;
#6688 = PRESENTATION_LAYER_ASSIGNMENT (  '', '', ( #4150 ) ) ;
#6689 = AXIS2_PLACEMENT_3D ( 'NONE', #316, #5296, #2815 ) ;
#6690 = DIRECTION ( 'NONE',  ( 1.000000000000000000, 0.000000000000000000, 0.000000000000000000 ) ) ;
#6691 = DIRECTION ( 'NONE',  ( 0.000000000000000000, 0.000000000000000000, 1.000000000000000000 ) ) ;
#6692 = DIRECTION ( 'NONE',  ( -0.000000000000000000, 0.000000000000000000, -1.000000000000000000 ) ) ;
#6693 = FACE_OUTER_BOUND ( 'NONE', #1932, .T. ) ;
#6694 = VECTOR ( 'NONE', #1011, 1000.000000000000000 ) ;
#6695 = ORIENTED_EDGE ( 'NONE', *, *, #5447, .F. ) ;
#6696 = ORIENTED_EDGE ( 'NONE', *, *, #5725, .F. ) ;
#6697 = ORIENTED_EDGE ( 'NONE', *, *, #3399, .T. ) ;
#6698 = EDGE_LOOP ( 'NONE', ( #1890, #2302, #94, #2702 ) ) ;
#6699 = AXIS2_PLACEMENT_3D ( 'NONE', #3511, #4741, #5468 ) ;
#6700 = MECHANICAL_DESIGN_GEOMETRIC_PRESENTATION_REPRESENTATION (  '', ( #3916 ), #1267 ) ;
#6701 = ORIENTED_EDGE ( 'NONE', *, *, #4404, .T. ) ;
#6702 = PRESENTATION_LAYER_ASSIGNMENT (  '', '', ( #3655 ) ) ;
#6703 = CARTESIAN_POINT ( 'NONE',  ( 0.000000000000000000, 10.89499754400000242, -13.95000000000000462 ) ) ;
#6704 = EDGE_CURVE ( 'NONE', #391, #6000, #6732, .T. ) ;
#6705 = ORIENTED_EDGE ( 'NONE', *, *, #47, .F. ) ;
#6706 = UNCERTAINTY_MEASURE_WITH_UNIT (LENGTH_MEASURE( 1.000000000000000082E-05 ), #2590, 'distance_accuracy_value', 'NONE');
#6707 = VERTEX_POINT ( 'NONE', #4315 ) ;
#6708 = LINE ( 'NONE', #1326, #4371 ) ;
#6709 = PLANE ( 'NONE',  #3725 ) ;
#6710 = LINE ( 'NONE', #1290, #2243 ) ;
#6711 = ADVANCED_FACE ( 'NONE', ( #5540 ), #4440, .T. ) ;
#6712 = CARTESIAN_POINT ( 'NONE',  ( -2.590275603999999898, 11.65167490299999997, -10.25000000000000000 ) ) ;
#6713 = ORIENTED_EDGE ( 'NONE', *, *, #4621, .F. ) ;
#6714 = CARTESIAN_POINT ( 'NONE',  ( 4.349999999999999645, 1.699000000000000288, -13.35000000000000320 ) ) ;
#6715 = DIRECTION ( 'NONE',  ( -0.000000000000000000, -0.000000000000000000, 1.000000000000000000 ) ) ;
#6716 = AXIS2_PLACEMENT_3D ( 'NONE', #7874, #1212, #4844 ) ;
#6717 = EDGE_LOOP ( 'NONE', ( #4097, #5312, #4843, #6561, #1974, #3169, #3443, #2619, #3564 ) ) ;
#6718 = LINE ( 'NONE', #1296, #155 ) ;
#6719 = EDGE_CURVE ( 'NONE', #5354, #2543, #4547, .T. ) ;
#6720 = EDGE_CURVE ( 'NONE', #4466, #7363, #2112, .T. ) ;
#6721 = PLANE ( 'NONE',  #178 ) ;
#6722 = CARTESIAN_POINT ( 'NONE',  ( 5.350000003333336807, 0.000000000000000000, -11.90000000186666895 ) ) ;
#6723 = AXIS2_PLACEMENT_3D ( 'NONE', #6077, #1115, #5352 ) ;
#6724 = DIRECTION ( 'NONE',  ( -0.000000000000000000, -1.000000000000000000, -0.000000000000000000 ) ) ;
#6725 = FILL_AREA_STYLE ('',( #5534 ) ) ;
#6726 = VERTEX_POINT ( 'NONE', #2654 ) ;
#6727 = PLANE ( 'NONE',  #5241 ) ;
#6728 = VECTOR ( 'NONE', #221, 1000.000000000000114 ) ;
#6729 = EDGE_CURVE ( 'NONE', #4083, #3188, #5170, .T. ) ;
#6730 = CYLINDRICAL_SURFACE ( 'NONE', #4414, 0.7999999999999999334 ) ;
#6731 = CARTESIAN_POINT ( 'NONE',  ( -3.224999999908568338, 8.473809971904049831, -13.35000000000000320 ) ) ;
#6732 = CIRCLE ( 'NONE', #122, 1.000000000000000000 ) ;
#6733 = ORIENTED_EDGE ( 'NONE', *, *, #5025, .T. ) ;
#6734 = DIRECTION ( 'NONE',  ( 0.000000000000000000, -1.000000000000000000, 0.000000000000000000 ) ) ;
#6735 = VERTEX_POINT ( 'NONE', #2081 ) ;
#6736 = LINE ( 'NONE', #704, #1423 ) ;
#6737 = VERTEX_POINT ( 'NONE', #349 ) ;
#6738 = ORIENTED_EDGE ( 'NONE', *, *, #4382, .F. ) ;
#6739 = CARTESIAN_POINT ( 'NONE',  ( -7.149999999999999467, 4.750000000000000000, -12.82499999999999929 ) ) ;
#6740 = MECHANICAL_DESIGN_GEOMETRIC_PRESENTATION_REPRESENTATION (  '', ( #3952 ), #7883 ) ;
#6741 = VERTEX_POINT ( 'NONE', #4578 ) ;
#6742 = PRESENTATION_LAYER_ASSIGNMENT (  '', '', ( #3960 ) ) ;
#6743 = CARTESIAN_POINT ( 'NONE',  ( -1.789995088999999817, 9.105002456000001132, -13.95000000000000107 ) ) ;
#6744 = ORIENTED_EDGE ( 'NONE', *, *, #663, .F. ) ;
#6745 = VERTEX_POINT ( 'NONE', #274 ) ;
#6746 = CARTESIAN_POINT ( 'NONE',  ( 4.909916627984507009, 2.899999999902780345, -11.90000000000000036 ) ) ;
#6747 = CARTESIAN_POINT ( 'NONE',  ( -3.225000000000000089, 8.473809973000001605, -13.35000000000000320 ) ) ;
#6748 = EDGE_CURVE ( 'NONE', #27, #2396, #4477, .T. ) ;
#6749 = ORIENTED_EDGE ( 'NONE', *, *, #6577, .F. ) ;
#6750 = LINE ( 'NONE', #3730, #3939 ) ;
#6751 = DIRECTION ( 'NONE',  ( -0.000000000000000000, -1.000000000000000000, -0.000000000000000000 ) ) ;
#6752 = VERTEX_POINT ( 'NONE', #1591 ) ;
#6753 = DIRECTION ( 'NONE',  ( 0.000000000000000000, -0.000000000000000000, 1.000000000000000000 ) ) ;
#6754 = DIRECTION ( 'NONE',  ( 0.6427876098746131417, 0.7660444429611652506, 0.000000000000000000 ) ) ;
#6755 = DIRECTION ( 'NONE',  ( 0.000000000000000000, 0.000000000000000000, 1.000000000000000000 ) ) ;
#6756 = CARTESIAN_POINT ( 'NONE',  ( 7.900000000000000355, 10.00000000000000000, -11.90000000000000036 ) ) ;
#6757 = DIRECTION ( 'NONE',  ( 0.000000000000000000, -1.000000000000000000, 0.000000000000000000 ) ) ;
#6758 = EDGE_CURVE ( 'NONE', #6793, #6815, #3982, .T. ) ;
#6759 = VECTOR ( 'NONE', #4748, 1000.000000000000000 ) ;
#6760 = EDGE_CURVE ( 'NONE', #4894, #5560, #6970, .T. ) ;
#6761 = SURFACE_SIDE_STYLE ('',( #2531 ) ) ;
#6762 = VECTOR ( 'NONE', #2754, 1000.000000000000000 ) ;
#6763 = FACE_OUTER_BOUND ( 'NONE', #1382, .T. ) ;
#6764 = VERTEX_POINT ( 'NONE', #1439 ) ;
#6765 = DIRECTION ( 'NONE',  ( -1.000000000000000000, 0.000000000000000000, 0.000000000000000000 ) ) ;
#6766 = SURFACE_STYLE_FILL_AREA ( #1840 ) ;
#6767 = CARTESIAN_POINT ( 'NONE',  ( 0.000000000000000000, -0.01000000059999967689, -2.849999999999999645 ) ) ;
#6768 = DIRECTION ( 'NONE',  ( -1.000000000000000000, 8.673617379884028570E-16, 0.000000000000000000 ) ) ;
#6769 = DIRECTION ( 'NONE',  ( -0.000000000000000000, -1.000000000000000000, -0.000000000000000000 ) ) ;
#6770 = EDGE_CURVE ( 'NONE', #5071, #100, #237, .T. ) ;
#6771 = ORIENTED_EDGE ( 'NONE', *, *, #3138, .F. ) ;
#6772 = ADVANCED_FACE ( 'NONE', ( #2730 ), #2697, .F. ) ;
#6773 = ORIENTED_EDGE ( 'NONE', *, *, #6045, .T. ) ;
#6774 = DIRECTION ( 'NONE',  ( -0.7880107540897646201, -0.6156614747073918537, 0.000000000000000000 ) ) ;
#6775 = VERTEX_POINT ( 'NONE', #3459 ) ;
#6776 = AXIS2_PLACEMENT_3D ( 'NONE', #3762, #4332, #760 ) ;
#6777 = ORIENTED_EDGE ( 'NONE', *, *, #5839, .F. ) ;
#6778 = CARTESIAN_POINT ( 'NONE',  ( -10.25000000000000000, 19.50000000000000000, -1.700000000000000178 ) ) ;
#6779 = FACE_OUTER_BOUND ( 'NONE', #7862, .T. ) ;
#6780 = VERTEX_POINT ( 'NONE', #1090 ) ;
#6781 = DIRECTION ( 'NONE',  ( 0.000000000000000000, 0.000000000000000000, -1.000000000000000000 ) ) ;
#6782 = STYLED_ITEM ( 'NONE', ( #1857 ), #1446 ) ;
#6783 = ORIENTED_EDGE ( 'NONE', *, *, #2769, .F. ) ;
#6784 = DIRECTION ( 'NONE',  ( -0.000000000000000000, -0.000000000000000000, -1.000000000000000000 ) ) ;
#6785 = CARTESIAN_POINT ( 'NONE',  ( -4.882530848128494583, 8.717721983726818280, -10.25000000000000000 ) ) ;
#6786 = LINE ( 'NONE', #3105, #172 ) ;
#6787 = CIRCLE ( 'NONE', #3367, 0.7999999999999999334 ) ;
#6788 = FILL_AREA_STYLE_COLOUR ( '', #5327 ) ;
#6789 = ORIENTED_EDGE ( 'NONE', *, *, #3650, .T. ) ;
#6790 = CARTESIAN_POINT ( 'NONE',  ( -5.500000000000000000, -4.000000000000000000, -2.849999999999999645 ) ) ;
#6791 = DIRECTION ( 'NONE',  ( 0.000000000000000000, -0.000000000000000000, 1.000000000000000000 ) ) ;
#6792 = CYLINDRICAL_SURFACE ( 'NONE', #5162, 0.9999999999999991118 ) ;
#6793 = VERTEX_POINT ( 'NONE', #1177 ) ;
#6794 = EDGE_CURVE ( 'NONE', #6020, #3211, #2812, .T. ) ;
#6795 = CARTESIAN_POINT ( 'NONE',  ( -6.460000000000000853, 0.000000000000000000, -4.400000000000000355 ) ) ;
#6796 = VECTOR ( 'NONE', #3477, 1000.000000000000000 ) ;
#6797 = FACE_OUTER_BOUND ( 'NONE', #634, .T. ) ;
#6798 = CARTESIAN_POINT ( 'NONE',  ( -3.376558929500000250, 6.572989208000000083, -10.25000000000000000 ) ) ;
#6799 = FACE_OUTER_BOUND ( 'NONE', #6233, .T. ) ;
#6800 = PRESENTATION_STYLE_ASSIGNMENT (( #2490 ) ) ;
#6801 = LINE ( 'NONE', #5458, #7589 ) ;
#6802 = MECHANICAL_DESIGN_GEOMETRIC_PRESENTATION_REPRESENTATION (  '', ( #66 ), #3635 ) ;
#6803 = CARTESIAN_POINT ( 'NONE',  ( -0.3000000000000000444, 7.801619849000001494, -10.25000000000000000 ) ) ;
#6804 = ORIENTED_EDGE ( 'NONE', *, *, #6864, .F. ) ;
#6805 = EDGE_CURVE ( 'NONE', #6218, #5178, #6443, .T. ) ;
#6806 = CARTESIAN_POINT ( 'NONE',  ( 3.720183544347795301, 9.230897141600395983, 0.000000000000000000 ) ) ;
#6807 = CARTESIAN_POINT ( 'NONE',  ( -0.8484612170000001008, 8.566681095000001633, -10.25000000000000000 ) ) ;
#6808 = LINE ( 'NONE', #40, #6473 ) ;
#6809 = ADVANCED_FACE ( 'NONE', ( #7715 ), #5969, .F. ) ;
#6810 = PRESENTATION_LAYER_ASSIGNMENT (  '', '', ( #6186 ) ) ;
#6811 = CARTESIAN_POINT ( 'NONE',  ( -3.743951986000000343, 6.150351843000000152, -10.25000000000000000 ) ) ;
#6812 = FACE_OUTER_BOUND ( 'NONE', #5964, .T. ) ;
#6813 = ORIENTED_EDGE ( 'NONE', *, *, #1847, .T. ) ;
#6814 = PRESENTATION_LAYER_ASSIGNMENT (  '', '', ( #1004 ) ) ;
#6815 = VERTEX_POINT ( 'NONE', #5861 ) ;
#6816 = AXIS2_PLACEMENT_3D ( 'NONE', #3187, #143, #6330 ) ;
#6817 = VERTEX_POINT ( 'NONE', #5247 ) ;
#6818 = DIRECTION ( 'NONE',  ( -0.000000000000000000, -1.000000000000000000, -0.000000000000000000 ) ) ;
#6819 = EDGE_CURVE ( 'NONE', #1854, #2989, #6015, .T. ) ;
#6820 = EDGE_CURVE ( 'NONE', #4453, #2672, #1045, .T. ) ;
#6821 = VECTOR ( 'NONE', #4441, 1000.000000000000000 ) ;
#6822 = ORIENTED_EDGE ( 'NONE', *, *, #5397, .F. ) ;
#6823 = FACE_OUTER_BOUND ( 'NONE', #994, .T. ) ;
#6824 = VERTEX_POINT ( 'NONE', #3036 ) ;
#6825 = SURFACE_STYLE_USAGE ( .BOTH. , #2630 ) ;
#6826 = DIRECTION ( 'NONE',  ( 0.2876062384092346602, 0.6459741879931025776, 0.7071067812393981855 ) ) ;
#6827 = VECTOR ( 'NONE', #1454, 1000.000000000000000 ) ;
#6828 = VECTOR ( 'NONE', #1157, 1000.000000000000000 ) ;
#6829 = ORIENTED_EDGE ( 'NONE', *, *, #5951, .F. ) ;
#6830 = CARTESIAN_POINT ( 'NONE',  ( 3.291126238000000370, 5.756716425999999664, -10.25000000000000000 ) ) ;
#6831 = FACE_OUTER_BOUND ( 'NONE', #1277, .T. ) ;
#6832 = EDGE_CURVE ( 'NONE', #2486, #5137, #1985, .T. ) ;
#6833 = SURFACE_STYLE_USAGE ( .BOTH. , #6912 ) ;
#6834 = AXIS2_PLACEMENT_3D ( 'NONE', #825, #2047, #3123 ) ;
#6835 =( GEOMETRIC_REPRESENTATION_CONTEXT ( 3 ) GLOBAL_UNCERTAINTY_ASSIGNED_CONTEXT ( ( #1416 ) ) GLOBAL_UNIT_ASSIGNED_CONTEXT ( ( #6681, #4306, #7360 ) ) REPRESENTATION_CONTEXT ( 'NONE', 'WORKASPACE' ) );
#6836 = ORIENTED_EDGE ( 'NONE', *, *, #7296, .F. ) ;
#6837 =( NAMED_UNIT ( * ) PLANE_ANGLE_UNIT ( ) SI_UNIT ( $, .RADIAN. ) );
#6838 = CARTESIAN_POINT ( 'NONE',  ( 0.000000000000000000, 8.125000000089720231, -13.35000000032535183 ) ) ;
#6839 = EDGE_LOOP ( 'NONE', ( #1754, #5470, #4126, #4276, #3647, #4910, #1338, #4424 ) ) ;
#6840 = VECTOR ( 'NONE', #3978, 1000.000000000000000 ) ;
#6841 = DIRECTION ( 'NONE',  ( 0.000000000000000000, 0.000000000000000000, 1.000000000000000000 ) ) ;
#6842 =( NAMED_UNIT ( * ) PLANE_ANGLE_UNIT ( ) SI_UNIT ( $, .RADIAN. ) );
#6843 = CARTESIAN_POINT ( 'NONE',  ( -1.700000000104166853, 2.200000000000000178, -2.850000000187499882 ) ) ;
#6844 = SURFACE_STYLE_FILL_AREA ( #7881 ) ;
#6845 = CARTESIAN_POINT ( 'NONE',  ( 3.224999999999999645, 8.473809970840001426, -13.35000000000000320 ) ) ;
#6846 =( NAMED_UNIT ( * ) SI_UNIT ( $, .STERADIAN. ) SOLID_ANGLE_UNIT ( ) );
#6847 = DIRECTION ( 'NONE',  ( 0.000000000000000000, 0.000000000000000000, 1.000000000000000000 ) ) ;
#6848 = EDGE_LOOP ( 'NONE', ( #2743, #7686, #5611, #2591 ) ) ;
#6849 = LINE ( 'NONE', #783, #1061 ) ;
#6850 =( NAMED_UNIT ( * ) PLANE_ANGLE_UNIT ( ) SI_UNIT ( $, .RADIAN. ) );
#6851 = SURFACE_STYLE_USAGE ( .BOTH. , #6339 ) ;
#6852 = SURFACE_SIDE_STYLE ('',( #3166 ) ) ;
#6853 = ADVANCED_FACE ( 'NONE', ( #5454 ), #3110, .F. ) ;
#6854 = VERTEX_POINT ( 'NONE', #6722 ) ;
#6855 = COLOUR_RGB ( '',0.7529411764705882248, 0.7529411764705882248, 0.7529411764705882248 ) ;
#6856 = ORIENTED_EDGE ( 'NONE', *, *, #7790, .F. ) ;
#6857 = VERTEX_POINT ( 'NONE', #4849 ) ;
#6858 = DIRECTION ( 'NONE',  ( -0.000000000000000000, -0.000000000000000000, -1.000000000000000000 ) ) ;
#6859 = DIRECTION ( 'NONE',  ( -1.000000000000000000, -0.000000000000000000, -0.000000000000000000 ) ) ;
#6860 = PRESENTATION_LAYER_ASSIGNMENT (  '', '', ( #248 ) ) ;
#6861 = DIRECTION ( 'NONE',  ( 0.000000000000000000, 0.000000000000000000, -1.000000000000000000 ) ) ;
#6862 = ORIENTED_EDGE ( 'NONE', *, *, #5677, .T. ) ;
#6863 = EDGE_CURVE ( 'NONE', #5935, #3297, #4469, .T. ) ;
#6864 = EDGE_CURVE ( 'NONE', #2738, #3988, #650, .T. ) ;
#6865 = VERTEX_POINT ( 'NONE', #7269 ) ;
#6866 = VECTOR ( 'NONE', #4060, 1000.000000000000000 ) ;
#6867 = UNCERTAINTY_MEASURE_WITH_UNIT (LENGTH_MEASURE( 1.000000000000000082E-05 ), #2399, 'distance_accuracy_value', 'NONE');
#6868 = CARTESIAN_POINT ( 'NONE',  ( -5.650000000799999533, 9.750000000000000000, 0.000000000000000000 ) ) ;
#6869 = DIRECTION ( 'NONE',  ( -0.000000000000000000, -0.000000000000000000, -1.000000000000000000 ) ) ;
#6870 = PRESENTATION_STYLE_ASSIGNMENT (( #2558 ) ) ;
#6871 =( GEOMETRIC_REPRESENTATION_CONTEXT ( 3 ) GLOBAL_UNCERTAINTY_ASSIGNED_CONTEXT ( ( #3595 ) ) GLOBAL_UNIT_ASSIGNED_CONTEXT ( ( #6467, #2873, #5157 ) ) REPRESENTATION_CONTEXT ( 'NONE', 'WORKASPACE' ) );
#6872 = ORIENTED_EDGE ( 'NONE', *, *, #7200, .F. ) ;
#6873 = DIRECTION ( 'NONE',  ( 0.000000000000000000, 0.000000000000000000, 1.000000000000000000 ) ) ;
#6874 =( NAMED_UNIT ( * ) SI_UNIT ( $, .STERADIAN. ) SOLID_ANGLE_UNIT ( ) );
#6875 = EDGE_CURVE ( 'NONE', #7831, #2535, #2528, .T. ) ;
#6876 = DIRECTION ( 'NONE',  ( 1.000000000000000000, 0.000000000000000000, 0.000000000000000000 ) ) ;
#6877 = ORIENTED_EDGE ( 'NONE', *, *, #5069, .T. ) ;
#6878 =( NAMED_UNIT ( * ) PLANE_ANGLE_UNIT ( ) SI_UNIT ( $, .RADIAN. ) );
#6879 = LINE ( 'NONE', #3262, #401 ) ;
#6880 = PLANE ( 'NONE',  #5805 ) ;
#6881 = DIRECTION ( 'NONE',  ( -0.2876062385002794430, 0.6459741879522248320, 0.7071067812397106023 ) ) ;
#6882 = FACE_OUTER_BOUND ( 'NONE', #7204, .T. ) ;
#6883 = DIRECTION ( 'NONE',  ( 0.000000000000000000, 0.000000000000000000, 1.000000000000000000 ) ) ;
#6884 = EDGE_CURVE ( 'NONE', #3411, #92, #1866, .T. ) ;
#6885 = PRESENTATION_STYLE_ASSIGNMENT (( #1348 ) ) ;
#6886 = LINE ( 'NONE', #3268, #4151 ) ;
#6887 = DIRECTION ( 'NONE',  ( -1.734723475976805517E-15, -1.000000000000000000, 0.000000000000000000 ) ) ;
#6888 = VERTEX_POINT ( 'NONE', #6171 ) ;
#6889 = FACE_OUTER_BOUND ( 'NONE', #5678, .T. ) ;
#6890 =( NAMED_UNIT ( * ) PLANE_ANGLE_UNIT ( ) SI_UNIT ( $, .RADIAN. ) );
#6891 = FACE_OUTER_BOUND ( 'NONE', #668, .T. ) ;
#6892 = CARTESIAN_POINT ( 'NONE',  ( -7.149999999999999467, -3.000000000000000000, -12.50000000000000000 ) ) ;
#6893 = DIRECTION ( 'NONE',  ( 1.000000000000000000, 0.000000000000000000, 0.000000000000000000 ) ) ;
#6894 = VECTOR ( 'NONE', #5803, 1000.000000000000114 ) ;
#6895 = CARTESIAN_POINT ( 'NONE',  ( 7.859999999999998543, 0.5000000000000000000, -4.400000000000000355 ) ) ;
#6896 = VERTEX_POINT ( 'NONE', #2566 ) ;
#6897 = ORIENTED_EDGE ( 'NONE', *, *, #665, .T. ) ;
#6898 = ORIENTED_EDGE ( 'NONE', *, *, #4513, .F. ) ;
#6899 = DIRECTION ( 'NONE',  ( -0.7163096844966350130, 0.6977825133208278574, 0.000000000000000000 ) ) ;
#6900 = DIRECTION ( 'NONE',  ( -0.000000000000000000, 0.000000000000000000, -1.000000000000000000 ) ) ;
#6901 = VECTOR ( 'NONE', #4437, 1000.000000000000000 ) ;
#6902 = MECHANICAL_DESIGN_GEOMETRIC_PRESENTATION_REPRESENTATION (  '', ( #1468 ), #2224 ) ;
#6903 = EDGE_CURVE ( 'NONE', #5872, #5335, #4264, .T. ) ;
#6904 = VECTOR ( 'NONE', #75, 1000.000000000000227 ) ;
#6905 = AXIS2_PLACEMENT_3D ( 'NONE', #6986, #5804, #5146 ) ;
#6906 = ORIENTED_EDGE ( 'NONE', *, *, #1294, .T. ) ;
#6907 = ORIENTED_EDGE ( 'NONE', *, *, #653, .F. ) ;
#6908 = FACE_OUTER_BOUND ( 'NONE', #1571, .T. ) ;
#6909 = EDGE_LOOP ( 'NONE', ( #6524, #6509, #4108, #7820, #5295, #1448, #5519, #1818 ) ) ;
#6910 = CARTESIAN_POINT ( 'NONE',  ( 7.149999999999999467, 0.3999999973200000780, -13.75000000000000000 ) ) ;
#6911 = EDGE_CURVE ( 'NONE', #1484, #3160, #3821, .T. ) ;
#6912 = SURFACE_SIDE_STYLE ('',( #3180 ) ) ;
#6913 = EDGE_LOOP ( 'NONE', ( #4200, #3612, #2683, #1882, #1686, #6641, #6120, #3749, #6783 ) ) ;
#6914 = DIRECTION ( 'NONE',  ( -1.000000000000000000, 0.000000000000000000, 0.000000000000000000 ) ) ;
#6915 = MECHANICAL_DESIGN_GEOMETRIC_PRESENTATION_REPRESENTATION (  '', ( #4875 ), #7549 ) ;
#6916 = LINE ( 'NONE', #3186, #2179 ) ;
#6917 = ADVANCED_FACE ( 'NONE', ( #5576 ), #7236, .F. ) ;
#6918 = VECTOR ( 'NONE', #6869, 1000.000000000000000 ) ;
#6919 = ADVANCED_FACE ( 'NONE', ( #3153 ), #6213, .F. ) ;
#6920 = CARTESIAN_POINT ( 'NONE',  ( 0.3500000000000000333, 0.4000000000000000222, -13.75000000000000000 ) ) ;
#6921 = FILL_AREA_STYLE ('',( #4901 ) ) ;
#6922 = DIRECTION ( 'NONE',  ( -0.000000000000000000, -0.000000000000000000, -1.000000000000000000 ) ) ;
#6923 = ORIENTED_EDGE ( 'NONE', *, *, #1034, .T. ) ;
#6924 = PRESENTATION_STYLE_ASSIGNMENT (( #2151 ) ) ;
#6925 = ADVANCED_FACE ( 'NONE', ( #5662 ), #6363, .F. ) ;
#6926 = FACE_OUTER_BOUND ( 'NONE', #1359, .T. ) ;
#6927 = VECTOR ( 'NONE', #2862, 1000.000000000000000 ) ;
#6928 = DIRECTION ( 'NONE',  ( -0.000000000000000000, -1.000000000000000000, -0.000000000000000000 ) ) ;
#6929 = ORIENTED_EDGE ( 'NONE', *, *, #7644, .F. ) ;
#6930 = PLANE ( 'NONE',  #770 ) ;
#6931 = ORIENTED_EDGE ( 'NONE', *, *, #1654, .T. ) ;
#6932 = VERTEX_POINT ( 'NONE', #5092 ) ;
#6933 = CARTESIAN_POINT ( 'NONE',  ( 4.649999999999999467, -0.9160969999999999391, -14.49999999919999993 ) ) ;
#6934 = LINE ( 'NONE', #282, #190 ) ;
#6935 = VECTOR ( 'NONE', #6109, 1000.000000000000000 ) ;
#6936 = VECTOR ( 'NONE', #6922, 1000.000000000000000 ) ;
#6937 = ORIENTED_EDGE ( 'NONE', *, *, #6832, .F. ) ;
#6938 = CARTESIAN_POINT ( 'NONE',  ( -5.499999999549999075, 2.199999999999999734, -3.149999999999999911 ) ) ;
#6939 = SURFACE_STYLE_USAGE ( .BOTH. , #3326 ) ;
#6940 = LINE ( 'NONE', #1534, #3584 ) ;
#6941 = DIRECTION ( 'NONE',  ( -0.000000000000000000, -0.000000000000000000, -1.000000000000000000 ) ) ;
#6942 = STYLED_ITEM ( 'NONE', ( #6870 ), #4669 ) ;
#6943 = AXIS2_PLACEMENT_3D ( 'NONE', #6529, #5979, #3735 ) ;
#6944 = DIRECTION ( 'NONE',  ( 0.000000000000000000, 0.000000000000000000, 1.000000000000000000 ) ) ;
#6945 = ADVANCED_FACE ( 'NONE', ( #6882 ), #300, .F. ) ;
#6946 = VERTEX_POINT ( 'NONE', #6843 ) ;
#6947 = VECTOR ( 'NONE', #564, 1000.000000000000000 ) ;
#6948 = FACE_OUTER_BOUND ( 'NONE', #114, .T. ) ;
#6949 = CARTESIAN_POINT ( 'NONE',  ( 4.500000000000000888, -0.01000000000000000194, -3.000000000000000000 ) ) ;
#6950 =( GEOMETRIC_REPRESENTATION_CONTEXT ( 3 ) GLOBAL_UNCERTAINTY_ASSIGNED_CONTEXT ( ( #1966 ) ) GLOBAL_UNIT_ASSIGNED_CONTEXT ( ( #7315, #611, #1347 ) ) REPRESENTATION_CONTEXT ( 'NONE', 'WORKASPACE' ) );
#6951 = DIRECTION ( 'NONE',  ( 0.000000000000000000, -1.000000000000000000, 0.000000000000000000 ) ) ;
#6952 = EDGE_CURVE ( 'NONE', #5254, #4002, #2319, .T. ) ;
#6953 = ORIENTED_EDGE ( 'NONE', *, *, #3644, .T. ) ;
#6954 = CARTESIAN_POINT ( 'NONE',  ( -2.296206600999999736, 7.358516468999998672, 0.000000000000000000 ) ) ;
#6955 = CARTESIAN_POINT ( 'NONE',  ( -5.649999999499999426, 0.000000000000000000, -3.149999999400000306 ) ) ;
#6956 = CARTESIAN_POINT ( 'NONE',  ( -2.678207945000000478, 7.912499770000001043, -15.50000000000000000 ) ) ;
#6957 = LINE ( 'NONE', #2849, #7313 ) ;
#6958 = FACE_OUTER_BOUND ( 'NONE', #5949, .T. ) ;
#6959 = VECTOR ( 'NONE', #5081, 1000.000000000000000 ) ;
#6960 = AXIS2_PLACEMENT_3D ( 'NONE', #7701, #332, #2751 ) ;
#6961 = SURFACE_SIDE_STYLE ('',( #5418 ) ) ;
#6962 = LINE ( 'NONE', #1554, #3356 ) ;
#6963 = FILL_AREA_STYLE ('',( #3826 ) ) ;
#6964 = CARTESIAN_POINT ( 'NONE',  ( -3.331394880999999142, 4.724402555999999365, -11.90000000000000036 ) ) ;
#6965 = AXIS2_PLACEMENT_3D ( 'NONE', #5629, #4899, #4944 ) ;
#6966 = ADVANCED_FACE ( 'NONE', ( #7557 ), #2688, .F. ) ;
#6967 = EDGE_CURVE ( 'NONE', #6267, #2589, #4580, .T. ) ;
#6968 = ORIENTED_EDGE ( 'NONE', *, *, #5314, .F. ) ;
#6969 = DIRECTION ( 'NONE',  ( 0.000000000000000000, 0.000000000000000000, 1.000000000000000000 ) ) ;
#6970 = LINE ( 'NONE', #2808, #4691 ) ;
#6971 = SURFACE_STYLE_FILL_AREA ( #7526 ) ;
#6972 = DIRECTION ( 'NONE',  ( 0.9135454576710735353, 0.4067366430118497522, -0.000000000000000000 ) ) ;
#6973 = ORIENTED_EDGE ( 'NONE', *, *, #5402, .T. ) ;
#6974 = ORIENTED_EDGE ( 'NONE', *, *, #7650, .T. ) ;
#6975 = EDGE_CURVE ( 'NONE', #6652, #182, #3530, .T. ) ;
#6976 = EDGE_LOOP ( 'NONE', ( #2026, #7432, #5899, #1405 ) ) ;
#6977 = SURFACE_STYLE_FILL_AREA ( #5759 ) ;
#6978 = AXIS2_PLACEMENT_3D ( 'NONE', #7478, #4377, #3932 ) ;
#6979 = VECTOR ( 'NONE', #6500, 1000.000000000000114 ) ;
#6980 = ORIENTED_EDGE ( 'NONE', *, *, #721, .F. ) ;
#6981 = EDGE_CURVE ( 'NONE', #4946, #1656, #4636, .T. ) ;
#6982 = DIRECTION ( 'NONE',  ( -0.000000000000000000, -1.000000000000000000, -0.000000000000000000 ) ) ;
#6983 = LINE ( 'NONE', #4705, #3095 ) ;
#6984 = DIRECTION ( 'NONE',  ( 1.000000000000000000, 0.000000000000000000, 0.000000000000000000 ) ) ;
#6985 = CIRCLE ( 'NONE', #3808, 1.000000000000000000 ) ;
#6986 = CARTESIAN_POINT ( 'NONE',  ( 7.149999999999999467, -3.549500000000000099, -13.75000000000000000 ) ) ;
#6987 = VERTEX_POINT ( 'NONE', #2213 ) ;
#6988 = VECTOR ( 'NONE', #3911, 999.9999999999998863 ) ;
#6989 = DIRECTION ( 'NONE',  ( -0.000000000000000000, -0.000000000000000000, -1.000000000000000000 ) ) ;
#6990 = CARTESIAN_POINT ( 'NONE',  ( 5.000000003233530776, -4.000000000615504980, -2.849999999999999645 ) ) ;
#6991 = VERTEX_POINT ( 'NONE', #7034 ) ;
#6992 = LINE ( 'NONE', #2138, #6616 ) ;
#6993 = SURFACE_SIDE_STYLE ('',( #2912 ) ) ;
#6994 = EDGE_CURVE ( 'NONE', #7675, #1873, #6470, .T. ) ;
#6995 = DIRECTION ( 'NONE',  ( 0.000000000000000000, -0.000000000000000000, 1.000000000000000000 ) ) ;
#6996 = PRESENTATION_STYLE_ASSIGNMENT (( #3382 ) ) ;
#6997 = CARTESIAN_POINT ( 'NONE',  ( 0.8484612170000001008, 8.566681095000001633, 0.000000000000000000 ) ) ;
#6998 = LINE ( 'NONE', #1661, #7542 ) ;
#6999 =( LENGTH_UNIT ( ) NAMED_UNIT ( * ) SI_UNIT ( .MILLI., .METRE. ) );
#7000 = LINE ( 'NONE', #3234, #2025 ) ;
#7001 = AXIS2_PLACEMENT_3D ( 'NONE', #4088, #2755, #963 ) ;
#7002 = ORIENTED_EDGE ( 'NONE', *, *, #2546, .F. ) ;
#7003 = VERTEX_POINT ( 'NONE', #418 ) ;
#7004 = LINE ( 'NONE', #347, #6173 ) ;
#7005 = LINE ( 'NONE', #4100, #7043 ) ;
#7006 = CARTESIAN_POINT ( 'NONE',  ( -2.998092552999999771, 9.803553087000000943, -13.75000000000000000 ) ) ;
#7007 = ADVANCED_FACE ( 'NONE', ( #5205 ), #2875, .F. ) ;
#7008 = CARTESIAN_POINT ( 'NONE',  ( -3.743951985978713370, 6.150351843024489007, -10.25000000000000000 ) ) ;
#7009 = ADVANCED_FACE ( 'NONE', ( #2364 ), #1779, .F. ) ;
#7010 = ORIENTED_EDGE ( 'NONE', *, *, #6975, .F. ) ;
#7011 = ORIENTED_EDGE ( 'NONE', *, *, #2221, .T. ) ;
#7012 = PLANE ( 'NONE',  #868 ) ;
#7013 = EDGE_CURVE ( 'NONE', #6476, #7675, #2400, .T. ) ;
#7014 = EDGE_CURVE ( 'NONE', #4551, #128, #7868, .T. ) ;
#7015 = CARTESIAN_POINT ( 'NONE',  ( 0.8750000000000001110, 3.049999999999999822, -8.150000000000000355 ) ) ;
#7016 = ORIENTED_EDGE ( 'NONE', *, *, #1408, .T. ) ;
#7017 = DIRECTION ( 'NONE',  ( -1.000000000000000000, -0.000000000000000000, -0.000000000000000000 ) ) ;
#7018 = EDGE_LOOP ( 'NONE', ( #6623, #4928, #2301, #3676 ) ) ;
#7019 = VECTOR ( 'NONE', #6826, 1000.000000000000114 ) ;
#7020 = DIRECTION ( 'NONE',  ( 0.000000000000000000, 0.000000000000000000, 1.000000000000000000 ) ) ;
#7021 = PRESENTATION_LAYER_ASSIGNMENT (  '', '', ( #1468 ) ) ;
#7022 = DIRECTION ( 'NONE',  ( -1.000000000000000000, 0.000000000000000000, 0.000000000000000000 ) ) ;
#7023 = UNCERTAINTY_MEASURE_WITH_UNIT (LENGTH_MEASURE( 1.000000000000000082E-05 ), #4804, 'distance_accuracy_value', 'NONE');
#7024 = EDGE_CURVE ( 'NONE', #164, #6106, #4706, .T. ) ;
#7025 = DIRECTION ( 'NONE',  ( 1.000000000000000000, 0.000000000000000000, 0.000000000000000000 ) ) ;
#7026 = MECHANICAL_DESIGN_GEOMETRIC_PRESENTATION_REPRESENTATION (  '', ( #407 ), #1980 ) ;
#7027 = ORIENTED_EDGE ( 'NONE', *, *, #6903, .T. ) ;
#7028 = CARTESIAN_POINT ( 'NONE',  ( 4.882530848999998341, 8.717721982999997010, -5.125000000000000000 ) ) ;
#7029 = VECTOR ( 'NONE', #3197, 1000.000000000000000 ) ;
#7030 = VERTEX_POINT ( 'NONE', #1205 ) ;
#7031 = LINE ( 'NONE', #4089, #2473 ) ;
#7032 = PLANE ( 'NONE',  #1636 ) ;
#7033 = CARTESIAN_POINT ( 'NONE',  ( 1.668680021499999944, 8.537679147500000454, -10.25000000000000000 ) ) ;
#7034 = CARTESIAN_POINT ( 'NONE',  ( 9.200000001000001149, 19.50000000000000000, -0.9499999992999997867 ) ) ;
#7035 = VECTOR ( 'NONE', #2098, 1000.000000000000000 ) ;
#7036 = SURFACE_STYLE_USAGE ( .BOTH. , #4095 ) ;
#7037 = CARTESIAN_POINT ( 'NONE',  ( -7.849999999999999645, -2.999999999999999556, -12.50000000000000000 ) ) ;
#7038 = VECTOR ( 'NONE', #5524, 1000.000000000000000 ) ;
#7039 = DIRECTION ( 'NONE',  ( 0.000000000000000000, 0.000000000000000000, 1.000000000000000000 ) ) ;
#7040 = CARTESIAN_POINT ( 'NONE',  ( -3.500000000000000000, 10.00000000000000000, 0.000000000000000000 ) ) ;
#7041 = DIRECTION ( 'NONE',  ( 0.000000000000000000, 1.000000000000000000, 0.000000000000000000 ) ) ;
#7042 = LINE ( 'NONE', #4514, #474 ) ;
#7043 = VECTOR ( 'NONE', #2919, 1000.000000000000000 ) ;
#7044 = EDGE_CURVE ( 'NONE', #6267, #3956, #5316, .T. ) ;
#7045 = CARTESIAN_POINT ( 'NONE',  ( 5.575000000000000178, 0.000000000000000000, -3.149999999999999911 ) ) ;
#7046 = VERTEX_POINT ( 'NONE', #2983 ) ;
#7047 = CARTESIAN_POINT ( 'NONE',  ( -6.459999998725108661, -1.355252715606880543E-17, -13.35000000000000142 ) ) ;
#7048 = ORIENTED_EDGE ( 'NONE', *, *, #5858, .F. ) ;
#7049 = CARTESIAN_POINT ( 'NONE',  ( -1.574999999999999956, 6.780000000000000249, -13.35000000000000320 ) ) ;
#7050 = FILL_AREA_STYLE ('',( #436 ) ) ;
#7051 = ADVANCED_FACE ( 'NONE', ( #7826 ), #461, .F. ) ;
#7052 = PRESENTATION_LAYER_ASSIGNMENT (  '', '', ( #5271 ) ) ;
#7053 = EDGE_CURVE ( 'NONE', #4533, #6946, #6627, .T. ) ;
#7054 = DIRECTION ( 'NONE',  ( 0.6156614756949899681, -0.7880107533181683888, 0.000000000000000000 ) ) ;
#7055 = VERTEX_POINT ( 'NONE', #4714 ) ;
#7056 = VECTOR ( 'NONE', #6189, 1000.000000000000114 ) ;
#7057 = CARTESIAN_POINT ( 'NONE',  ( -0.3500000013749992589, -2.250000316270095446E-10, -13.00000000077499962 ) ) ;
#7058 = ORIENTED_EDGE ( 'NONE', *, *, #7261, .T. ) ;
#7059 = CARTESIAN_POINT ( 'NONE',  ( -0.2999999999588597310, 5.758380151273792436, 0.000000000000000000 ) ) ;
#7060 = EDGE_CURVE ( 'NONE', #3018, #8, #6042, .T. ) ;
#7061 = EDGE_CURVE ( 'NONE', #5876, #83, #7184, .T. ) ;
#7062 = DIRECTION ( 'NONE',  ( 0.000000000000000000, 0.000000000000000000, -1.000000000000000000 ) ) ;
#7063 = VERTEX_POINT ( 'NONE', #1738 ) ;
#7064 = DIRECTION ( 'NONE',  ( 0.000000000000000000, -1.000000000000000000, 0.000000000000000000 ) ) ;
#7065 = DIRECTION ( 'NONE',  ( 0.000000000000000000, 0.000000000000000000, 1.000000000000000000 ) ) ;
#7066 = DIRECTION ( 'NONE',  ( 0.000000000000000000, 0.000000000000000000, 1.000000000000000000 ) ) ;
#7067 = VECTOR ( 'NONE', #6512, 1000.000000000000000 ) ;
#7068 = EDGE_CURVE ( 'NONE', #4694, #1238, #2451, .T. ) ;
#7069 = ORIENTED_EDGE ( 'NONE', *, *, #5080, .T. ) ;
#7070 = CARTESIAN_POINT ( 'NONE',  ( 2.296206600999999736, 7.358516468999998672, 0.000000000000000000 ) ) ;
#7071 = DIRECTION ( 'NONE',  ( -0.6427876098746131417, 0.7660444429611652506, 0.000000000000000000 ) ) ;
#7072 = SURFACE_STYLE_USAGE ( .BOTH. , #1067 ) ;
#7073 = SURFACE_STYLE_USAGE ( .BOTH. , #7112 ) ;
#7074 = AXIS2_PLACEMENT_3D ( 'NONE', #2082, #3947, #309 ) ;
#7075 = VECTOR ( 'NONE', #1389, 1000.000000000000000 ) ;
#7076 = DIRECTION ( 'NONE',  ( 0.000000000000000000, 0.000000000000000000, 1.000000000000000000 ) ) ;
#7077 = FACE_OUTER_BOUND ( 'NONE', #56, .T. ) ;
#7078 = DIRECTION ( 'NONE',  ( -0.000000000000000000, -0.000000000000000000, -1.000000000000000000 ) ) ;
#7079 = ORIENTED_EDGE ( 'NONE', *, *, #5548, .T. ) ;
#7080 = VERTEX_POINT ( 'NONE', #6955 ) ;
#7081 = MECHANICAL_DESIGN_GEOMETRIC_PRESENTATION_REPRESENTATION (  '', ( #6560 ), #5704 ) ;
#7082 = DIRECTION ( 'NONE',  ( -0.000000000000000000, -0.000000000000000000, -1.000000000000000000 ) ) ;
#7083 = CARTESIAN_POINT ( 'NONE',  ( 5.499999999549999963, 2.199999999999999734, -3.149999999999999911 ) ) ;
#7084 = DIRECTION ( 'NONE',  ( -1.000000000000000000, 0.000000000000000000, 0.000000000000000000 ) ) ;
#7085 = FILL_AREA_STYLE_COLOUR ( '', #219 ) ;
#7086 = VECTOR ( 'NONE', #1264, 1000.000000000000000 ) ;
#7087 = ORIENTED_EDGE ( 'NONE', *, *, #4295, .T. ) ;
#7088 = ORIENTED_EDGE ( 'NONE', *, *, #6254, .F. ) ;
#7089 = DIRECTION ( 'NONE',  ( 0.000000000000000000, 1.000000000000000000, 0.000000000000000000 ) ) ;
#7090 = AXIS2_PLACEMENT_3D ( 'NONE', #2107, #3308, #3193 ) ;
#7091 =( NAMED_UNIT ( * ) SI_UNIT ( $, .STERADIAN. ) SOLID_ANGLE_UNIT ( ) );
#7092 = EDGE_CURVE ( 'NONE', #2708, #595, #1078, .T. ) ;
#7093 = CYLINDRICAL_SURFACE ( 'NONE', #866, 0.2999999999999999334 ) ;
#7094 = ORIENTED_EDGE ( 'NONE', *, *, #5731, .T. ) ;
#7095 = VECTOR ( 'NONE', #3484, 1000.000000000000114 ) ;
#7096 = CARTESIAN_POINT ( 'NONE',  ( 0.000000000000000000, 8.127997500999999403, -13.29009995000000011 ) ) ;
#7097 = CARTESIAN_POINT ( 'NONE',  ( 1.301286965000000073, 8.960316512000002120, -5.125000000000000000 ) ) ;
#7098 = EDGE_LOOP ( 'NONE', ( #1563, #580, #4653, #782 ) ) ;
#7099 = DIRECTION ( 'NONE',  ( 0.000000000000000000, 0.000000000000000000, 1.000000000000000000 ) ) ;
#7100 = SURFACE_STYLE_FILL_AREA ( #4663 ) ;
#7101 = AXIS2_PLACEMENT_3D ( 'NONE', #4326, #1321, #2549 ) ;
#7102 = EDGE_CURVE ( 'NONE', #2283, #4584, #2581, .T. ) ;
#7103 = EDGE_CURVE ( 'NONE', #6142, #5, #3486, .T. ) ;
#7104 = ORIENTED_EDGE ( 'NONE', *, *, #4622, .F. ) ;
#7105 = SURFACE_STYLE_USAGE ( .BOTH. , #4667 ) ;
#7106 = FACE_OUTER_BOUND ( 'NONE', #3751, .T. ) ;
#7107 = SURFACE_STYLE_FILL_AREA ( #5273 ) ;
#7108 = VECTOR ( 'NONE', #6640, 1000.000000000000000 ) ;
#7109 = VERTEX_POINT ( 'NONE', #5881 ) ;
#7110 = CARTESIAN_POINT ( 'NONE',  ( 7.859999999999998543, 1.000000000000000000, -13.35000000000000142 ) ) ;
#7111 = CARTESIAN_POINT ( 'NONE',  ( 7.500000000000000000, -3.000000000000000000, -12.00000000000000000 ) ) ;
#7112 = SURFACE_SIDE_STYLE ('',( #2325 ) ) ;
#7113 = PLANE ( 'NONE',  #1809 ) ;
#7114 = ORIENTED_EDGE ( 'NONE', *, *, #4180, .F. ) ;
#7115 = CARTESIAN_POINT ( 'NONE',  ( 3.009165872999999713, 6.995626573000000015, -5.125000000000000000 ) ) ;
#7116 = CARTESIAN_POINT ( 'NONE',  ( -3.009165872834788313, 6.995626572881619154, -10.25000000000000000 ) ) ;
#7117 = CARTESIAN_POINT ( 'NONE',  ( -2.296206600999999736, 7.358516468999998672, -10.25000000000000000 ) ) ;
#7118 = LINE ( 'NONE', #5862, #2041 ) ;
#7119 = DIRECTION ( 'NONE',  ( 0.6427876047099315704, -0.7660444472948476635, 0.000000000000000000 ) ) ;
#7120 = PRESENTATION_LAYER_ASSIGNMENT (  '', '', ( #7762 ) ) ;
#7121 = CARTESIAN_POINT ( 'NONE',  ( 0.3500000000000000333, 6.779999998479998347, -11.90000000000000036 ) ) ;
#7122 = ORIENTED_EDGE ( 'NONE', *, *, #6952, .F. ) ;
#7123 = CARTESIAN_POINT ( 'NONE',  ( 0.000000000000000000, 10.00000000000000000, -10.25000000220000018 ) ) ;
#7124 = ORIENTED_EDGE ( 'NONE', *, *, #6459, .F. ) ;
#7125 = PLANE ( 'NONE',  #569 ) ;
#7126 = DIRECTION ( 'NONE',  ( -1.000000000000000000, 0.000000000000000000, 0.000000000000000000 ) ) ;
#7127 = DIRECTION ( 'NONE',  ( 0.000000000000000000, 1.000000000000000000, 0.000000000000000000 ) ) ;
#7128 = ORIENTED_EDGE ( 'NONE', *, *, #5726, .F. ) ;
#7129 = ORIENTED_EDGE ( 'NONE', *, *, #1719, .T. ) ;
#7130 = FACE_OUTER_BOUND ( 'NONE', #1675, .T. ) ;
#7131 = VERTEX_POINT ( 'NONE', #7592 ) ;
#7132 = CARTESIAN_POINT ( 'NONE',  ( 0.3000000000000000444, 7.801619849000001494, 0.000000000000000000 ) ) ;
#7133 = AXIS2_PLACEMENT_3D ( 'NONE', #206, #4987, #6309 ) ;
#7134 = VECTOR ( 'NONE', #2686, 1000.000000000000000 ) ;
#7135 = EDGE_LOOP ( 'NONE', ( #7580, #5589, #1683, #7371, #1156, #2991, #1525, #4322, #2149 ) ) ;
#7136 = DIRECTION ( 'NONE',  ( -0.000000000000000000, -0.000000000000000000, 1.000000000000000000 ) ) ;
#7137 = DIRECTION ( 'NONE',  ( -1.000000000000000000, 0.000000000000000000, 0.000000000000000000 ) ) ;
#7138 = CARTESIAN_POINT ( 'NONE',  ( -9.199999999999999289, 10.00000000000000000, -11.90000000000000036 ) ) ;
#7139 = DIRECTION ( 'NONE',  ( 1.000000000000000000, 0.000000000000000000, 0.000000000000000000 ) ) ;
#7140 = ORIENTED_EDGE ( 'NONE', *, *, #3017, .T. ) ;
#7141 = DIRECTION ( 'NONE',  ( -1.000000000000000000, -0.000000000000000000, -0.000000000000000000 ) ) ;
#7142 = DIRECTION ( 'NONE',  ( 0.000000000000000000, 1.000000000000000000, 0.000000000000000000 ) ) ;
#7143 = FACE_OUTER_BOUND ( 'NONE', #2006, .T. ) ;
#7144 = ADVANCED_FACE ( 'NONE', ( #2209 ), #373, .T. ) ;
#7145 = AXIS2_PLACEMENT_3D ( 'NONE', #2303, #2816, #281 ) ;
#7146 = VECTOR ( 'NONE', #2944, 1000.000000000000000 ) ;
#7147 = EDGE_LOOP ( 'NONE', ( #940, #4794, #4269, #7674, #1523 ) ) ;
#7148 = VECTOR ( 'NONE', #1819, 1000.000000000000114 ) ;
#7149 = VECTOR ( 'NONE', #6352, 1000.000000000000000 ) ;
#7150 = ORIENTED_EDGE ( 'NONE', *, *, #4876, .T. ) ;
#7151 = ADVANCED_FACE ( 'NONE', ( #2139 ), #3415, .T. ) ;
#7152 = EDGE_CURVE ( 'NONE', #1927, #2605, #4534, .T. ) ;
#7153 = CYLINDRICAL_SURFACE ( 'NONE', #2249, 7.000000000000000000 ) ;
#7154 =( NAMED_UNIT ( * ) PLANE_ANGLE_UNIT ( ) SI_UNIT ( $, .RADIAN. ) );
#7155 = VECTOR ( 'NONE', #180, 1000.000000000000000 ) ;
#7156 = DIRECTION ( 'NONE',  ( 0.000000000000000000, 0.000000000000000000, -1.000000000000000000 ) ) ;
#7157 = LINE ( 'NONE', #4769, #6224 ) ;
#7158 = ORIENTED_EDGE ( 'NONE', *, *, #3265, .F. ) ;
#7159 = VECTOR ( 'NONE', #697, 1000.000000000000000 ) ;
#7160 = ORIENTED_EDGE ( 'NONE', *, *, #5580, .F. ) ;
#7161 = DIRECTION ( 'NONE',  ( 1.000000000000000000, 0.000000000000000000, 0.000000000000000000 ) ) ;
#7162 = LINE ( 'NONE', #2495, #1475 ) ;
#7163 = EDGE_CURVE ( 'NONE', #7427, #6741, #129, .T. ) ;
#7164 = FACE_OUTER_BOUND ( 'NONE', #2227, .T. ) ;
#7165 = CARTESIAN_POINT ( 'NONE',  ( -1.700000000000000178, 2.200000000000000178, -2.849999999999999645 ) ) ;
#7166 = AXIS2_PLACEMENT_3D ( 'NONE', #6807, #3946, #4439 ) ;
#7167 = SURFACE_STYLE_FILL_AREA ( #4823 ) ;
#7168 = ORIENTED_EDGE ( 'NONE', *, *, #6680, .F. ) ;
#7169 = DIRECTION ( 'NONE',  ( 0.000000000000000000, 0.000000000000000000, 1.000000000000000000 ) ) ;
#7170 = ORIENTED_EDGE ( 'NONE', *, *, #7068, .F. ) ;
#7171 = CARTESIAN_POINT ( 'NONE',  ( 3.819878884999999169, 8.090060557000001040, -13.66820397600000092 ) ) ;
#7172 = VERTEX_POINT ( 'NONE', #298 ) ;
#7173 = LINE ( 'NONE', #7624, #6796 ) ;
#7174 = ORIENTED_EDGE ( 'NONE', *, *, #2317, .F. ) ;
#7175 = CARTESIAN_POINT ( 'NONE',  ( 5.349999999999999645, -3.000000000000000000, -15.50000000000000000 ) ) ;
#7176 = MECHANICAL_DESIGN_GEOMETRIC_PRESENTATION_REPRESENTATION (  '', ( #4395 ), #4136 ) ;
#7177 = SURFACE_STYLE_FILL_AREA ( #1603 ) ;
#7178 = VECTOR ( 'NONE', #3387, 1000.000000000000000 ) ;
#7179 = ORIENTED_EDGE ( 'NONE', *, *, #5350, .F. ) ;
#7180 = LINE ( 'NONE', #7294, #6346 ) ;
#7181 = FILL_AREA_STYLE_COLOUR ( '', #1926 ) ;
#7182 = UNCERTAINTY_MEASURE_WITH_UNIT (LENGTH_MEASURE( 1.000000000000000082E-05 ), #2868, 'distance_accuracy_value', 'NONE');
#7183 = ORIENTED_EDGE ( 'NONE', *, *, #3992, .T. ) ;
#7184 = LINE ( 'NONE', #1120, #3697 ) ;
#7185 = DIRECTION ( 'NONE',  ( -0.000000000000000000, -0.000000000000000000, -1.000000000000000000 ) ) ;
#7186 = CARTESIAN_POINT ( 'NONE',  ( 2.968981109000000007, 0.4000000000000000222, -13.75000000000000000 ) ) ;
#7187 = CARTESIAN_POINT ( 'NONE',  ( 0.3500000000000000333, -3.000000000000000000, -13.00000000000000178 ) ) ;
#7188 = EDGE_CURVE ( 'NONE', #2318, #1846, #1000, .T. ) ;
#7189 = EDGE_LOOP ( 'NONE', ( #568, #1291, #1915, #6462 ) ) ;
#7190 = ADVANCED_FACE ( 'NONE', ( #6359 ), #6506, .F. ) ;
#7191 = DIRECTION ( 'NONE',  ( -0.7163096843182283902, 0.6977825135039713578, 0.000000000000000000 ) ) ;
#7192 =( GEOMETRIC_REPRESENTATION_CONTEXT ( 3 ) GLOBAL_UNCERTAINTY_ASSIGNED_CONTEXT ( ( #4330 ) ) GLOBAL_UNIT_ASSIGNED_CONTEXT ( ( #1838, #481, #2339 ) ) REPRESENTATION_CONTEXT ( 'NONE', 'WORKASPACE' ) );
#7193 = LINE ( 'NONE', #2485, #754 ) ;
#7194 = ORIENTED_EDGE ( 'NONE', *, *, #390, .F. ) ;
#7195 = DIRECTION ( 'NONE',  ( -0.000000000000000000, -0.000000000000000000, -1.000000000000000000 ) ) ;
#7196 = VECTOR ( 'NONE', #1451, 1000.000000000000000 ) ;
#7197 = CARTESIAN_POINT ( 'NONE',  ( -5.500000000000000000, -3.404123204000000236, -3.149999999999999911 ) ) ;
#7198 = DIRECTION ( 'NONE',  ( -1.000000000000000000, 0.000000000000000000, 0.000000000000000000 ) ) ;
#7199 = EDGE_CURVE ( 'NONE', #6000, #3588, #1582, .T. ) ;
#7200 = EDGE_CURVE ( 'NONE', #7109, #2283, #1035, .T. ) ;
#7201 = MECHANICAL_DESIGN_GEOMETRIC_PRESENTATION_REPRESENTATION (  '', ( #1780 ), #4792 ) ;
#7202 = VERTEX_POINT ( 'NONE', #5779 ) ;
#7203 = COLOUR_RGB ( '',0.7529411764705882248, 0.7529411764705882248, 0.7529411764705882248 ) ;
#7204 = EDGE_LOOP ( 'NONE', ( #7854, #4454, #7779, #2820 ) ) ;
#7205 = DIRECTION ( 'NONE',  ( 0.000000000000000000, 0.000000000000000000, -1.000000000000000000 ) ) ;
#7206 = CARTESIAN_POINT ( 'NONE',  ( -4.999999999999999112, -3.000000000205103490, -14.49999999999999822 ) ) ;
#7207 = PRESENTATION_STYLE_ASSIGNMENT (( #7244 ) ) ;
#7208 = VECTOR ( 'NONE', #5971, 1000.000000000000000 ) ;
#7209 = VECTOR ( 'NONE', #7440, 1000.000000000000000 ) ;
#7210 = PRESENTATION_STYLE_ASSIGNMENT (( #443 ) ) ;
#7211 = ORIENTED_EDGE ( 'NONE', *, *, #4980, .T. ) ;
#7212 = EDGE_CURVE ( 'NONE', #4466, #3124, #6992, .T. ) ;
#7213 = CARTESIAN_POINT ( 'NONE',  ( -8.525000000000000355, 2.899999999999999911, -13.35000000000000320 ) ) ;
#7214 = ORIENTED_EDGE ( 'NONE', *, *, #607, .T. ) ;
#7215 = CARTESIAN_POINT ( 'NONE',  ( 0.000000000000000000, 11.65500245600000540, -13.95000000000000462 ) ) ;
#7216 = ORIENTED_EDGE ( 'NONE', *, *, #1513, .F. ) ;
#7217 = DIRECTION ( 'NONE',  ( -0.6560590296359154472, -0.7547095796617272478, 0.000000000000000000 ) ) ;
#7218 = VECTOR ( 'NONE', #3267, 1000.000000000000000 ) ;
#7219 = AXIS2_PLACEMENT_3D ( 'NONE', #2826, #7743, #5231 ) ;
#7220 = VERTEX_POINT ( 'NONE', #1657 ) ;
#7221 = LINE ( 'NONE', #498, #4811 ) ;
#7222 = LINE ( 'NONE', #7295, #2165 ) ;
#7223 = EDGE_LOOP ( 'NONE', ( #5443, #7378, #6611, #5336 ) ) ;
#7224 = PLANE ( 'NONE',  #6585 ) ;
#7225 = ORIENTED_EDGE ( 'NONE', *, *, #2039, .F. ) ;
#7226 = DIRECTION ( 'NONE',  ( -1.000000000000000000, 0.000000000000000000, 0.000000000000000000 ) ) ;
#7227 = VECTOR ( 'NONE', #4517, 1000.000000000000000 ) ;
#7228 = CYLINDRICAL_SURFACE ( 'NONE', #1208, 5.850000000000000533 ) ;
#7229 =( NAMED_UNIT ( * ) SI_UNIT ( $, .STERADIAN. ) SOLID_ANGLE_UNIT ( ) );
#7230 = DIRECTION ( 'NONE',  ( -0.000000000000000000, -1.000000000000000000, -0.000000000000000000 ) ) ;
#7231 = ORIENTED_EDGE ( 'NONE', *, *, #3712, .T. ) ;
#7232 = FILL_AREA_STYLE ('',( #6121 ) ) ;
#7233 = ORIENTED_EDGE ( 'NONE', *, *, #5604, .F. ) ;
#7234 = EDGE_CURVE ( 'NONE', #435, #6218, #2246, .T. ) ;
#7235 = AXIS2_PLACEMENT_3D ( 'NONE', #7040, #1626, #4019 ) ;
#7236 = PLANE ( 'NONE',  #5476 ) ;
#7237 = CARTESIAN_POINT ( 'NONE',  ( 5.650000003999998910, 9.749999999999998224, 0.000000000000000000 ) ) ;
#7238 = DIRECTION ( 'NONE',  ( -1.000000000000000000, 0.000000000000000000, 0.000000000000000000 ) ) ;
#7239 = ORIENTED_EDGE ( 'NONE', *, *, #5868, .T. ) ;
#7240 = EDGE_LOOP ( 'NONE', ( #2089, #3603, #5866, #6069, #5474, #1606, #6057, #6923 ) ) ;
#7241 = CARTESIAN_POINT ( 'NONE',  ( -0.8484612170000001008, 8.566681095000001633, 0.000000000000000000 ) ) ;
#7242 = DIRECTION ( 'NONE',  ( 1.000000000000000000, 0.000000000000000000, 0.000000000000000000 ) ) ;
#7243 = EDGE_CURVE ( 'NONE', #3107, #5254, #372, .T. ) ;
#7244 = SURFACE_STYLE_USAGE ( .BOTH. , #1143 ) ;
#7245 = AXIS2_PLACEMENT_3D ( 'NONE', #508, #1699, #338 ) ;
#7246 = ORIENTED_EDGE ( 'NONE', *, *, #3311, .F. ) ;
#7247 = DIRECTION ( 'NONE',  ( -0.000000000000000000, -0.000000000000000000, -1.000000000000000000 ) ) ;
#7248 = VERTEX_POINT ( 'NONE', #4046 ) ;
#7249 = DIRECTION ( 'NONE',  ( 0.000000000000000000, 1.000000000000000000, 0.000000000000000000 ) ) ;
#7250 = ORIENTED_EDGE ( 'NONE', *, *, #3315, .F. ) ;
#7251 = CIRCLE ( 'NONE', #2726, 0.7999999999999997113 ) ;
#7252 = LINE ( 'NONE', #1848, #6420 ) ;
#7253 = EDGE_CURVE ( 'NONE', #3625, #5225, #7251, .T. ) ;
#7254 = EDGE_CURVE ( 'NONE', #289, #4946, #6358, .T. ) ;
#7255 = ORIENTED_EDGE ( 'NONE', *, *, #3213, .T. ) ;
#7256 = CARTESIAN_POINT ( 'NONE',  ( 10.25000000000000000, 0.000000000000000000, -6.675000000000001599 ) ) ;
#7257 = VERTEX_POINT ( 'NONE', #7480 ) ;
#7258 = ORIENTED_EDGE ( 'NONE', *, *, #3650, .F. ) ;
#7259 = ORIENTED_EDGE ( 'NONE', *, *, #2266, .T. ) ;
#7260 = CARTESIAN_POINT ( 'NONE',  ( -2.951603972500000506, 8.193154871500000880, -11.90000000000000036 ) ) ;
#7261 = EDGE_CURVE ( 'NONE', #241, #3290, #1384, .T. ) ;
#7262 = ORIENTED_EDGE ( 'NONE', *, *, #3352, .T. ) ;
#7263 = SURFACE_STYLE_FILL_AREA ( #4883 ) ;
#7264 = FILL_AREA_STYLE ('',( #7875 ) ) ;
#7265 = COLOUR_RGB ( '',0.7529411764705882248, 0.7529411764705882248, 0.7529411764705882248 ) ;
#7266 = ORIENTED_EDGE ( 'NONE', *, *, #7586, .T. ) ;
#7267 = VECTOR ( 'NONE', #1908, 1000.000000000000000 ) ;
#7268 = CARTESIAN_POINT ( 'NONE',  ( 5.000000000000000000, -4.000000000000000000, -3.149999999999999911 ) ) ;
#7269 = CARTESIAN_POINT ( 'NONE',  ( 4.299999999999999822, 10.00000000000000000, -10.25000000000000000 ) ) ;
#7270 = VECTOR ( 'NONE', #2265, 1000.000000000000114 ) ;
#7271 = SURFACE_STYLE_USAGE ( .BOTH. , #1988 ) ;
#7272 = DIRECTION ( 'NONE',  ( 0.6427876098746131417, 0.7660444429611653616, 0.000000000000000000 ) ) ;
#7273 = CARTESIAN_POINT ( 'NONE',  ( 0.000000000000000000, 10.00000000000000000, -10.25000000110000009 ) ) ;
#7274 = EDGE_LOOP ( 'NONE', ( #1114, #5956, #3592, #355 ) ) ;
#7275 = ORIENTED_EDGE ( 'NONE', *, *, #2327, .F. ) ;
#7276 = CARTESIAN_POINT ( 'NONE',  ( 0.8750000000000001110, 3.958874791038530905, -7.732930924083966318 ) ) ;
#7277 = SURFACE_SIDE_STYLE ('',( #3582 ) ) ;
#7278 = VECTOR ( 'NONE', #4864, 1000.000000000000000 ) ;
#7279 = DIRECTION ( 'NONE',  ( -0.6156614756949875256, -0.7880107533181704982, 0.000000000000000000 ) ) ;
#7280 = LINE ( 'NONE', #1, #3060 ) ;
#7281 = CARTESIAN_POINT ( 'NONE',  ( 4.192989996122871155, 9.600294026842730588, -10.25000000000000000 ) ) ;
#7282 = PRESENTATION_STYLE_ASSIGNMENT (( #3748 ) ) ;
#7283 = EDGE_CURVE ( 'NONE', #6072, #7248, #7517, .T. ) ;
#7284 = VERTEX_POINT ( 'NONE', #1981 ) ;
#7285 = MECHANICAL_DESIGN_GEOMETRIC_PRESENTATION_REPRESENTATION (  '', ( #1075 ), #6027 ) ;
#7286 = CARTESIAN_POINT ( 'NONE',  ( -0.3000000000000000444, 8.361619849000003768, -5.125000000000000000 ) ) ;
#7287 = ORIENTED_EDGE ( 'NONE', *, *, #5219, .F. ) ;
#7288 = ADVANCED_FACE ( 'NONE', ( #7552 ), #5739, .T. ) ;
#7289 = ORIENTED_EDGE ( 'NONE', *, *, #6243, .T. ) ;
#7290 = CARTESIAN_POINT ( 'NONE',  ( -3.720183544159355371, 9.230897141796035044, 0.000000000000000000 ) ) ;
#7291 = AXIS2_PLACEMENT_3D ( 'NONE', #7186, #6547, #4212 ) ;
#7292 = DIRECTION ( 'NONE',  ( -1.000000000000000000, 0.000000000000000000, 0.000000000000000000 ) ) ;
#7293 = ORIENTED_EDGE ( 'NONE', *, *, #746, .T. ) ;
#7294 = CARTESIAN_POINT ( 'NONE',  ( -0.3500000000000000333, 0.000000000000000000, -12.50000000000000000 ) ) ;
#7295 = CARTESIAN_POINT ( 'NONE',  ( -5.649999997999999302, 0.000000000000000000, -6.675000000000000711 ) ) ;
#7296 = EDGE_CURVE ( 'NONE', #1145, #622, #806, .T. ) ;
#7297 = EDGE_CURVE ( 'NONE', #7766, #2814, #183, .T. ) ;
#7298 = ORIENTED_EDGE ( 'NONE', *, *, #3658, .F. ) ;
#7299 = ORIENTED_EDGE ( 'NONE', *, *, #6967, .T. ) ;
#7300 = PLANE ( 'NONE',  #945 ) ;
#7301 = CARTESIAN_POINT ( 'NONE',  ( 0.000000000000000000, 10.00000000000000000, -10.25000000000000000 ) ) ;
#7302 = CARTESIAN_POINT ( 'NONE',  ( 7.849999999999999645, 2.900000002297000723, -12.82499999999999929 ) ) ;
#7303 = LINE ( 'NONE', #4757, #5373 ) ;
#7304 = VECTOR ( 'NONE', #5643, 1000.000000000000000 ) ;
#7305 = VERTEX_POINT ( 'NONE', #3857 ) ;
#7306 = EDGE_CURVE ( 'NONE', #2426, #7456, #3975, .T. ) ;
#7307 = SURFACE_STYLE_FILL_AREA ( #7232 ) ;
#7308 = VERTEX_POINT ( 'NONE', #6287 ) ;
#7309 = CARTESIAN_POINT ( 'NONE',  ( -5.500000000000000000, -2.000000000000000000, -3.149999999999999911 ) ) ;
#7310 = CARTESIAN_POINT ( 'NONE',  ( 7.000000000000000000, 10.00000000000000000, -11.90000000000000036 ) ) ;
#7311 = CARTESIAN_POINT ( 'NONE',  ( 0.3500000000000000333, 0.5000000000000000000, -11.95000000000000107 ) ) ;
#7312 = FILL_AREA_STYLE_COLOUR ( '', #1302 ) ;
#7313 = VECTOR ( 'NONE', #3502, 1000.000000000000000 ) ;
#7314 = SURFACE_STYLE_FILL_AREA ( #2455 ) ;
#7315 =( LENGTH_UNIT ( ) NAMED_UNIT ( * ) SI_UNIT ( .MILLI., .METRE. ) );
#7316 = CARTESIAN_POINT ( 'NONE',  ( -7.859999998974999791, -6.776263578034402713E-17, -13.35000000000000320 ) ) ;
#7317 = DIRECTION ( 'NONE',  ( -0.000000000000000000, -0.000000000000000000, -1.000000000000000000 ) ) ;
#7318 = VERTEX_POINT ( 'NONE', #1340 ) ;
#7319 = CARTESIAN_POINT ( 'NONE',  ( -10.25000000000000178, 19.50000000000000000, 0.000000000000000000 ) ) ;
#7320 = AXIS2_PLACEMENT_3D ( 'NONE', #3005, #5426, #7412 ) ;
#7321 = LINE ( 'NONE', #6767, #4066 ) ;
#7322 = CARTESIAN_POINT ( 'NONE',  ( -0.3500000000000000333, -3.000000000000000000, -12.50000000000000000 ) ) ;
#7323 = LINE ( 'NONE', #1956, #5950 ) ;
#7324 = VECTOR ( 'NONE', #2597, 1000.000000000000000 ) ;
#7325 = ORIENTED_EDGE ( 'NONE', *, *, #3701, .T. ) ;
#7326 = VECTOR ( 'NONE', #642, 1000.000000000000000 ) ;
#7327 = PRESENTATION_STYLE_ASSIGNMENT (( #3090 ) ) ;
#7328 = ORIENTED_EDGE ( 'NONE', *, *, #3426, .F. ) ;
#7329 = VERTEX_POINT ( 'NONE', #848 ) ;
#7330 = ORIENTED_EDGE ( 'NONE', *, *, #6150, .F. ) ;
#7331 = LINE ( 'NONE', #3753, #7056 ) ;
#7332 = EDGE_CURVE ( 'NONE', #3431, #5225, #3261, .T. ) ;
#7333 = VECTOR ( 'NONE', #3930, 1000.000000000000000 ) ;
#7334 = ORIENTED_EDGE ( 'NONE', *, *, #2847, .T. ) ;
#7335 = DIRECTION ( 'NONE',  ( -0.9391228530308660671, -0.3435815287747090996, 0.000000000000000000 ) ) ;
#7336 = CARTESIAN_POINT ( 'NONE',  ( 0.000000000000000000, 11.27500000000000036, -13.95000000000000107 ) ) ;
#7337 = ORIENTED_EDGE ( 'NONE', *, *, #665, .F. ) ;
#7338 = SURFACE_STYLE_USAGE ( .BOTH. , #15 ) ;
#7339 = ORIENTED_EDGE ( 'NONE', *, *, #2462, .F. ) ;
#7340 = UNCERTAINTY_MEASURE_WITH_UNIT (LENGTH_MEASURE( 1.000000000000000082E-05 ), #1437, 'distance_accuracy_value', 'NONE');
#7341 = ORIENTED_EDGE ( 'NONE', *, *, #653, .T. ) ;
#7342 = SURFACE_SIDE_STYLE ('',( #57 ) ) ;
#7343 = DIRECTION ( 'NONE',  ( -1.000000000000000000, 8.673617379884028570E-16, 0.000000000000000000 ) ) ;
#7344 = DIRECTION ( 'NONE',  ( 1.000000000000000000, 0.000000000000000000, 0.000000000000000000 ) ) ;
#7345 = APPLICATION_PROTOCOL_DEFINITION ( 'draft international standard', 'automotive_design', 1998, #5901 ) ;
#7346 = EDGE_CURVE ( 'NONE', #1808, #6002, #263, .T. ) ;
#7347 = ADVANCED_FACE ( 'NONE', ( #5125 ), #6167, .F. ) ;
#7348 =( NAMED_UNIT ( * ) SI_UNIT ( $, .STERADIAN. ) SOLID_ANGLE_UNIT ( ) );
#7349 = EDGE_LOOP ( 'NONE', ( #6968, #2101, #2772, #5907 ) ) ;
#7350 = DIRECTION ( 'NONE',  ( 0.000000000000000000, -0.000000000000000000, 1.000000000000000000 ) ) ;
#7351 = DIRECTION ( 'NONE',  ( -0.000000000000000000, -0.000000000000000000, -1.000000000000000000 ) ) ;
#7352 = PRESENTATION_LAYER_ASSIGNMENT (  '', '', ( #2922 ) ) ;
#7353 = ORIENTED_EDGE ( 'NONE', *, *, #3138, .T. ) ;
#7354 = CARTESIAN_POINT ( 'NONE',  ( 3.331394880999999142, 4.724402555999999365, -13.35000000079999971 ) ) ;
#7355 = SURFACE_SIDE_STYLE ('',( #5413 ) ) ;
#7356 =( NAMED_UNIT ( * ) PLANE_ANGLE_UNIT ( ) SI_UNIT ( $, .RADIAN. ) );
#7357 = EDGE_CURVE ( 'NONE', #7856, #4480, #539, .T. ) ;
#7358 = ADVANCED_FACE ( 'NONE', ( #1786 ), #688, .F. ) ;
#7359 = VECTOR ( 'NONE', #4872, 1000.000000000000000 ) ;
#7360 =( NAMED_UNIT ( * ) SI_UNIT ( $, .STERADIAN. ) SOLID_ANGLE_UNIT ( ) );
#7361 = PRODUCT_DEFINITION_SHAPE ( 'NONE', 'NONE',  #225 ) ;
#7362 = PLANE ( 'NONE',  #1939 ) ;
#7363 = VERTEX_POINT ( 'NONE', #3738 ) ;
#7364 = LINE ( 'NONE', #234, #6904 ) ;
#7365 = VECTOR ( 'NONE', #6054, 1000.000000000000000 ) ;
#7366 = CARTESIAN_POINT ( 'NONE',  ( -4.649999999722826516, 1.699000000000000288, -15.50000000000000000 ) ) ;
#7367 = EDGE_CURVE ( 'NONE', #6780, #7622, #3616, .T. ) ;
#7368 = LINE ( 'NONE', #1954, #6821 ) ;
#7369 = CARTESIAN_POINT ( 'NONE',  ( 4.649999999445652676, 1.501033649000000691, -15.50000000000000000 ) ) ;
#7370 = VECTOR ( 'NONE', #6691, 1000.000000000000000 ) ;
#7371 = ORIENTED_EDGE ( 'NONE', *, *, #2277, .F. ) ;
#7372 = ORIENTED_EDGE ( 'NONE', *, *, #1598, .F. ) ;
#7373 = ORIENTED_EDGE ( 'NONE', *, *, #4750, .F. ) ;
#7374 = ORIENTED_EDGE ( 'NONE', *, *, #2748, .T. ) ;
#7375 = LINE ( 'NONE', #2264, #4645 ) ;
#7376 = DIRECTION ( 'NONE',  ( -1.000000000000000000, -0.000000000000000000, -0.000000000000000000 ) ) ;
#7377 = CARTESIAN_POINT ( 'NONE',  ( -0.3500000000000000888, 6.879999999819999879, -13.35000000026666811 ) ) ;
#7378 = ORIENTED_EDGE ( 'NONE', *, *, #859, .T. ) ;
#7379 = MECHANICAL_DESIGN_GEOMETRIC_PRESENTATION_REPRESENTATION (  '', ( #5221 ), #6871 ) ;
#7380 = CARTESIAN_POINT ( 'NONE',  ( 7.150000000133333700, 0.9999999996080000120, -13.35000000013333299 ) ) ;
#7381 = LINE ( 'NONE', #2669, #998 ) ;
#7382 = ORIENTED_EDGE ( 'NONE', *, *, #5348, .F. ) ;
#7383 = EDGE_LOOP ( 'NONE', ( #5183, #6122, #6615, #3631 ) ) ;
#7384 = CYLINDRICAL_SURFACE ( 'NONE', #6776, 0.5000000000000004441 ) ;
#7385 = DIRECTION ( 'NONE',  ( 0.000000000000000000, 0.000000000000000000, -1.000000000000000000 ) ) ;
#7386 = CARTESIAN_POINT ( 'NONE',  ( 6.850000000000000533, 4.750000000000000000, -13.75000000000000000 ) ) ;
#7387 = DIRECTION ( 'NONE',  ( -0.000000000000000000, 0.000000000000000000, 1.000000000000000000 ) ) ;
#7388 = ORIENTED_EDGE ( 'NONE', *, *, #6903, .F. ) ;
#7389 = DIRECTION ( 'NONE',  ( -1.000000000000000000, -0.000000000000000000, -0.000000000000000000 ) ) ;
#7390 = DIRECTION ( 'NONE',  ( 0.000000000000000000, 0.000000000000000000, 1.000000000000000000 ) ) ;
#7391 = PLANE ( 'NONE',  #7861 ) ;
#7392 = EDGE_CURVE ( 'NONE', #4552, #5928, #7836, .T. ) ;
#7393 = DIRECTION ( 'NONE',  ( 1.000000000000000000, 0.000000000000000000, 0.000000000000000000 ) ) ;
#7394 = EDGE_LOOP ( 'NONE', ( #1566, #6032, #1532, #3396 ) ) ;
#7395 = DIRECTION ( 'NONE',  ( 1.000000000000000000, 0.000000000000000000, 0.000000000000000000 ) ) ;
#7396 = CARTESIAN_POINT ( 'NONE',  ( -7.149999999999999467, 2.900000001531334082, -13.35000000026666811 ) ) ;
#7397 = CARTESIAN_POINT ( 'NONE',  ( -6.850000000000000533, 4.750000000000000000, -11.90000000000000036 ) ) ;
#7398 = FILL_AREA_STYLE ('',( #6214 ) ) ;
#7399 = PLANE ( 'NONE',  #5168 ) ;
#7400 = CARTESIAN_POINT ( 'NONE',  ( 5.000000000000000000, 13.70000000000000107, -13.35000000000000320 ) ) ;
#7401 = CARTESIAN_POINT ( 'NONE',  ( 5.649999999999999467, 2.200000000000000178, -3.149999999999999911 ) ) ;
#7402 = SURFACE_STYLE_FILL_AREA ( #3080 ) ;
#7403 = EDGE_CURVE ( 'NONE', #2777, #2861, #4887, .T. ) ;
#7404 = EDGE_CURVE ( 'NONE', #2626, #1611, #646, .T. ) ;
#7405 = VERTEX_POINT ( 'NONE', #6168 ) ;
#7406 = FACE_OUTER_BOUND ( 'NONE', #3816, .T. ) ;
#7407 = PRESENTATION_STYLE_ASSIGNMENT (( #37 ) ) ;
#7408 = SURFACE_SIDE_STYLE ('',( #6766 ) ) ;
#7409 = PRESENTATION_STYLE_ASSIGNMENT (( #2578 ) ) ;
#7410 = AXIS2_PLACEMENT_3D ( 'NONE', #3546, #4859, #1185 ) ;
#7411 = VECTOR ( 'NONE', #7829, 1000.000000000000114 ) ;
#7412 = DIRECTION ( 'NONE',  ( -1.000000000000000000, 0.000000000000000000, 0.000000000000000000 ) ) ;
#7413 = ORIENTED_EDGE ( 'NONE', *, *, #1564, .F. ) ;
#7414 = VERTEX_POINT ( 'NONE', #4302 ) ;
#7415 = VECTOR ( 'NONE', #6784, 1000.000000000000000 ) ;
#7416 = EDGE_CURVE ( 'NONE', #1921, #5006, #6718, .T. ) ;
#7417 = DIRECTION ( 'NONE',  ( 0.000000000000000000, 0.000000000000000000, 1.000000000000000000 ) ) ;
#7418 = ORIENTED_EDGE ( 'NONE', *, *, #2414, .T. ) ;
#7419 = LINE ( 'NONE', #7532, #5236 ) ;
#7420 = ORIENTED_EDGE ( 'NONE', *, *, #4870, .T. ) ;
#7421 = PLANE ( 'NONE',  #5192 ) ;
#7422 = LINE ( 'NONE', #6152, #5176 ) ;
#7423 = VERTEX_POINT ( 'NONE', #6123 ) ;
#7424 = UNCERTAINTY_MEASURE_WITH_UNIT (LENGTH_MEASURE( 1.000000000000000082E-05 ), #5608, 'distance_accuracy_value', 'NONE');
#7425 =( GEOMETRIC_REPRESENTATION_CONTEXT ( 3 ) GLOBAL_UNCERTAINTY_ASSIGNED_CONTEXT ( ( #6867 ) ) GLOBAL_UNIT_ASSIGNED_CONTEXT ( ( #2399, #3567, #7229 ) ) REPRESENTATION_CONTEXT ( 'NONE', 'WORKASPACE' ) );
#7426 = DIRECTION ( 'NONE',  ( 0.6427876098746131417, 0.7660444429611653616, -0.000000000000000000 ) ) ;
#7427 = VERTEX_POINT ( 'NONE', #2644 ) ;
#7428 = CARTESIAN_POINT ( 'NONE',  ( 9.200000003999999620, 0.000000000000000000, -6.675000000000001599 ) ) ;
#7429 = LINE ( 'NONE', #6785, #6639 ) ;
#7430 = LINE ( 'NONE', #3217, #7038 ) ;
#7431 = FILL_AREA_STYLE_COLOUR ( '', #3154 ) ;
#7432 = ORIENTED_EDGE ( 'NONE', *, *, #6632, .F. ) ;
#7433 = CARTESIAN_POINT ( 'NONE',  ( 3.749999999670066142, 8.125000000089720231, -13.35000000000000142 ) ) ;
#7434 = CARTESIAN_POINT ( 'NONE',  ( -7.849999999999999645, 2.899999999999999911, -13.35000000013333299 ) ) ;
#7435 = ORIENTED_EDGE ( 'NONE', *, *, #7200, .T. ) ;
#7436 = FACE_OUTER_BOUND ( 'NONE', #2077, .T. ) ;
#7437 = AXIS2_PLACEMENT_3D ( 'NONE', #7123, #7317, #6984 ) ;
#7438 = EDGE_CURVE ( 'NONE', #5536, #3100, #6879, .T. ) ;
#7439 =( LENGTH_UNIT ( ) NAMED_UNIT ( * ) SI_UNIT ( .MILLI., .METRE. ) );
#7440 = DIRECTION ( 'NONE',  ( 0.000000000000000000, 0.000000000000000000, -1.000000000000000000 ) ) ;
#7441 = DIRECTION ( 'NONE',  ( -1.000000000000000000, 0.000000000000000000, 0.000000000000000000 ) ) ;
#7442 = MECHANICAL_DESIGN_GEOMETRIC_PRESENTATION_REPRESENTATION (  '', ( #1628 ), #5147 ) ;
#7443 = FACE_OUTER_BOUND ( 'NONE', #5377, .T. ) ;
#7444 = CARTESIAN_POINT ( 'NONE',  ( 5.649999999999999467, 0.000000000000000000, 0.000000000000000000 ) ) ;
#7445 = CARTESIAN_POINT ( 'NONE',  ( 9.199999998933334311, 10.00000000175000281, -1.700000000000000178 ) ) ;
#7446 = ORIENTED_EDGE ( 'NONE', *, *, #5068, .T. ) ;
#7447 = DIRECTION ( 'NONE',  ( 0.000000000000000000, 0.000000000000000000, 1.000000000000000000 ) ) ;
#7448 = VECTOR ( 'NONE', #1794, 1000.000000000000000 ) ;
#7449 = DIRECTION ( 'NONE',  ( 0.000000000000000000, 0.000000000000000000, 1.000000000000000000 ) ) ;
#7450 = EDGE_CURVE ( 'NONE', #5335, #3652, #5700, .T. ) ;
#7451 = EDGE_CURVE ( 'NONE', #717, #4590, #5048, .T. ) ;
#7452 = CARTESIAN_POINT ( 'NONE',  ( -7.849999999999999645, 0.3999999973200000780, -13.75000000000000000 ) ) ;
#7453 = ORIENTED_EDGE ( 'NONE', *, *, #3712, .F. ) ;
#7454 = CARTESIAN_POINT ( 'NONE',  ( 3.720183544000000619, 9.230897141999998112, -10.25000000000000000 ) ) ;
#7455 =( GEOMETRIC_REPRESENTATION_CONTEXT ( 3 ) GLOBAL_UNCERTAINTY_ASSIGNED_CONTEXT ( ( #1161 ) ) GLOBAL_UNIT_ASSIGNED_CONTEXT ( ( #5050, #3823, #2073 ) ) REPRESENTATION_CONTEXT ( 'NONE', 'WORKASPACE' ) );
#7456 = VERTEX_POINT ( 'NONE', #849 ) ;
#7457 = AXIS2_PLACEMENT_3D ( 'NONE', #4554, #980, #392 ) ;
#7458 = ORIENTED_EDGE ( 'NONE', *, *, #5068, .F. ) ;
#7459 = LINE ( 'NONE', #88, #7527 ) ;
#7460 = AXIS2_PLACEMENT_3D ( 'NONE', #1505, #1465, #7441 ) ;
#7461 = ADVANCED_FACE ( 'NONE', ( #5126 ), #5007, .T. ) ;
#7462 = EDGE_LOOP ( 'NONE', ( #748, #4522, #6672, #3025 ) ) ;
#7463 = ORIENTED_EDGE ( 'NONE', *, *, #110, .F. ) ;
#7464 =( NAMED_UNIT ( * ) PLANE_ANGLE_UNIT ( ) SI_UNIT ( $, .RADIAN. ) );
#7465 = ORIENTED_EDGE ( 'NONE', *, *, #1802, .T. ) ;
#7466 = PRESENTATION_LAYER_ASSIGNMENT (  '', '', ( #3521 ) ) ;
#7467 = CIRCLE ( 'NONE', #6204, 0.9999999999999991118 ) ;
#7468 = VERTEX_POINT ( 'NONE', #5740 ) ;
#7469 = SURFACE_STYLE_FILL_AREA ( #5038 ) ;
#7470 = CARTESIAN_POINT ( 'NONE',  ( -5.500000000000000000, -3.404123204000000680, -3.149999999999999911 ) ) ;
#7471 = ADVANCED_FACE ( 'NONE', ( #2723 ), #4535, .T. ) ;
#7472 =( LENGTH_UNIT ( ) NAMED_UNIT ( * ) SI_UNIT ( .MILLI., .METRE. ) );
#7473 = VECTOR ( 'NONE', #2456, 1000.000000000000000 ) ;
#7474 = DIRECTION ( 'NONE',  ( -0.6156614747073927418, -0.7880107540897639540, 0.000000000000000000 ) ) ;
#7475 = VERTEX_POINT ( 'NONE', #6251 ) ;
#7476 = LINE ( 'NONE', #3893, #7495 ) ;
#7477 = CARTESIAN_POINT ( 'NONE',  ( 4.649999999999999467, -0.0009999987028898105808, -11.90000000000000036 ) ) ;
#7478 = CARTESIAN_POINT ( 'NONE',  ( -2.296206600999999736, 7.358516468999998672, -10.25000000000000000 ) ) ;
#7479 = ORIENTED_EDGE ( 'NONE', *, *, #3611, .F. ) ;
#7480 = CARTESIAN_POINT ( 'NONE',  ( 4.649999996000001801, -2.173722718027774343E-10, -11.90000000186666895 ) ) ;
#7481 = COLOUR_RGB ( '',0.7529411764705882248, 0.7529411764705882248, 0.7529411764705882248 ) ;
#7482 =( NAMED_UNIT ( * ) SI_UNIT ( $, .STERADIAN. ) SOLID_ANGLE_UNIT ( ) );
#7483 =( NAMED_UNIT ( * ) PLANE_ANGLE_UNIT ( ) SI_UNIT ( $, .RADIAN. ) );
#7484 = VECTOR ( 'NONE', #7066, 1000.000000000000000 ) ;
#7485 = CARTESIAN_POINT ( 'NONE',  ( 0.000000000000000000, 0.000000000000000000, -13.35000000000000320 ) ) ;
#7486 = LINE ( 'NONE', #3827, #6936 ) ;
#7487 = ORIENTED_EDGE ( 'NONE', *, *, #7332, .F. ) ;
#7488 = CARTESIAN_POINT ( 'NONE',  ( 0.000000000000000000, 6.500000000000000888, -10.25000000000000000 ) ) ;
#7489 = FACE_OUTER_BOUND ( 'NONE', #6111, .T. ) ;
#7490 = DIRECTION ( 'NONE',  ( -0.6430737218280185852, 0.7658042754478850966, 0.000000000000000000 ) ) ;
#7491 =( GEOMETRIC_REPRESENTATION_CONTEXT ( 3 ) GLOBAL_UNCERTAINTY_ASSIGNED_CONTEXT ( ( #3845 ) ) GLOBAL_UNIT_ASSIGNED_CONTEXT ( ( #1265, #2492, #6095 ) ) REPRESENTATION_CONTEXT ( 'NONE', 'WORKASPACE' ) );
#7492 = DIRECTION ( 'NONE',  ( -0.000000000000000000, -0.000000000000000000, -1.000000000000000000 ) ) ;
#7493 = LINE ( 'NONE', #1478, #3922 ) ;
#7494 = ORIENTED_EDGE ( 'NONE', *, *, #4006, .F. ) ;
#7495 = VECTOR ( 'NONE', #6873, 1000.000000000000000 ) ;
#7496 = ORIENTED_EDGE ( 'NONE', *, *, #4971, .T. ) ;
#7497 = ORIENTED_EDGE ( 'NONE', *, *, #2470, .T. ) ;
#7498 = ADVANCED_FACE ( 'NONE', ( #7436 ), #4381, .F. ) ;
#7499 = CARTESIAN_POINT ( 'NONE',  ( 0.000000000000000000, 10.00000000000000000, -11.90000000000000036 ) ) ;
#7500 = CARTESIAN_POINT ( 'NONE',  ( 2.117469151000000327, 11.28227801699999944, -10.25000000000000000 ) ) ;
#7501 = ORIENTED_EDGE ( 'NONE', *, *, #7880, .T. ) ;
#7502 = FACE_OUTER_BOUND ( 'NONE', #1202, .T. ) ;
#7503 = PLANE ( 'NONE',  #7598 ) ;
#7504 = PRESENTATION_STYLE_ASSIGNMENT (( #6939 ) ) ;
#7505 = ADVANCED_FACE ( 'NONE', ( #773 ), #145, .F. ) ;
#7506 = CARTESIAN_POINT ( 'NONE',  ( -7.849999999999999645, -3.000000000000000000, -11.99999999995000088 ) ) ;
#7507 = UNCERTAINTY_MEASURE_WITH_UNIT (LENGTH_MEASURE( 1.000000000000000082E-05 ), #1698, 'distance_accuracy_value', 'NONE');
#7508 = EDGE_CURVE ( 'NONE', #595, #4825, #3818, .T. ) ;
#7509 = FACE_OUTER_BOUND ( 'NONE', #243, .T. ) ;
#7510 = CARTESIAN_POINT ( 'NONE',  ( 0.3500000000000000333, 0.4000000000000000222, -12.82499999999999929 ) ) ;
#7511 = CARTESIAN_POINT ( 'NONE',  ( -0.3500000000000000333, -3.000000000044896975, -12.00000000000000000 ) ) ;
#7512 = VECTOR ( 'NONE', #2442, 1000.000000000000000 ) ;
#7513 = ORIENTED_EDGE ( 'NONE', *, *, #1043, .T. ) ;
#7514 = CARTESIAN_POINT ( 'NONE',  ( 0.000000000000000000, 0.000000000000000000, -11.94999999810000446 ) ) ;
#7515 = EDGE_CURVE ( 'NONE', #3386, #3625, #6398, .T. ) ;
#7516 = ORIENTED_EDGE ( 'NONE', *, *, #1810, .F. ) ;
#7517 = LINE ( 'NONE', #5612, #1332 ) ;
#7518 = DIRECTION ( 'NONE',  ( 0.6430737218280182521, -0.7658042754478854297, 0.000000000000000000 ) ) ;
#7519 = CARTESIAN_POINT ( 'NONE',  ( -0.3500000000000000333, -1.300000000000000044, -13.00000000000000178 ) ) ;
#7520 = DIRECTION ( 'NONE',  ( -0.000000000000000000, -0.000000000000000000, -1.000000000000000000 ) ) ;
#7521 = CARTESIAN_POINT ( 'NONE',  ( -3.743951986000000343, 6.150351842999999263, 0.000000000000000000 ) ) ;
#7522 = LINE ( 'NONE', #1432, #6351 ) ;
#7523 = ORIENTED_EDGE ( 'NONE', *, *, #5807, .F. ) ;
#7524 = CARTESIAN_POINT ( 'NONE',  ( 7.079741283000001495, 4.942922117000000171, -13.75000000000000000 ) ) ;
#7525 = SURFACE_STYLE_USAGE ( .BOTH. , #5098 ) ;
#7526 = FILL_AREA_STYLE ('',( #4512 ) ) ;
#7527 = VECTOR ( 'NONE', #2007, 1000.000000000000000 ) ;
#7528 = ORIENTED_EDGE ( 'NONE', *, *, #608, .F. ) ;
#7529 = CARTESIAN_POINT ( 'NONE',  ( -1.301286965000000295, 8.960316512000002120, 0.000000000000000000 ) ) ;
#7530 = ORIENTED_EDGE ( 'NONE', *, *, #5719, .F. ) ;
#7531 = ORIENTED_EDGE ( 'NONE', *, *, #7053, .F. ) ;
#7532 = CARTESIAN_POINT ( 'NONE',  ( -5.850000000000000533, 10.00000000000000000, -10.25000000000000000 ) ) ;
#7533 = CARTESIAN_POINT ( 'NONE',  ( 10.25000000000000000, 9.750000000000000000, -1.700000000000000178 ) ) ;
#7534 = AXIS2_PLACEMENT_3D ( 'NONE', #3573, #6753, #560 ) ;
#7535 = EDGE_CURVE ( 'NONE', #6932, #4365, #7593, .T. ) ;
#7536 = ADVANCED_FACE ( 'NONE', ( #4715 ), #1032, .F. ) ;
#7537 = ORIENTED_EDGE ( 'NONE', *, *, #779, .F. ) ;
#7538 = CARTESIAN_POINT ( 'NONE',  ( 5.349999999999999645, 1.699000000000000288, -15.50000000000000000 ) ) ;
#7539 = LINE ( 'NONE', #6234, #5675 ) ;
#7540 = FACE_OUTER_BOUND ( 'NONE', #6579, .T. ) ;
#7541 = PRESENTATION_STYLE_ASSIGNMENT (( #7809 ) ) ;
#7542 = VECTOR ( 'NONE', #2292, 1000.000000000000000 ) ;
#7543 = EDGE_CURVE ( 'NONE', #6450, #1049, #2792, .T. ) ;
#7544 = ADVANCED_FACE ( 'NONE', ( #923 ), #2289, .T. ) ;
#7545 = ORIENTED_EDGE ( 'NONE', *, *, #4202, .T. ) ;
#7546 = PLANE ( 'NONE',  #500 ) ;
#7547 = DIRECTION ( 'NONE',  ( 1.000000000000000000, 0.000000000000000000, 0.000000000000000000 ) ) ;
#7548 = DIRECTION ( 'NONE',  ( -0.000000000000000000, -1.000000000000000000, -0.000000000000000000 ) ) ;
#7549 =( GEOMETRIC_REPRESENTATION_CONTEXT ( 3 ) GLOBAL_UNCERTAINTY_ASSIGNED_CONTEXT ( ( #1242 ) ) GLOBAL_UNIT_ASSIGNED_CONTEXT ( ( #5446, #7871, #5401 ) ) REPRESENTATION_CONTEXT ( 'NONE', 'WORKASPACE' ) );
#7550 = DIRECTION ( 'NONE',  ( -1.000000000000000000, -0.000000000000000000, -0.000000000000000000 ) ) ;
#7551 = VERTEX_POINT ( 'NONE', #1739 ) ;
#7552 = FACE_OUTER_BOUND ( 'NONE', #3318, .T. ) ;
#7553 = DIRECTION ( 'NONE',  ( -1.000000000000000000, 0.000000000000000000, 0.000000000000000000 ) ) ;
#7554 =( BOUNDED_CURVE ( )  B_SPLINE_CURVE ( 3, ( #1496, #3896, #7433, #6838 ),
 .UNSPECIFIED., .F., .T. ) 
 B_SPLINE_CURVE_WITH_KNOTS ( ( 4, 4 ),
 ( 2.775557555244463670E-19, 0.005866077245950304317 ),
 .UNSPECIFIED. ) 
 CURVE ( )  GEOMETRIC_REPRESENTATION_ITEM ( )  RATIONAL_B_SPLINE_CURVE ( ( 0.9594150823098005487, 0.3198050274366000534, 0.3198050274366000534, 0.9594150823098005487 ) ) 
 REPRESENTATION_ITEM ( '' )  );
#7555 = LINE ( 'NONE', #7634, #6679 ) ;
#7556 = DIRECTION ( 'NONE',  ( 0.000000000000000000, -0.000000000000000000, 1.000000000000000000 ) ) ;
#7557 = FACE_OUTER_BOUND ( 'NONE', #6649, .T. ) ;
#7558 = STYLED_ITEM ( 'NONE', ( #3574 ), #1989 ) ;
#7559 = EDGE_CURVE ( 'NONE', #2502, #1266, #7031, .T. ) ;
#7560 =( NAMED_UNIT ( * ) SI_UNIT ( $, .STERADIAN. ) SOLID_ANGLE_UNIT ( ) );
#7561 = CYLINDRICAL_SURFACE ( 'NONE', #3989, 1.000000000000000000 ) ;
#7562 = CARTESIAN_POINT ( 'NONE',  ( -2.036073077744492643, 8.115041782574285989, 0.000000000000000000 ) ) ;
#7563 = DIRECTION ( 'NONE',  ( 0.9391228521203212054, -0.3435815312635316365, -0.000000000000000000 ) ) ;
#7564 = VECTOR ( 'NONE', #4025, 1000.000000000000000 ) ;
#7565 = ORIENTED_EDGE ( 'NONE', *, *, #5657, .F. ) ;
#7566 = CARTESIAN_POINT ( 'NONE',  ( -2.678207945000000478, 7.912499770000001043, -13.35000000000000320 ) ) ;
#7567 = DIRECTION ( 'NONE',  ( -1.000000000000000000, 8.673617379884028570E-16, 0.000000000000000000 ) ) ;
#7568 = CARTESIAN_POINT ( 'NONE',  ( 2.590275604421302447, 11.65167490246075843, -10.25000000000000000 ) ) ;
#7569 = VECTOR ( 'NONE', #5008, 1000.000000000000000 ) ;
#7570 = VERTEX_POINT ( 'NONE', #1079 ) ;
#7571 = ORIENTED_EDGE ( 'NONE', *, *, #11, .T. ) ;
#7572 = DIRECTION ( 'NONE',  ( 0.000000000000000000, 0.000000000000000000, 1.000000000000000000 ) ) ;
#7573 = ORIENTED_EDGE ( 'NONE', *, *, #721, .T. ) ;
#7574 = FACE_OUTER_BOUND ( 'NONE', #4056, .T. ) ;
#7575 = SURFACE_STYLE_USAGE ( .BOTH. , #2888 ) ;
#7576 = CARTESIAN_POINT ( 'NONE',  ( 0.8750000000000001110, 3.869152044321892081, -8.723576436304064430 ) ) ;
#7577 = VECTOR ( 'NONE', #2576, 1000.000000000000000 ) ;
#7578 = VECTOR ( 'NONE', #4942, 1000.000000000000000 ) ;
#7579 = VECTOR ( 'NONE', #2925, 1000.000000000000000 ) ;
#7580 = ORIENTED_EDGE ( 'NONE', *, *, #810, .T. ) ;
#7581 = CARTESIAN_POINT ( 'NONE',  ( -3.279816455967696331, 10.76910285848992643, 0.000000000000000000 ) ) ;
#7582 = DIRECTION ( 'NONE',  ( 1.000000000000000000, 0.000000000000000000, 0.000000000000000000 ) ) ;
#7583 = ADVANCED_FACE ( 'NONE', ( #2210 ), #5921, .F. ) ;
#7584 = LINE ( 'NONE', #4035, #2469 ) ;
#7585 = PRESENTATION_LAYER_ASSIGNMENT (  '', '', ( #2033 ) ) ;
#7586 = EDGE_CURVE ( 'NONE', #5985, #2245, #1659, .T. ) ;
#7587 = EDGE_LOOP ( 'NONE', ( #3643, #7418, #205, #4518, #2632 ) ) ;
#7588 = MECHANICAL_DESIGN_GEOMETRIC_PRESENTATION_REPRESENTATION (  '', ( #3521 ), #3400 ) ;
#7589 = VECTOR ( 'NONE', #3662, 1000.000000000000000 ) ;
#7590 = CARTESIAN_POINT ( 'NONE',  ( 5.263545457974928787, 2.105736643026684618, -13.35000000000000320 ) ) ;
#7591 = EDGE_LOOP ( 'NONE', ( #2563, #7617, #800, #2785, #3249, #4838, #2505, #1497 ) ) ;
#7592 = CARTESIAN_POINT ( 'NONE',  ( 2.950000000116828502, 10.05000000140038452, -13.35000000000000320 ) ) ;
#7593 = LINE ( 'NONE', #5882, #5237 ) ;
#7594 = ADVANCED_FACE ( 'NONE', ( #6083 ), #4755, .F. ) ;
#7595 = CARTESIAN_POINT ( 'NONE',  ( -0.3500000000000000333, 0.4000000000000000222, -13.00000000000000178 ) ) ;
#7596 = DIRECTION ( 'NONE',  ( 0.6156614754824267788, 0.7880107534842410999, -0.000000000000000000 ) ) ;
#7597 = VECTOR ( 'NONE', #5214, 1000.000000000000000 ) ;
#7598 = AXIS2_PLACEMENT_3D ( 'NONE', #2057, #4583, #1413 ) ;
#7599 = CARTESIAN_POINT ( 'NONE',  ( 7.849999999999999645, -3.000000000000000000, -11.99999999995000088 ) ) ;
#7600 = DIRECTION ( 'NONE',  ( -0.000000000000000000, -1.000000000000000000, -0.000000000000000000 ) ) ;
#7601 = SURFACE_SIDE_STYLE ('',( #7754 ) ) ;
#7602 = FACE_OUTER_BOUND ( 'NONE', #1325, .T. ) ;
#7603 = VECTOR ( 'NONE', #1663, 1000.000000000000000 ) ;
#7604 = ORIENTED_EDGE ( 'NONE', *, *, #7559, .F. ) ;
#7605 = EDGE_LOOP ( 'NONE', ( #706, #1696, #2979, #832, #2078, #3053, #2038 ) ) ;
#7606 = CARTESIAN_POINT ( 'NONE',  ( -7.149999999999999467, 2.899999999999999911, -11.90000000000000036 ) ) ;
#7607 = DIRECTION ( 'NONE',  ( -1.000000000000000000, 8.673617379884028570E-16, 0.000000000000000000 ) ) ;
#7608 = EDGE_CURVE ( 'NONE', #5488, #7692, #5400, .T. ) ;
#7609 = EDGE_CURVE ( 'NONE', #4533, #1266, #4128, .T. ) ;
#7610 = CARTESIAN_POINT ( 'NONE',  ( -10.25000000000000000, 19.50000000000000000, -0.8500000000000000888 ) ) ;
#7611 = DIRECTION ( 'NONE',  ( -1.734723475976805517E-15, -1.000000000000000000, 0.000000000000000000 ) ) ;
#7612 = DIRECTION ( 'NONE',  ( 0.000000000000000000, 0.000000000000000000, 1.000000000000000000 ) ) ;
#7613 = VECTOR ( 'NONE', #142, 1000.000000000000000 ) ;
#7614 = CARTESIAN_POINT ( 'NONE',  ( 10.25000000000000000, 0.000000000000000000, -0.9500000013833334034 ) ) ;
#7615 = ORIENTED_EDGE ( 'NONE', *, *, #961, .T. ) ;
#7616 = CARTESIAN_POINT ( 'NONE',  ( -9.199999999999999289, 2.899999999999999911, -11.90000000000000036 ) ) ;
#7617 = ORIENTED_EDGE ( 'NONE', *, *, #2794, .T. ) ;
#7618 = LINE ( 'NONE', #1052, #7270 ) ;
#7619 = AXIS2_PLACEMENT_3D ( 'NONE', #1580, #1030, #2244 ) ;
#7620 = ADVANCED_FACE ( 'NONE', ( #5523 ), #3607, .T. ) ;
#7621 = STYLED_ITEM ( 'NONE', ( #2956 ), #5808 ) ;
#7622 = VERTEX_POINT ( 'NONE', #5959 ) ;
#7623 = LINE ( 'NONE', #2125, #109 ) ;
#7624 = CARTESIAN_POINT ( 'NONE',  ( -7.500000000000000000, 0.4000000000000000222, -13.75000000000000000 ) ) ;
#7625 = DIRECTION ( 'NONE',  ( 1.000000000000000000, 0.000000000000000000, 0.000000000000000000 ) ) ;
#7626 = VECTOR ( 'NONE', #1868, 1000.000000000000114 ) ;
#7627 = ORIENTED_EDGE ( 'NONE', *, *, #2598, .T. ) ;
#7628 = CARTESIAN_POINT ( 'NONE',  ( -7.850000002666666532, 2.899999999999999911, -11.90000000000000036 ) ) ;
#7629 = SURFACE_STYLE_USAGE ( .BOTH. , #3522 ) ;
#7630 = CARTESIAN_POINT ( 'NONE',  ( 4.409724396000000546, 8.348325096999998252, -10.25000000000000000 ) ) ;
#7631 = ORIENTED_EDGE ( 'NONE', *, *, #3033, .T. ) ;
#7632 = DIRECTION ( 'NONE',  ( 0.000000000000000000, 0.000000000000000000, 1.000000000000000000 ) ) ;
#7633 = DIRECTION ( 'NONE',  ( -0.000000000000000000, -0.000000000000000000, -1.000000000000000000 ) ) ;
#7634 = CARTESIAN_POINT ( 'NONE',  ( 3.291126236443894904, 5.756716426316232926, -10.25000000000000000 ) ) ;
#7635 = ADVANCED_FACE ( 'NONE', ( #5482 ), #6709, .F. ) ;
#7636 = ADVANCED_FACE ( 'NONE', ( #4879 ), #7228, .T. ) ;
#7637 = SURFACE_STYLE_FILL_AREA ( #5889 ) ;
#7638 = DIRECTION ( 'NONE',  ( 0.000000000000000000, 0.000000000000000000, -1.000000000000000000 ) ) ;
#7639 = COLOUR_RGB ( '',0.7529411764705882248, 0.7529411764705882248, 0.7529411764705882248 ) ;
#7640 = ORIENTED_EDGE ( 'NONE', *, *, #6289, .F. ) ;
#7641 = LINE ( 'NONE', #6515, #6050 ) ;
#7642 = FACE_OUTER_BOUND ( 'NONE', #3288, .T. ) ;
#7643 = LINE ( 'NONE', #3392, #1409 ) ;
#7644 = EDGE_CURVE ( 'NONE', #3788, #5149, #506, .T. ) ;
#7645 = EDGE_CURVE ( 'NONE', #3478, #3260, #2360, .T. ) ;
#7646 = DIRECTION ( 'NONE',  ( 1.000000000000000000, 0.000000000000000000, 0.000000000000000000 ) ) ;
#7647 = CARTESIAN_POINT ( 'NONE',  ( -4.624063637387894943, 1.821020993050998182, -13.35000000000000320 ) ) ;
#7648 = ORIENTED_EDGE ( 'NONE', *, *, #2097, .F. ) ;
#7649 = ORIENTED_EDGE ( 'NONE', *, *, #7060, .F. ) ;
#7650 = EDGE_CURVE ( 'NONE', #100, #532, #6586, .T. ) ;
#7651 = ORIENTED_EDGE ( 'NONE', *, *, #1810, .T. ) ;
#7652 = DIRECTION ( 'NONE',  ( 1.000000000000000000, -0.000000000000000000, -0.000000000000000000 ) ) ;
#7653 = ORIENTED_EDGE ( 'NONE', *, *, #398, .F. ) ;
#7654 = AXIS2_PLACEMENT_3D ( 'NONE', #2607, #2029, #6841 ) ;
#7655 = DIRECTION ( 'NONE',  ( -1.000000000000000000, 0.000000000000000000, 0.000000000000000000 ) ) ;
#7656 = CARTESIAN_POINT ( 'NONE',  ( 0.3500000000000000333, -3.000000000000000000, -12.50000000000000000 ) ) ;
#7657 = AXIS2_PLACEMENT_3D ( 'NONE', #6666, #7870, #638 ) ;
#7658 = VERTEX_POINT ( 'NONE', #1289 ) ;
#7659 = SURFACE_STYLE_FILL_AREA ( #1541 ) ;
#7660 = DIRECTION ( 'NONE',  ( 0.000000000000000000, 0.000000000000000000, 1.000000000000000000 ) ) ;
#7661 = CARTESIAN_POINT ( 'NONE',  ( 1.215854273500000193, 8.144043730000001702, -10.25000000000000000 ) ) ;
#7662 = CARTESIAN_POINT ( 'NONE',  ( 0.000000000000000000, 3.731656092999999341, -7.837198193000001645 ) ) ;
#7663 = VECTOR ( 'NONE', #1804, 1000.000000000000000 ) ;
#7664 = ORIENTED_EDGE ( 'NONE', *, *, #3997, .F. ) ;
#7665 = DIRECTION ( 'NONE',  ( 1.000000000000000000, 0.000000000000000000, 0.000000000000000000 ) ) ;
#7666 = DIRECTION ( 'NONE',  ( 0.7660444429611653616, 0.6427876098746132527, -0.000000000000000000 ) ) ;
#7667 = DIRECTION ( 'NONE',  ( -0.000000000000000000, -0.000000000000000000, 1.000000000000000000 ) ) ;
#7668 = PLANE ( 'NONE',  #4001 ) ;
#7669 = DIRECTION ( 'NONE',  ( -0.000000000000000000, -0.000000000000000000, -1.000000000000000000 ) ) ;
#7670 = VECTOR ( 'NONE', #6989, 1000.000000000000000 ) ;
#7671 =( NAMED_UNIT ( * ) PLANE_ANGLE_UNIT ( ) SI_UNIT ( $, .RADIAN. ) );
#7672 = DIRECTION ( 'NONE',  ( 0.000000000000000000, -0.000000000000000000, 1.000000000000000000 ) ) ;
#7673 = CARTESIAN_POINT ( 'NONE',  ( 4.192989995999998776, 9.600294027000000341, -5.125000000000000000 ) ) ;
#7674 = ORIENTED_EDGE ( 'NONE', *, *, #2260, .T. ) ;
#7675 = VERTEX_POINT ( 'NONE', #3688 ) ;
#7676 = EDGE_CURVE ( 'NONE', #1581, #3835, #6004, .T. ) ;
#7677 = LINE ( 'NONE', #2253, #4897 ) ;
#7678 = VECTOR ( 'NONE', #7688, 1000.000000000000000 ) ;
#7679 = CARTESIAN_POINT ( 'NONE',  ( -4.649999999999999467, -0.0005000000000000001188, -11.90000000000000036 ) ) ;
#7680 = CARTESIAN_POINT ( 'NONE',  ( 1.349999995687198640, 9.921049893999999369, 0.000000000000000000 ) ) ;
#7681 = CARTESIAN_POINT ( 'NONE',  ( -5.500000000000000000, -3.404123201799999610, -2.849999999999999645 ) ) ;
#7682 = VECTOR ( 'NONE', #5575, 1000.000000000000000 ) ;
#7683 = DIRECTION ( 'NONE',  ( 1.000000000000000000, 0.000000000000000000, 0.000000000000000000 ) ) ;
#7684 = CARTESIAN_POINT ( 'NONE',  ( -0.3500000013749992589, 1.084202172485504434E-16, -12.00000000000000000 ) ) ;
#7685 = VERTEX_POINT ( 'NONE', #2398 ) ;
#7686 = ORIENTED_EDGE ( 'NONE', *, *, #7024, .T. ) ;
#7687 = CARTESIAN_POINT ( 'NONE',  ( 5.263545457954375451, 2.105736643102475103, -15.50000000000000000 ) ) ;
#7688 = DIRECTION ( 'NONE',  ( 0.000000000000000000, 0.000000000000000000, 1.000000000000000000 ) ) ;
#7689 = LINE ( 'NONE', #3199, #908 ) ;
#7690 = EDGE_CURVE ( 'NONE', #2095, #5046, #4803, .T. ) ;
#7691 = ADVANCED_FACE ( 'NONE', ( #6279 ), #4369, .F. ) ;
#7692 = VERTEX_POINT ( 'NONE', #4459 ) ;
#7693 = CARTESIAN_POINT ( 'NONE',  ( -5.349999999999999645, -0.0009999987028906779426, -14.49999999946666662 ) ) ;
#7694 = LINE ( 'NONE', #7097, #6046 ) ;
#7695 = ORIENTED_EDGE ( 'NONE', *, *, #654, .T. ) ;
#7696 = EDGE_CURVE ( 'NONE', #2190, #7308, #797, .T. ) ;
#7697 = AXIS2_PLACEMENT_3D ( 'NONE', #3039, #3079, #4936 ) ;
#7698 = DIRECTION ( 'NONE',  ( 1.000000000000000000, 0.000000000000000000, 0.000000000000000000 ) ) ;
#7699 = EDGE_LOOP ( 'NONE', ( #6654, #2823, #3482, #5591 ) ) ;
#7700 = CYLINDRICAL_SURFACE ( 'NONE', #2440, 1.000000000000001776 ) ;
#7701 = CARTESIAN_POINT ( 'NONE',  ( 2.678207945000000478, 7.912499770000001043, -15.50000000000000000 ) ) ;
#7702 = LINE ( 'NONE', #4630, #3733 ) ;
#7703 = ORIENTED_EDGE ( 'NONE', *, *, #4537, .F. ) ;
#7704 = CARTESIAN_POINT ( 'NONE',  ( -4.882530848658523048, 8.717721983437066058, -10.25000000000000000 ) ) ;
#7705 = ADVANCED_FACE ( 'NONE', ( #1969 ), #4333, .F. ) ;
#7706 =( GEOMETRIC_REPRESENTATION_CONTEXT ( 3 ) GLOBAL_UNCERTAINTY_ASSIGNED_CONTEXT ( ( #1074 ) ) GLOBAL_UNIT_ASSIGNED_CONTEXT ( ( #1552, #5706, #7560 ) ) REPRESENTATION_CONTEXT ( 'NONE', 'WORKASPACE' ) );
#7707 = FACE_OUTER_BOUND ( 'NONE', #7699, .T. ) ;
#7708 = ORIENTED_EDGE ( 'NONE', *, *, #2500, .T. ) ;
#7709 = CARTESIAN_POINT ( 'NONE',  ( -7.149999999999999467, -3.000000000000000000, -12.50000000000000000 ) ) ;
#7710 = DIRECTION ( 'NONE',  ( 0.000000000000000000, 1.000000000000000000, 0.000000000000000000 ) ) ;
#7711 = LINE ( 'NONE', #7115, #7067 ) ;
#7712 = ORIENTED_EDGE ( 'NONE', *, *, #7741, .T. ) ;
#7713 = CARTESIAN_POINT ( 'NONE',  ( 7.079741283035597021, 4.942922116957612744, -13.75000000000000000 ) ) ;
#7714 = CARTESIAN_POINT ( 'NONE',  ( 0.000000000000000000, 11.87499999991027799, -13.35000000000000675 ) ) ;
#7715 = FACE_OUTER_BOUND ( 'NONE', #5676, .T. ) ;
#7716 = SURFACE_STYLE_FILL_AREA ( #5368 ) ;
#7717 = FACE_OUTER_BOUND ( 'NONE', #4747, .T. ) ;
#7718 = VECTOR ( 'NONE', #6769, 1000.000000000000000 ) ;
#7719 = CARTESIAN_POINT ( 'NONE',  ( -4.649999999999999467, -3.000000000102551745, -14.49999999959999997 ) ) ;
#7720 = DIRECTION ( 'NONE',  ( -0.000000000000000000, -1.000000000000000000, -0.000000000000000000 ) ) ;
#7721 = ORIENTED_EDGE ( 'NONE', *, *, #7014, .F. ) ;
#7722 = CARTESIAN_POINT ( 'NONE',  ( 4.649999999999999467, 1.699000000000000288, -13.70000000000000107 ) ) ;
#7723 = VERTEX_POINT ( 'NONE', #3809 ) ;
#7724 = VECTOR ( 'NONE', #2990, 1000.000000000000227 ) ;
#7725 = CARTESIAN_POINT ( 'NONE',  ( -3.970876701500000383, 5.009118206500001058, -15.50000000000000000 ) ) ;
#7726 = FACE_OUTER_BOUND ( 'NONE', #3761, .T. ) ;
#7727 = CARTESIAN_POINT ( 'NONE',  ( -1.215854273500000193, 8.144043730000001702, -10.25000000000000000 ) ) ;
#7728 = VERTEX_POINT ( 'NONE', #6746 ) ;
#7729 = VECTOR ( 'NONE', #6751, 1000.000000000000000 ) ;
#7730 = CARTESIAN_POINT ( 'NONE',  ( 0.000000000000000000, 8.344997543999999934, -13.95000000000000462 ) ) ;
#7731 = ADVANCED_FACE ( 'NONE', ( #7509 ), #1452, .F. ) ;
#7732 = ORIENTED_EDGE ( 'NONE', *, *, #5515, .T. ) ;
#7733 = CARTESIAN_POINT ( 'NONE',  ( 7.850000000133332101, 0.9999999996080000120, -11.99999999893333502 ) ) ;
#7734 = ORIENTED_EDGE ( 'NONE', *, *, #3659, .T. ) ;
#7735 = LINE ( 'NONE', #2314, #1971 ) ;
#7736 = UNCERTAINTY_MEASURE_WITH_UNIT (LENGTH_MEASURE( 1.000000000000000082E-05 ), #2268, 'distance_accuracy_value', 'NONE');
#7737 = VECTOR ( 'NONE', #7803, 1000.000000000000000 ) ;
#7738 = FACE_OUTER_BOUND ( 'NONE', #7018, .T. ) ;
#7739 = ORIENTED_EDGE ( 'NONE', *, *, #900, .T. ) ;
#7740 = CARTESIAN_POINT ( 'NONE',  ( -0.3500000000000000333, 2.899999999413333640, -11.90000000000000036 ) ) ;
#7741 = EDGE_CURVE ( 'NONE', #3964, #6896, #5647, .T. ) ;
#7742 = EDGE_CURVE ( 'NONE', #2838, #5032, #7429, .T. ) ;
#7743 = DIRECTION ( 'NONE',  ( -0.2876062387870816917, -0.6459741878832665485, 0.7071067811860541896 ) ) ;
#7744 = STYLED_ITEM ( 'NONE', ( #2867 ), #6527 ) ;
#7745 = UNCERTAINTY_MEASURE_WITH_UNIT (LENGTH_MEASURE( 1.000000000000000082E-05 ), #5982, 'distance_accuracy_value', 'NONE');
#7746 = ORIENTED_EDGE ( 'NONE', *, *, #5595, .F. ) ;
#7747 = FILL_AREA_STYLE ('',( #4840 ) ) ;
#7748 = DIRECTION ( 'NONE',  ( 0.000000000000000000, -0.000000000000000000, 1.000000000000000000 ) ) ;
#7749 = CYLINDRICAL_SURFACE ( 'NONE', #2741, 7.000000000000000000 ) ;
#7750 = DIRECTION ( 'NONE',  ( 1.000000000000000000, -8.896017825522087613E-16, 0.000000000000000000 ) ) ;
#7751 = VECTOR ( 'NONE', #3046, 1000.000000000000000 ) ;
#7752 = VERTEX_POINT ( 'NONE', #5602 ) ;
#7753 = EDGE_CURVE ( 'NONE', #7475, #3835, #137, .T. ) ;
#7754 = SURFACE_STYLE_FILL_AREA ( #4603 ) ;
#7755 = ORIENTED_EDGE ( 'NONE', *, *, #3374, .T. ) ;
#7756 = DIRECTION ( 'NONE',  ( 0.000000000000000000, -1.000000000000000000, 0.000000000000000000 ) ) ;
#7757 = FACE_OUTER_BOUND ( 'NONE', #7394, .T. ) ;
#7758 = DIRECTION ( 'NONE',  ( -1.000000000000000000, 0.000000000000000000, 0.000000000000000000 ) ) ;
#7759 =( BOUNDED_SURFACE ( )  B_SPLINE_SURFACE ( 3, 3, ( 
 ( #7096, #4702, #6030, #1059 ),
 ( #3009, #7171, #533, #4236 ),
 ( #7730, #4787, #2272, #7215 ),
 ( #4115, #2311, #5432, #4658 ),
 ( #1109, #3515, #5387, #5947 ),
 ( #1232, #4828, #490, #1762 ),
 ( #1684, #6614, #1192, #4161 ) ),
 .UNSPECIFIED., .F., .F., .F. ) 
 B_SPLINE_SURFACE_WITH_KNOTS ( ( 4, 3, 4 ),
 ( 4, 4 ),
 ( 0.000000000000000000, 0.5000000000000000000, 1.000000000000000000 ),
 ( 0.000000000000000000, 1.000000000000000000 ),
 .UNSPECIFIED. ) 
 GEOMETRIC_REPRESENTATION_ITEM ( )  RATIONAL_B_SPLINE_SURFACE ( (
 ( 1.000000000000000000, 0.3333333333333330373, 0.3333333333333330373, 1.000000000000000000),
 ( 0.7805883148851618936, 0.2601961049617209643, 0.2601961049617209643, 0.7805883148851618936),
 ( 0.7805883148851618936, 0.2601961049617209643, 0.2601961049617209643, 0.7805883148851618936),
 ( 1.000000000000000000, 0.3333333333333330373, 0.3333333333333330373, 1.000000000000000000),
 ( 0.7805883148851618936, 0.2601961049617209643, 0.2601961049617209643, 0.7805883148851618936),
 ( 0.7805883148851618936, 0.2601961049617209643, 0.2601961049617209643, 0.7805883148851618936),
 ( 1.000000000000000000, 0.3333333333333330373, 0.3333333333333330373, 1.000000000000000000) ) ) 
 REPRESENTATION_ITEM ( '' )  SURFACE ( )  );
#7760 = LINE ( 'NONE', #1830, #7365 ) ;
#7761 = DIRECTION ( 'NONE',  ( 0.000000000000000000, -1.000000000000000000, 0.000000000000000000 ) ) ;
#7762 = STYLED_ITEM ( 'NONE', ( #596 ), #7051 ) ;
#7763 = LINE ( 'NONE', #3541, #1933 ) ;
#7764 = CARTESIAN_POINT ( 'NONE',  ( 9.199999999999999289, 10.44500000000000028, -11.90000000000000036 ) ) ;
#7765 = ORIENTED_EDGE ( 'NONE', *, *, #5358, .T. ) ;
#7766 = VERTEX_POINT ( 'NONE', #719 ) ;
#7767 = FACE_OUTER_BOUND ( 'NONE', #2388, .T. ) ;
#7768 = CARTESIAN_POINT ( 'NONE',  ( 3.743951986000000343, 6.150351843000000152, -10.25000000000000000 ) ) ;
#7769 = DIRECTION ( 'NONE',  ( 0.000000000000000000, 0.000000000000000000, 1.000000000000000000 ) ) ;
#7770 = FACE_OUTER_BOUND ( 'NONE', #5232, .T. ) ;
#7771 = ORIENTED_EDGE ( 'NONE', *, *, #6617, .F. ) ;
#7772 = DIRECTION ( 'NONE',  ( -0.000000000000000000, -0.000000000000000000, -1.000000000000000000 ) ) ;
#7773 = ORIENTED_EDGE ( 'NONE', *, *, #49, .T. ) ;
#7774 = LINE ( 'NONE', #6739, #4601 ) ;
#7775 = EDGE_CURVE ( 'NONE', #6741, #6002, #5770, .T. ) ;
#7776 = EDGE_CURVE ( 'NONE', #4874, #3692, #4415, .T. ) ;
#7777 = VECTOR ( 'NONE', #5028, 1000.000000000000000 ) ;
#7778 = VECTOR ( 'NONE', #6594, 1000.000000000000114 ) ;
#7779 = ORIENTED_EDGE ( 'NONE', *, *, #324, .T. ) ;
#7780 = CARTESIAN_POINT ( 'NONE',  ( 7.849999999999999645, 0.3999999979900000779, -13.75000000000000000 ) ) ;
#7781 = CARTESIAN_POINT ( 'NONE',  ( 0.000000000000000000, 8.724999999999999645, -13.95000000000000107 ) ) ;
#7782 = PLANE ( 'NONE',  #892 ) ;
#7783 = ORIENTED_EDGE ( 'NONE', *, *, #6658, .F. ) ;
#7784 = LINE ( 'NONE', #1163, #5649 ) ;
#7785 = SURFACE_STYLE_USAGE ( .BOTH. , #4127 ) ;
#7786 = CARTESIAN_POINT ( 'NONE',  ( -0.2999999999177193621, 5.758380151257150636, -5.125000000000000000 ) ) ;
#7787 = MECHANICAL_DESIGN_GEOMETRIC_PRESENTATION_REPRESENTATION (  '', ( #5637 ), #5503 ) ;
#7788 = VECTOR ( 'NONE', #7185, 1000.000000000000000 ) ;
#7789 = DIRECTION ( 'NONE',  ( 1.000000000000000000, 0.000000000000000000, 0.000000000000000000 ) ) ;
#7790 = EDGE_CURVE ( 'NONE', #2753, #5218, #6240, .T. ) ;
#7791 = EDGE_CURVE ( 'NONE', #5227, #4190, #5242, .T. ) ;
#7792 = VERTEX_POINT ( 'NONE', #3294 ) ;
#7793 = LINE ( 'NONE', #5887, #3518 ) ;
#7794 = CIRCLE ( 'NONE', #1986, 0.2999999999999990452 ) ;
#7795 = CARTESIAN_POINT ( 'NONE',  ( -7.859999999999998543, 1.000000000000000000, -8.875000000000001776 ) ) ;
#7796 = ORIENTED_EDGE ( 'NONE', *, *, #2232, .F. ) ;
#7797 = DIRECTION ( 'NONE',  ( 0.000000000000000000, 1.000000000000000000, 0.000000000000000000 ) ) ;
#7798 = AXIS2_PLACEMENT_3D ( 'NONE', #1334, #7191, #556 ) ;
#7799 = ADVANCED_FACE ( 'NONE', ( #2633 ), #2674, .T. ) ;
#7800 = DIRECTION ( 'NONE',  ( 0.6156614756949898570, -0.7880107533181684998, 0.000000000000000000 ) ) ;
#7801 = PLANE ( 'NONE',  #7850 ) ;
#7802 = CYLINDRICAL_SURFACE ( 'NONE', #6436, 0.2999999999999990452 ) ;
#7803 = DIRECTION ( 'NONE',  ( 1.000000000000000000, 0.000000000000000000, 0.000000000000000000 ) ) ;
#7804 = LINE ( 'NONE', #2885, #6053 ) ;
#7805 = ORIENTED_EDGE ( 'NONE', *, *, #5940, .F. ) ;
#7806 = CIRCLE ( 'NONE', #2493, 5.850000000000000533 ) ;
#7807 = ORIENTED_EDGE ( 'NONE', *, *, #6290, .T. ) ;
#7808 = CARTESIAN_POINT ( 'NONE',  ( 0.000000000000000000, 10.00000000000000000, 0.000000000000000000 ) ) ;
#7809 = SURFACE_STYLE_USAGE ( .BOTH. , #2717 ) ;
#7810 = PLANE ( 'NONE',  #3429 ) ;
#7811 = VECTOR ( 'NONE', #5929, 1000.000000000000000 ) ;
#7812 = FILL_AREA_STYLE_COLOUR ( '', #331 ) ;
#7813 = EDGE_LOOP ( 'NONE', ( #6898, #4692, #971, #2085 ) ) ;
#7814 = LINE ( 'NONE', #7213, #4611 ) ;
#7815 = ORIENTED_EDGE ( 'NONE', *, *, #7212, .T. ) ;
#7816 = LINE ( 'NONE', #5306, #2068 ) ;
#7817 = ORIENTED_EDGE ( 'NONE', *, *, #2779, .F. ) ;
#7818 = AXIS2_PLACEMENT_3D ( 'NONE', #1584, #6995, #1616 ) ;
#7819 = EDGE_CURVE ( 'NONE', #4815, #635, #3927, .T. ) ;
#7820 = ORIENTED_EDGE ( 'NONE', *, *, #4134, .F. ) ;
#7821 = CARTESIAN_POINT ( 'NONE',  ( -4.646127622499998999, 8.533023539999996743, 0.000000000000000000 ) ) ;
#7822 = FILL_AREA_STYLE_COLOUR ( '', #1653 ) ;
#7823 = ORIENTED_EDGE ( 'NONE', *, *, #992, .F. ) ;
#7824 = UNCERTAINTY_MEASURE_WITH_UNIT (LENGTH_MEASURE( 1.000000000000000082E-05 ), #4186, 'distance_accuracy_value', 'NONE');
#7825 = EDGE_LOOP ( 'NONE', ( #6705, #4845, #1633, #3371, #5693, #2651 ) ) ;
#7826 = FACE_OUTER_BOUND ( 'NONE', #1393, .T. ) ;
#7827 = CARTESIAN_POINT ( 'NONE',  ( -5.000000000000000000, 10.24000000000000021, -13.35000000000000320 ) ) ;
#7828 = VECTOR ( 'NONE', #6603, 1000.000000000000000 ) ;
#7829 = DIRECTION ( 'NONE',  ( -0.6560590291938338536, -0.7547095800460228432, -0.000000000000000000 ) ) ;
#7830 = CARTESIAN_POINT ( 'NONE',  ( -2.296206600999999736, 7.358516468999998672, -10.25000000000000000 ) ) ;
#7831 = VERTEX_POINT ( 'NONE', #3368 ) ;
#7832 = VECTOR ( 'NONE', #1704, 1000.000000000000000 ) ;
#7833 = LINE ( 'NONE', #3653, #4307 ) ;
#7834 = ADVANCED_FACE ( 'NONE', ( #325 ), #2864, .F. ) ;
#7835 = ORIENTED_EDGE ( 'NONE', *, *, #7515, .T. ) ;
#7836 = LINE ( 'NONE', #6676, #4363 ) ;
#7837 = DIRECTION ( 'NONE',  ( 0.000000000000000000, 1.000000000000000000, 0.000000000000000000 ) ) ;
#7838 = VECTOR ( 'NONE', #1560, 1000.000000000000000 ) ;
#7839 = COLOUR_RGB ( '',0.7529411764705882248, 0.7529411764705882248, 0.7529411764705882248 ) ;
#7840 = SURFACE_STYLE_FILL_AREA ( #4141 ) ;
#7841 = FACE_OUTER_BOUND ( 'NONE', #3852, .T. ) ;
#7842 = PLANE ( 'NONE',  #317 ) ;
#7843 = VERTEX_POINT ( 'NONE', #5874 ) ;
#7844 = ADVANCED_FACE ( 'NONE', ( #404 ), #450, .T. ) ;
#7845 = VECTOR ( 'NONE', #1071, 1000.000000000000000 ) ;
#7846 = EDGE_CURVE ( 'NONE', #6775, #1854, #7303, .T. ) ;
#7847 = VERTEX_POINT ( 'NONE', #1821 ) ;
#7848 = DIRECTION ( 'NONE',  ( 0.7547095800460230652, 0.6560590291938337426, -0.000000000000000000 ) ) ;
#7849 = DIRECTION ( 'NONE',  ( 0.000000000000000000, 0.000000000000000000, -1.000000000000000000 ) ) ;
#7850 = AXIS2_PLACEMENT_3D ( 'NONE', #2376, #7761, #1217 ) ;
#7851 = VECTOR ( 'NONE', #5903, 1000.000000000000000 ) ;
#7852 = VERTEX_POINT ( 'NONE', #6668 ) ;
#7853 = LINE ( 'NONE', #5984, #2484 ) ;
#7854 = ORIENTED_EDGE ( 'NONE', *, *, #952, .F. ) ;
#7855 = LINE ( 'NONE', #2428, #1806 ) ;
#7856 = VERTEX_POINT ( 'NONE', #7187 ) ;
#7857 = ORIENTED_EDGE ( 'NONE', *, *, #2143, .T. ) ;
#7858 = FACE_OUTER_BOUND ( 'NONE', #6305, .T. ) ;
#7859 = MECHANICAL_DESIGN_GEOMETRIC_PRESENTATION_REPRESENTATION (  '', ( #5717 ), #6576 ) ;
#7860 = CARTESIAN_POINT ( 'NONE',  ( -2.353872377500000113, 11.46697645999999970, 0.000000000000000000 ) ) ;
#7861 = AXIS2_PLACEMENT_3D ( 'NONE', #5610, #223, #5569 ) ;
#7862 = EDGE_LOOP ( 'NONE', ( #4704, #791, #7866, #645 ) ) ;
#7863 = CARTESIAN_POINT ( 'NONE',  ( -2.913209908261340519, 5.663661386088103988, -15.50000000000000000 ) ) ;
#7864 = CARTESIAN_POINT ( 'NONE',  ( -3.819878884999999169, 11.90993944300000074, -13.66820397600000092 ) ) ;
#7865 = ORIENTED_EDGE ( 'NONE', *, *, #5219, .T. ) ;
#7866 = ORIENTED_EDGE ( 'NONE', *, *, #4537, .T. ) ;
#7867 = ORIENTED_EDGE ( 'NONE', *, *, #3962, .F. ) ;
#7868 = LINE ( 'NONE', #7260, #1955 ) ;
#7869 = CIRCLE ( 'NONE', #4947, 7.000000000000000000 ) ;
#7870 = DIRECTION ( 'NONE',  ( -0.7547095800460240644, -0.6560590291938325214, 0.000000000000000000 ) ) ;
#7871 =( NAMED_UNIT ( * ) PLANE_ANGLE_UNIT ( ) SI_UNIT ( $, .RADIAN. ) );
#7872 = VERTEX_POINT ( 'NONE', #5525 ) ;
#7873 = AXIS2_PLACEMENT_3D ( 'NONE', #3963, #5182, #5727 ) ;
#7874 = CARTESIAN_POINT ( 'NONE',  ( -6.850000000000000533, 4.750000000000000000, -13.75000000000000000 ) ) ;
#7875 = FILL_AREA_STYLE_COLOUR ( '', #3638 ) ;
#7876 = ORIENTED_EDGE ( 'NONE', *, *, #2987, .T. ) ;
#7877 = FILL_AREA_STYLE_COLOUR ( '', #2344 ) ;
#7878 = EDGE_CURVE ( 'NONE', #4480, #3715, #3726, .T. ) ;
#7879 = VECTOR ( 'NONE', #7769, 1000.000000000000000 ) ;
#7880 = EDGE_CURVE ( 'NONE', #3776, #3031, #1246, .T. ) ;
#7881 = FILL_AREA_STYLE ('',( #2034 ) ) ;
#7882 = CARTESIAN_POINT ( 'NONE',  ( -7.850000000133332101, 0.9999999996080000120, -13.35000000013333299 ) ) ;
#7883 =( GEOMETRIC_REPRESENTATION_CONTEXT ( 3 ) GLOBAL_UNCERTAINTY_ASSIGNED_CONTEXT ( ( #6538 ) ) GLOBAL_UNIT_ASSIGNED_CONTEXT ( ( #2880, #7154, #3425 ) ) REPRESENTATION_CONTEXT ( 'NONE', 'WORKASPACE' ) );
#7884 = LINE ( 'NONE', #612, #4685 ) ;
#7885 = ORIENTED_EDGE ( 'NONE', *, *, #1142, .T. ) ;
#7886 = CARTESIAN_POINT ( 'NONE',  ( 0.000000000000000000, 11.62345071384401329, -13.95000000000000107 ) ) ;
ENDSEC;
END-ISO-10303-21;
